// Auto-generated glyph data - do not edit (sig_ui.cpp only).
#pragma once
#include "signal_fonts.h"
// --- disp 500 normal 15px  (101 glyphs, 4766 bytes)
static const sig_glyph_t sigf_0_gl[] = {
  {0,0,0,0,0,3},
  {0,4,11,0,-11,4},
  {22,6,11,0,-11,6},
  {55,9,12,0,-11,9},
  {115,8,12,0,-11,8},
  {163,14,12,0,-11,14},
  {247,11,12,0,-11,11},
  {319,3,11,0,-11,3},
  {341,5,15,0,-12,5},
  {386,5,15,0,-12,5},
  {431,6,11,0,-11,6},
  {464,9,8,0,-8,9},
  {504,4,5,0,-2,4},
  {514,5,5,0,-5,5},
  {529,4,2,0,-2,4},
  {533,5,13,0,-12,4},
  {572,9,12,0,-11,9},
  {632,8,11,0,-11,8},
  {676,9,11,0,-11,9},
  {731,9,12,0,-11,9},
  {791,8,11,0,-11,8},
  {835,9,12,0,-11,9},
  {895,9,12,0,-11,9},
  {955,8,11,0,-11,8},
  {999,9,12,0,-11,9},
  {1059,9,12,0,-11,9},
  {1119,5,8,0,-8,5},
  {1143,5,11,0,-8,5},
  {1176,9,8,0,-8,9},
  {1216,9,7,0,-7,9},
  {1251,9,8,0,-8,9},
  {1291,9,11,0,-11,9},
  {1346,15,14,0,-11,15},
  {1458,11,11,0,-11,10},
  {1524,11,11,0,-11,11},
  {1590,11,12,0,-11,11},
  {1662,11,11,0,-11,11},
  {1728,10,11,0,-11,10},
  {1783,9,11,0,-11,9},
  {1838,12,12,0,-11,12},
  {1910,11,11,0,-11,11},
  {1976,4,11,0,-11,4},
  {1998,9,12,0,-11,9},
  {2058,10,11,0,-11,10},
  {2113,9,11,0,-11,8},
  {2168,13,11,0,-11,13},
  {2245,11,11,0,-11,11},
  {2311,12,12,0,-11,12},
  {2383,10,11,0,-11,10},
  {2438,12,13,0,-11,12},
  {2516,11,11,0,-11,11},
  {2582,10,12,0,-11,10},
  {2642,9,11,0,-11,9},
  {2697,11,12,0,-11,11},
  {2769,10,11,0,-11,10},
  {2824,14,11,0,-11,14},
  {2901,11,11,0,-11,10},
  {2967,10,11,0,-11,10},
  {3022,10,11,0,-11,10},
  {3077,5,15,0,-12,5},
  {3122,5,13,0,-12,4},
  {3161,5,15,0,-12,5},
  {3206,9,11,0,-11,9},
  {3261,8,3,0,0,7},
  {3273,3,11,0,-11,3},
  {3295,9,10,0,-9,8},
  {3345,9,12,0,-11,9},
  {3405,8,10,0,-9,8},
  {3445,9,12,0,-11,9},
  {3505,8,10,0,-9,8},
  {3545,5,11,0,-11,4},
  {3578,9,13,0,-10,9},
  {3643,9,11,0,-11,9},
  {3698,4,11,0,-11,4},
  {3720,5,14,-1,-11,4},
  {3762,8,11,0,-11,8},
  {3806,4,11,0,-11,4},
  {3828,13,9,0,-9,13},
  {3891,9,9,0,-9,9},
  {3936,9,10,0,-9,9},
  {3986,9,12,0,-9,9},
  {4046,9,12,0,-9,9},
  {4106,6,9,0,-9,5},
  {4133,8,10,0,-9,8},
  {4173,5,12,0,-11,5},
  {4209,9,9,0,-8,9},
  {4254,8,8,0,-8,8},
  {4286,11,8,0,-8,11},
  {4334,8,8,0,-8,8},
  {4366,8,11,0,-8,8},
  {4410,8,8,0,-8,8},
  {4442,6,15,0,-12,6},
  {4487,4,14,0,-11,4},
  {4515,6,15,0,-12,6},
  {4560,9,6,0,-6,9},
  {4590,5,7,0,-7,5},
  {4611,15,5,0,-5,15},
  {4651,14,2,0,-2,14},
  {4665,6,8,0,-8,6},
  {4689,10,11,0,-11,10},
  {4744,4,11,0,-11,4},
};
static const char sigf_0_ch[] = " !\"#$%&'()*+,-./0123456789:;<=>?@ABCDEFGHIJKLMNOPQRSTUVWXYZ[\\]^_`abcdefghijklmnopqrstuvwxyz{|}~·—…•→’";
static const uint8_t sigf_0_bmp[] = {
  0x03,0x40,0x0c,0xf0,0x0b,0xe0,0x0a,0xd0,0x09,0xd0,0x08,0xc0,0x07,0xb0,0x06,0xa0,0x01,0x20,0x08,0xb0,0x0b,0xf0,0x04,0x22,0x41,0x1f,0x86,0xf3,0x1f,0x86,0xf3,0x0f,
  0x65,0xf2,0x0c,0x33,0xd0,0x00,0x00,0x00,0x00,0x00,0x00,0x00,0x00,0x00,0x00,0x00,0x00,0x00,0x00,0x00,0x00,0x00,0x00,0x00,0x06,0x30,0x36,0x00,0x00,0x0f,0x40,0xaa,
  0x00,0x00,0x4f,0x10,0xe7,0x00,0x05,0xaf,0x56,0xf8,0x20,0x0e,0xff,0xef,0xfe,0x50,0x00,0xe7,0x08,0xd0,0x00,0x02,0xf3,0x0c,0x90,0x00,0x9e,0xfe,0xef,0xfa,0x00,0x4b,
  0xd6,0x8f,0x74,0x00,0x0c,0x90,0x6f,0x00,0x00,0x0f,0x60,0x9b,0x00,0x00,0x03,0x00,0x21,0x00,0x00,0x00,0x05,0x40,0x00,0x00,0x08,0x70,0x00,0x07,0xff,0xff,0x60,0x2f,
  0x80,0x0b,0xf0,0x2f,0xb2,0x01,0x30,0x07,0xff,0xe9,0x20,0x00,0x15,0xaf,0xe1,0x4a,0x10,0x06,0xf4,0x3f,0xb4,0x5c,0xf1,0x05,0xcf,0xfc,0x40,0x00,0x06,0x50,0x00,0x00,
  0x04,0x40,0x00,0x00,0x37,0x50,0x00,0x00,0x32,0x00,0x04,0xf9,0xda,0x00,0x04,0xe1,0x00,0x09,0xb0,0x4f,0x00,0x1e,0x40,0x00,0x0a,0xa0,0x3f,0x00,0xb9,0x00,0x00,0x07,
  0xd1,0x8e,0x07,0xd0,0x00,0x00,0x00,0xae,0xd4,0x3f,0x20,0x31,0x00,0x00,0x00,0x00,0xd6,0x2e,0xcf,0x70,0x00,0x00,0x0a,0xa0,0x9b,0x06,0xe0,0x00,0x00,0x5d,0x00,0xa9,
  0x04,0xf0,0x00,0x02,0xe3,0x00,0x9c,0x06,0xe0,0x00,0x0c,0x70,0x00,0x2e,0xdf,0x70,0x00,0x00,0x00,0x00,0x00,0x21,0x00,0x00,0x05,0x76,0x30,0x00,0x00,0x03,0xef,0xde,
  0xfc,0x10,0x00,0x0d,0xe2,0x00,0x4f,0x90,0x00,0x0f,0xa0,0x00,0x09,0x70,0x00,0x0b,0xe2,0x00,0x00,0x00,0x00,0x00,0xbf,0xe7,0x0b,0xdd,0x00,0x09,0xf9,0x63,0x0d,0xd6,
  0x00,0x2f,0x80,0x00,0x0d,0xb0,0x00,0x3f,0x70,0x00,0x0e,0xb0,0x00,0x0e,0xe5,0x22,0x9f,0x60,0x00,0x02,0xbf,0xff,0xf7,0x00,0x00,0x00,0x01,0x22,0x00,0x00,0x00,0x04,
  0x20,0x1f,0x80,0x1f,0x80,0x0f,0x60,0x0c,0x30,0x00,0x00,0x00,0x00,0x00,0x00,0x00,0x00,0x00,0x00,0x00,0x00,0x00,0x00,0x00,0x00,0x0c,0x50,0x00,0x8c,0x00,0x01,0xf5,
  0x00,0x07,0xf0,0x00,0x0b,0xb0,0x00,0x0e,0x90,0x00,0x0f,0x80,0x00,0x0f,0x80,0x00,0x0c,0xb0,0x00,0x08,0xe0,0x00,0x03,0xf3,0x00,0x00,0xba,0x00,0x00,0x1e,0x20,0x00,
  0x03,0x30,0x00,0x00,0x00,0x1d,0x20,0x00,0x07,0xd0,0x00,0x00,0xf6,0x00,0x00,0xac,0x00,0x00,0x6f,0x10,0x00,0x4f,0x30,0x00,0x3f,0x40,0x00,0x3f,0x40,0x00,0x5f,0x20,
  0x00,0x9e,0x00,0x00,0xe8,0x00,0x04,0xf1,0x00,0x0c,0x60,0x00,0x15,0x00,0x00,0x00,0x22,0x00,0x02,0x68,0x20,0x3e,0xbb,0xe4,0x04,0xff,0x50,0x3d,0x89,0xc5,0x00,0x78,
  0x00,0x00,0x00,0x00,0x00,0x00,0x00,0x00,0x00,0x00,0x00,0x00,0x00,0x00,0x00,0x00,0x00,0x00,0x93,0x00,0x00,0x00,0x00,0xe5,0x00,0x00,0x00,0x00,0xe5,0x00,0x00,0x06,
  0x77,0xfa,0x77,0x20,0x0a,0xdd,0xfe,0xdd,0x30,0x00,0x00,0xe5,0x00,0x00,0x00,0x00,0xe5,0x00,0x00,0x00,0x00,0xe5,0x00,0x00,0x08,0xb0,0x0b,0xf0,0x00,0xd0,0x07,0x70,
  0x02,0x00,0x5c,0xcc,0x50,0x4b,0xbb,0x40,0x00,0x00,0x00,0x00,0x00,0x00,0x00,0x00,0x00,0x08,0xb0,0x0b,0xf0,0x00,0x00,0x00,0x00,0x0e,0x40,0x00,0x2f,0x00,0x00,0x7b,
  0x00,0x00,0xb7,0x00,0x00,0xf3,0x00,0x04,0xe0,0x00,0x08,0xa0,0x00,0x0d,0x50,0x00,0x1f,0x10,0x00,0x6c,0x00,0x00,0xa8,0x00,0x00,0xa3,0x00,0x00,0x00,0x16,0x74,0x00,
  0x00,0x03,0xff,0xdf,0xc0,0x00,0x0c,0xd1,0x05,0xf6,0x00,0x1f,0x80,0x00,0xea,0x00,0x3f,0x60,0x00,0xcd,0x00,0x4f,0x50,0x00,0xcd,0x00,0x4f,0x50,0x00,0xcd,0x00,0x2f,
  0x60,0x00,0xdc,0x00,0x0f,0x90,0x00,0xf9,0x00,0x0a,0xf4,0x29,0xf4,0x00,0x01,0xcf,0xff,0x70,0x00,0x00,0x01,0x20,0x00,0x00,0x00,0x00,0x31,0x00,0x02,0x5b,0xf5,0x00,
  0x0a,0xee,0xf5,0x00,0x00,0x03,0xf5,0x00,0x00,0x03,0xf5,0x00,0x00,0x03,0xf5,0x00,0x00,0x03,0xf5,0x00,0x00,0x03,0xf5,0x00,0x00,0x03,0xf5,0x00,0x03,0x57,0xf8,0x53,
  0x0c,0xff,0xff,0xfb,0x00,0x15,0x75,0x00,0x00,0x04,0xff,0xdf,0xe2,0x00,0x0e,0xd1,0x02,0xfa,0x00,0x1f,0x70,0x00,0xdc,0x00,0x04,0x10,0x02,0xfa,0x00,0x00,0x00,0x1d,
  0xf2,0x00,0x00,0x03,0xef,0x40,0x00,0x00,0x7f,0xd2,0x00,0x00,0x07,0xf9,0x00,0x00,0x00,0x1f,0xe6,0x66,0x65,0x00,0x3f,0xff,0xff,0xfe,0x00,0x00,0x16,0x75,0x00,0x00,
  0x05,0xff,0xdf,0xd1,0x00,0x0f,0xc0,0x03,0xf9,0x00,0x1b,0x50,0x00,0xea,0x00,0x00,0x00,0x05,0xf6,0x00,0x00,0x0b,0xef,0x70,0x00,0x00,0x05,0x7b,0xf4,0x00,0x01,0x00,
  0x00,0xdd,0x00,0x5f,0x40,0x00,0xce,0x00,0x1f,0xc3,0x26,0xf9,0x00,0x04,0xdf,0xff,0xa0,0x00,0x00,0x01,0x20,0x00,0x00,0x00,0x06,0x50,0x00,0x00,0x0f,0x90,0x00,0x00,
  0x5f,0x33,0xa0,0x00,0xbd,0x09,0xa0,0x02,0xf6,0x0d,0xa0,0x09,0xe0,0x0e,0xa0,0x2f,0x60,0x0e,0xa0,0x8f,0xbb,0xbf,0xeb,0x59,0x99,0x9f,0xd9,0x00,0x00,0x0e,0xa0,0x00,
  0x00,0x0e,0xa0,0x02,0x44,0x44,0x41,0x00,0x08,0xff,0xff,0xf5,0x00,0x0a,0xd2,0x22,0x20,0x00,0x0b,0xc0,0x00,0x00,0x00,0x0c,0xb7,0xa9,0x30,0x00,0x0d,0xfd,0x9e,0xf4,
  0x00,0x06,0x70,0x01,0xec,0x00,0x03,0x10,0x00,0xbe,0x00,0x3f,0x70,0x00,0xdd,0x00,0x0d,0xe4,0x28,0xf7,0x00,0x02,0xcf,0xff,0x90,0x00,0x00,0x01,0x20,0x00,0x00,0x00,
  0x05,0x75,0x00,0x00,0x02,0xef,0xdf,0xd0,0x00,0x0a,0xe1,0x04,0xf7,0x00,0x0f,0x80,0x00,0xb6,0x00,0x2f,0x65,0x98,0x30,0x00,0x3f,0xed,0xae,0xf5,0x00,0x3f,0xd0,0x01,
  0xec,0x00,0x2f,0x80,0x00,0xaf,0x00,0x0f,0x90,0x00,0xce,0x00,0x09,0xf5,0x27,0xf8,0x00,0x00,0xbf,0xff,0x90,0x00,0x00,0x01,0x21,0x00,0x00,0x14,0x44,0x44,0x44,0x6f,
  0xff,0xff,0xfe,0x02,0x22,0x27,0xf4,0x00,0x00,0x2f,0x80,0x00,0x00,0xbd,0x00,0x00,0x05,0xf4,0x00,0x00,0x0c,0xc0,0x00,0x00,0x3f,0x60,0x00,0x00,0x7f,0x10,0x00,0x00,
  0xbf,0x00,0x00,0x00,0xce,0x00,0x00,0x00,0x16,0x75,0x00,0x00,0x05,0xff,0xdf,0xd1,0x00,0x0e,0xc0,0x03,0xf8,0x00,0x0f,0x80,0x00,0xfa,0x00,0x0c,0xd1,0x04,0xf6,0x00,
  0x02,0xef,0xef,0xa0,0x00,0x0b,0xf8,0x6a,0xf5,0x00,0x3f,0x60,0x00,0xdd,0x00,0x4f,0x50,0x00,0xbe,0x00,0x1f,0xd3,0x16,0xf9,0x00,0x04,0xef,0xff,0xb1,0x00,0x00,0x02,
  0x21,0x00,0x00,0x00,0x26,0x74,0x00,0x00,0x06,0xfe,0xdf,0xb0,0x00,0x1f,0xb0,0x05,0xf6,0x00,0x5f,0x50,0x00,0xeb,0x00,0x5f,0x50,0x00,0xed,0x00,0x1f,0xc1,0x07,0xfd,
  0x00,0x06,0xff,0xfd,0xdd,0x00,0x00,0x14,0x40,0xdb,0x00,0x0f,0xa0,0x00,0xf8,0x00,0x0b,0xf4,0x2a,0xf2,0x00,0x02,0xdf,0xff,0x60,0x00,0x00,0x02,0x20,0x00,0x00,0x06,
  0xe2,0x00,0x06,0xd2,0x00,0x00,0x00,0x00,0x00,0x00,0x00,0x00,0x00,0x00,0x00,0x00,0x00,0x05,0xb2,0x00,0x07,0xf3,0x00,0x06,0xe2,0x00,0x06,0xd2,0x00,0x00,0x00,0x00,
  0x00,0x00,0x00,0x00,0x00,0x00,0x00,0x00,0x00,0x05,0xb2,0x00,0x07,0xf3,0x00,0x00,0xb2,0x00,0x04,0xb0,0x00,0x02,0x00,0x00,0x00,0x00,0x00,0x06,0x10,0x00,0x00,0x28,
  0xef,0x10,0x00,0x4b,0xfd,0x71,0x00,0x0d,0xfa,0x30,0x00,0x00,0x0f,0xd5,0x00,0x00,0x00,0x02,0x9f,0xe8,0x20,0x00,0x00,0x00,0x6d,0xfc,0x10,0x00,0x00,0x00,0x4a,0x10,
  0x00,0x00,0x00,0x00,0x00,0x0d,0xff,0xff,0xff,0x40,0x03,0x44,0x44,0x44,0x10,0x00,0x00,0x00,0x00,0x00,0x0b,0xdd,0xdd,0xdd,0x30,0x05,0x66,0x66,0x66,0x10,0x00,0x00,
  0x00,0x00,0x00,0x05,0x20,0x00,0x00,0x00,0x0a,0xfb,0x40,0x00,0x00,0x00,0x4a,0xfe,0x71,0x00,0x00,0x00,0x17,0xdf,0x50,0x00,0x00,0x02,0x9f,0x60,0x00,0x06,0xcf,0xc5,
  0x00,0x07,0xff,0x92,0x00,0x00,0x08,0x71,0x00,0x00,0x00,0x00,0x15,0x75,0x10,0x00,0x03,0xef,0xff,0xe3,0x00,0x0d,0xe2,0x03,0xfb,0x00,0x0f,0x90,0x00,0xec,0x00,0x01,
  0x00,0x05,0xf8,0x00,0x00,0x00,0x6f,0xc0,0x00,0x00,0x02,0xfa,0x00,0x00,0x00,0x05,0xf2,0x00,0x00,0x00,0x01,0x30,0x00,0x00,0x00,0x05,0xb2,0x00,0x00,0x00,0x07,0xf3,
  0x00,0x00,0x00,0x00,0x03,0x67,0x65,0x10,0x00,0x00,0x00,0x07,0xec,0x98,0x8b,0xeb,0x20,0x00,0x00,0xbc,0x20,0x00,0x00,0x08,0xe2,0x00,0x07,0xc0,0x03,0xac,0xb6,0x00,
  0x8b,0x00,0x0e,0x40,0x1f,0xa5,0x8f,0x40,0x1f,0x10,0x2f,0x00,0x17,0x10,0x0f,0x70,0x0d,0x40,0x4d,0x00,0x02,0x8b,0xcf,0x70,0x0c,0x40,0x4d,0x00,0x3f,0xa5,0x4f,0x70,
  0x0e,0x20,0x2e,0x00,0x8f,0x00,0x2f,0x70,0x4d,0x00,0x0e,0x20,0x6f,0x98,0xde,0xc8,0xe4,0x00,0x08,0xb0,0x06,0xa9,0x33,0xa9,0x20,0x00,0x00,0xca,0x20,0x00,0x00,0x00,
  0x00,0x00,0x00,0x08,0xed,0xbb,0xde,0x00,0x00,0x00,0x00,0x00,0x02,0x44,0x20,0x00,0x00,0x00,0x00,0x00,0x44,0x10,0x00,0x00,0x00,0x03,0xff,0x90,0x00,0x00,0x00,0x09,
  0xfb,0xf0,0x00,0x00,0x00,0x0f,0xa5,0xf5,0x00,0x00,0x00,0x5f,0x40,0xfc,0x00,0x00,0x00,0xce,0x00,0x9f,0x20,0x00,0x02,0xf8,0x00,0x3f,0x80,0x00,0x08,0xfd,0xdd,0xdf,
  0xe0,0x00,0x0e,0xd9,0x99,0x9b,0xf5,0x00,0x5f,0x60,0x00,0x01,0xfb,0x00,0xbf,0x00,0x00,0x00,0xaf,0x20,0x03,0x44,0x44,0x43,0x00,0x00,0x0c,0xff,0xff,0xff,0xc0,0x00,
  0x0c,0xe2,0x22,0x2a,0xf7,0x00,0x0c,0xe0,0x00,0x03,0xf8,0x00,0x0c,0xe0,0x00,0x08,0xf3,0x00,0x0c,0xff,0xff,0xff,0x60,0x00,0x0c,0xf6,0x66,0x7b,0xf4,0x00,0x0c,0xe0,
  0x00,0x00,0xfc,0x00,0x0c,0xe0,0x00,0x00,0xfd,0x00,0x0c,0xf7,0x77,0x7b,0xf8,0x00,0x0c,0xff,0xff,0xfe,0x90,0x00,0x00,0x01,0x57,0x63,0x00,0x00,0x00,0x8f,0xff,0xff,
  0xc1,0x00,0x07,0xfb,0x20,0x07,0xfb,0x00,0x0e,0xd0,0x00,0x00,0xaf,0x10,0x2f,0x90,0x00,0x00,0x37,0x10,0x4f,0x70,0x00,0x00,0x00,0x00,0x4f,0x70,0x00,0x00,0x00,0x00,
  0x2f,0x90,0x00,0x00,0x5b,0x20,0x0d,0xf1,0x00,0x00,0xbf,0x10,0x04,0xfe,0x64,0x5b,0xf9,0x00,0x00,0x4d,0xff,0xfe,0x70,0x00,0x00,0x00,0x12,0x20,0x00,0x00,0x03,0x44,
  0x44,0x20,0x00,0x00,0x0c,0xff,0xff,0xfe,0x50,0x00,0x0c,0xe2,0x22,0x5d,0xf5,0x00,0x0c,0xe0,0x00,0x01,0xfd,0x00,0x0c,0xe0,0x00,0x00,0xaf,0x20,0x0c,0xe0,0x00,0x00,
  0x8f,0x30,0x0c,0xe0,0x00,0x00,0x8f,0x30,0x0c,0xe0,0x00,0x00,0xbf,0x10,0x0c,0xe0,0x00,0x03,0xfc,0x00,0x0c,0xf7,0x77,0xaf,0xf2,0x00,0x0c,0xff,0xff,0xe9,0x20,0x00,
  0x03,0x44,0x44,0x44,0x40,0x0c,0xff,0xff,0xff,0xf3,0x0c,0xe2,0x22,0x22,0x20,0x0c,0xe0,0x00,0x00,0x00,0x0c,0xe0,0x00,0x00,0x00,0x0c,0xff,0xff,0xff,0x80,0x0c,0xf7,
  0x77,0x77,0x30,0x0c,0xe0,0x00,0x00,0x00,0x0c,0xe0,0x00,0x00,0x00,0x0c,0xf7,0x77,0x77,0x72,0x0c,0xff,0xff,0xff,0xf4,0x03,0x44,0x44,0x44,0x20,0x0c,0xff,0xff,0xff,
  0x90,0x0c,0xe2,0x22,0x22,0x10,0x0c,0xe0,0x00,0x00,0x00,0x0c,0xe0,0x00,0x00,0x00,0x0c,0xfd,0xdd,0xdd,0x00,0x0c,0xfa,0xaa,0xaa,0x00,0x0c,0xe0,0x00,0x00,0x00,0x0c,
  0xe0,0x00,0x00,0x00,0x0c,0xe0,0x00,0x00,0x00,0x0c,0xe0,0x00,0x00,0x00,0x00,0x00,0x47,0x75,0x10,0x00,0x00,0x6f,0xff,0xff,0xf7,0x00,0x05,0xfc,0x30,0x02,0xbf,0x60,
  0x0d,0xf1,0x00,0x00,0x1f,0xb0,0x1f,0xa0,0x00,0x00,0x03,0x20,0x2f,0x80,0x02,0x77,0x77,0x50,0x2f,0x90,0x05,0xff,0xff,0xc0,0x0f,0xb0,0x00,0x00,0x0e,0xc0,0x0c,0xf2,
  0x00,0x00,0x4f,0xc0,0x03,0xfe,0x74,0x48,0xff,0xc0,0x00,0x3c,0xff,0xff,0x88,0xc0,0x00,0x00,0x12,0x20,0x00,0x00,0x03,0x40,0x00,0x00,0x43,0x00,0x0c,0xe0,0x00,0x00,
  0xec,0x00,0x0c,0xe0,0x00,0x00,0xec,0x00,0x0c,0xe0,0x00,0x00,0xec,0x00,0x0c,0xe0,0x00,0x00,0xec,0x00,0x0c,0xff,0xff,0xff,0xfc,0x00,0x0c,0xf7,0x77,0x77,0xfc,0x00,
  0x0c,0xe0,0x00,0x00,0xec,0x00,0x0c,0xe0,0x00,0x00,0xec,0x00,0x0c,0xe0,0x00,0x00,0xec,0x00,0x0c,0xe0,0x00,0x00,0xec,0x00,0x03,0x40,0x0c,0xe0,0x0c,0xe0,0x0c,0xe0,
  0x0c,0xe0,0x0c,0xe0,0x0c,0xe0,0x0c,0xe0,0x0c,0xe0,0x0c,0xe0,0x0c,0xe0,0x00,0x00,0x01,0x41,0x00,0x00,0x00,0x04,0xf6,0x00,0x00,0x00,0x04,0xf6,0x00,0x00,0x00,0x04,
  0xf6,0x00,0x00,0x00,0x04,0xf6,0x00,0x00,0x00,0x04,0xf6,0x00,0x00,0x00,0x04,0xf6,0x00,0x25,0x00,0x04,0xf6,0x00,0x7f,0x30,0x06,0xf4,0x00,0x3f,0xc4,0x5e,0xe0,0x00,
  0x06,0xff,0xfe,0x40,0x00,0x00,0x02,0x20,0x00,0x00,0x03,0x40,0x00,0x01,0x43,0x0c,0xe0,0x00,0x1d,0xe2,0x0c,0xe0,0x01,0xdf,0x30,0x0c,0xe0,0x1c,0xf3,0x00,0x0c,0xe0,
  0xcf,0x40,0x00,0x0c,0xeb,0xff,0x50,0x00,0x0c,0xff,0x5e,0xe1,0x00,0x0c,0xf3,0x04,0xfa,0x00,0x0c,0xe0,0x00,0xaf,0x50,0x0c,0xe0,0x00,0x1e,0xe1,0x0c,0xe0,0x00,0x05,
  0xfa,0x03,0x40,0x00,0x00,0x00,0x0c,0xe0,0x00,0x00,0x00,0x0c,0xe0,0x00,0x00,0x00,0x0c,0xe0,0x00,0x00,0x00,0x0c,0xe0,0x00,0x00,0x00,0x0c,0xe0,0x00,0x00,0x00,0x0c,
  0xe0,0x00,0x00,0x00,0x0c,0xe0,0x00,0x00,0x00,0x0c,0xe0,0x00,0x00,0x00,0x0c,0xf7,0x77,0x77,0x00,0x0c,0xff,0xff,0xff,0x00,0x03,0x44,0x00,0x00,0x04,0x42,0x00,0x0c,
  0xff,0x10,0x00,0x6f,0xf7,0x00,0x0c,0xef,0x60,0x00,0xbe,0xf7,0x00,0x0c,0xcd,0xb0,0x00,0xfa,0xf7,0x00,0x0c,0xd9,0xf1,0x05,0xf6,0xf7,0x00,0x0c,0xd3,0xf5,0x0a,0xd3,
  0xf7,0x00,0x0c,0xd0,0xea,0x0f,0x83,0xf7,0x00,0x0c,0xd0,0x9f,0x4f,0x33,0xf7,0x00,0x0c,0xd0,0x4f,0xcd,0x03,0xf7,0x00,0x0c,0xd0,0x0e,0xf8,0x03,0xf7,0x00,0x0c,0xd0,
  0x09,0xf3,0x03,0xf7,0x00,0x03,0x40,0x00,0x00,0x33,0x00,0x0c,0xf6,0x00,0x00,0xdc,0x00,0x0c,0xff,0x20,0x00,0xdc,0x00,0x0c,0xff,0xd0,0x00,0xdc,0x00,0x0c,0xd7,0xf9,
  0x00,0xdc,0x00,0x0c,0xd0,0xcf,0x50,0xdc,0x00,0x0c,0xd0,0x1e,0xe1,0xdc,0x00,0x0c,0xd0,0x05,0xfc,0xdc,0x00,0x0c,0xd0,0x00,0x9f,0xfc,0x00,0x0c,0xd0,0x00,0x0d,0xfc,
  0x00,0x0c,0xd0,0x00,0x02,0xfc,0x00,0x00,0x01,0x57,0x64,0x00,0x00,0x00,0x7f,0xff,0xff,0xe4,0x00,0x06,0xfb,0x20,0x04,0xdf,0x30,0x0e,0xe0,0x00,0x00,0x2f,0xb0,0x2f,
  0x90,0x00,0x00,0x0c,0xf0,0x4f,0x70,0x00,0x00,0x0a,0xf0,0x4f,0x70,0x00,0x00,0x0b,0xf0,0x1f,0xa0,0x00,0x00,0x0e,0xe0,0x0c,0xf2,0x00,0x00,0x5f,0x90,0x03,0xfe,0x74,
  0x48,0xfe,0x10,0x00,0x3c,0xff,0xff,0xa1,0x00,0x00,0x00,0x02,0x20,0x00,0x00,0x03,0x44,0x44,0x42,0x00,0x0c,0xff,0xff,0xff,0xa0,0x0c,0xe2,0x22,0x3a,0xf5,0x0c,0xe0,
  0x00,0x02,0xf9,0x0c,0xe0,0x00,0x02,0xf8,0x0c,0xe4,0x44,0x4c,0xf4,0x0c,0xff,0xff,0xff,0x70,0x0c,0xe3,0x33,0x20,0x00,0x0c,0xe0,0x00,0x00,0x00,0x0c,0xe0,0x00,0x00,
  0x00,0x0c,0xe0,0x00,0x00,0x00,0x00,0x01,0x57,0x64,0x00,0x00,0x00,0x7f,0xff,0xff,0xe4,0x00,0x06,0xfb,0x20,0x04,0xdf,0x30,0x0e,0xe0,0x00,0x00,0x2f,0xb0,0x2f,0x90,
  0x00,0x00,0x0c,0xf0,0x4f,0x70,0x00,0x00,0x0a,0xf0,0x4f,0x70,0x00,0x00,0x0b,0xf0,0x1f,0xa0,0x00,0x00,0x0e,0xe0,0x0c,0xf2,0x00,0x00,0x5f,0x90,0x03,0xfe,0x74,0x48,
  0xfe,0x10,0x00,0x3c,0xff,0xff,0xb1,0x00,0x00,0x00,0x02,0x4e,0xe2,0x00,0x00,0x00,0x00,0x03,0xed,0x20,0x03,0x44,0x44,0x43,0x00,0x00,0x0c,0xff,0xff,0xff,0xd1,0x00,
  0x0c,0xe2,0x22,0x27,0xfa,0x00,0x0c,0xe0,0x00,0x00,0xdd,0x00,0x0c,0xe0,0x00,0x00,0xed,0x00,0x0c,0xe6,0x66,0x6b,0xf7,0x00,0x0c,0xff,0xff,0xff,0x80,0x00,0x0c,0xe0,
  0x00,0x5f,0x70,0x00,0x0c,0xe0,0x00,0x0c,0xe0,0x00,0x0c,0xe0,0x00,0x05,0xf7,0x00,0x0c,0xe0,0x00,0x00,0xdf,0x10,0x00,0x04,0x77,0x40,0x00,0x03,0xef,0xff,0xfe,0x30,
  0x0d,0xe3,0x00,0x4e,0xd0,0x0f,0xc0,0x00,0x06,0xa0,0x0b,0xfb,0x51,0x00,0x00,0x00,0x9f,0xff,0xc6,0x00,0x00,0x00,0x49,0xef,0xb0,0x14,0x10,0x00,0x0b,0xf3,0x3f,0x80,
  0x00,0x07,0xf4,0x0d,0xf8,0x44,0x7e,0xe0,0x01,0xaf,0xff,0xfb,0x20,0x00,0x00,0x22,0x00,0x00,0x34,0x44,0x44,0x44,0x40,0xaf,0xff,0xff,0xff,0xd0,0x12,0x26,0xf8,0x22,
  0x20,0x00,0x04,0xf6,0x00,0x00,0x00,0x04,0xf6,0x00,0x00,0x00,0x04,0xf6,0x00,0x00,0x00,0x04,0xf6,0x00,0x00,0x00,0x04,0xf6,0x00,0x00,0x00,0x04,0xf6,0x00,0x00,0x00,
  0x04,0xf6,0x00,0x00,0x00,0x04,0xf6,0x00,0x00,0x03,0x40,0x00,0x00,0x43,0x00,0x0d,0xd0,0x00,0x00,0xfc,0x00,0x0d,0xd0,0x00,0x00,0xfc,0x00,0x0d,0xd0,0x00,0x00,0xfc,
  0x00,0x0d,0xd0,0x00,0x00,0xfc,0x00,0x0d,0xd0,0x00,0x00,0xfc,0x00,0x0d,0xd0,0x00,0x00,0xfc,0x00,0x0c,0xd0,0x00,0x00,0xfb,0x00,0x0a,0xf2,0x00,0x03,0xf9,0x00,0x04,
  0xfd,0x64,0x6e,0xf2,0x00,0x00,0x5e,0xff,0xfd,0x40,0x00,0x00,0x00,0x12,0x10,0x00,0x00,0x34,0x00,0x00,0x00,0x43,0x8f,0x40,0x00,0x04,0xf7,0x2f,0x90,0x00,0x0a,0xf1,
  0x0d,0xe0,0x00,0x0f,0xb0,0x07,0xf5,0x00,0x5f,0x50,0x01,0xfa,0x00,0xbe,0x00,0x00,0xbf,0x01,0xf9,0x00,0x00,0x5f,0x66,0xf3,0x00,0x00,0x0f,0xbc,0xd0,0x00,0x00,0x09,
  0xff,0x70,0x00,0x00,0x04,0xff,0x10,0x00,0x34,0x00,0x00,0x44,0x10,0x00,0x34,0x9f,0x20,0x02,0xff,0x50,0x00,0xeb,0x5f,0x60,0x06,0xff,0x90,0x02,0xf6,0x1f,0xa0,0x0a,
  0xdb,0xd0,0x06,0xf2,0x0c,0xe0,0x0e,0xa8,0xf1,0x0a,0xd0,0x08,0xf3,0x2f,0x64,0xf5,0x0e,0x90,0x03,0xf7,0x6f,0x20,0xf9,0x3f,0x40,0x00,0xfb,0x9e,0x00,0xcd,0x7f,0x00,
  0x00,0xbe,0xca,0x00,0x8f,0xbc,0x00,0x00,0x6f,0xf6,0x00,0x4f,0xf7,0x00,0x00,0x2f,0xf2,0x00,0x0f,0xf3,0x00,0x14,0x30,0x00,0x01,0x42,0x00,0x0d,0xf2,0x00,0x0c,0xf2,
  0x00,0x03,0xfd,0x00,0x8f,0x60,0x00,0x00,0x7f,0x83,0xfa,0x00,0x00,0x00,0x0b,0xfe,0xe1,0x00,0x00,0x00,0x02,0xff,0x60,0x00,0x00,0x00,0x09,0xff,0xd0,0x00,0x00,0x00,
  0x5f,0x96,0xf9,0x00,0x00,0x01,0xed,0x00,0xbf,0x40,0x00,0x0b,0xf3,0x00,0x1e,0xe1,0x00,0x7f,0x70,0x00,0x04,0xfb,0x00,0x34,0x00,0x00,0x00,0x43,0x5f,0x90,0x00,0x08,
  0xf5,0x0a,0xf3,0x00,0x2f,0xa0,0x01,0xed,0x00,0xce,0x10,0x00,0x5f,0x86,0xf5,0x00,0x00,0x0a,0xff,0xa0,0x00,0x00,0x01,0xff,0x10,0x00,0x00,0x00,0xdd,0x00,0x00,0x00,
  0x00,0xdd,0x00,0x00,0x00,0x00,0xdd,0x00,0x00,0x00,0x00,0xdd,0x00,0x00,0x04,0x44,0x44,0x44,0x30,0x2f,0xff,0xff,0xff,0xc0,0x02,0x22,0x23,0xef,0x20,0x00,0x00,0x0a,
  0xf6,0x00,0x00,0x00,0x6f,0xa0,0x00,0x00,0x02,0xfd,0x00,0x00,0x00,0x0c,0xf3,0x00,0x00,0x00,0x9f,0x70,0x00,0x00,0x04,0xfb,0x00,0x00,0x00,0x1e,0xf8,0x77,0x77,0x60,
  0x8f,0xff,0xff,0xff,0xf0,0x00,0x00,0x00,0x08,0xff,0x70,0x08,0xd1,0x00,0x08,0xd0,0x00,0x08,0xd0,0x00,0x08,0xd0,0x00,0x08,0xd0,0x00,0x08,0xd0,0x00,0x08,0xd0,0x00,
  0x08,0xd0,0x00,0x08,0xd0,0x00,0x08,0xd0,0x00,0x08,0xd0,0x00,0x08,0xfb,0x50,0x03,0x66,0x30,0x00,0x00,0x00,0xd5,0x00,0x00,0x99,0x00,0x00,0x4e,0x00,0x00,0x0f,0x20,
  0x00,0x0c,0x70,0x00,0x07,0xb0,0x00,0x03,0xf0,0x00,0x00,0xe4,0x00,0x00,0xa8,0x00,0x00,0x5d,0x00,0x00,0x1f,0x10,0x00,0x0a,0x30,0x00,0x00,0x00,0xbf,0xf3,0x00,0x13,
  0xf3,0x00,0x02,0xf3,0x00,0x02,0xf3,0x00,0x02,0xf3,0x00,0x02,0xf3,0x00,0x02,0xf3,0x00,0x02,0xf3,0x00,0x02,0xf3,0x00,0x02,0xf3,0x00,0x02,0xf3,0x00,0x02,0xf3,0x00,
  0x8b,0xf3,0x00,0x46,0x61,0x00,0x00,0x00,0x42,0x00,0x00,0x00,0x05,0xfc,0x00,0x00,0x00,0x0b,0xbf,0x20,0x00,0x00,0x2f,0x2c,0x90,0x00,0x00,0x8c,0x05,0xf0,0x00,0x00,
  0xe6,0x00,0xe6,0x00,0x02,0x90,0x00,0x66,0x00,0x00,0x00,0x00,0x00,0x00,0x00,0x00,0x00,0x00,0x00,0x00,0x00,0x00,0x00,0x00,0x00,0x00,0x00,0x00,0x00,0x00,0x00,0x00,
  0x00,0xff,0xff,0xff,0xf6,0x11,0x11,0x11,0x10,0x9c,0x00,0x1d,0x80,0x00,0x20,0x00,0x00,0x00,0x00,0x00,0x00,0x00,0x00,0x00,0x00,0x00,0x00,0x00,0x00,0x00,0x00,0x00,
  0x00,0x00,0x00,0x00,0x04,0xdf,0xfd,0x40,0x00,0x0f,0xc3,0x3c,0xf0,0x00,0x07,0x30,0x06,0xf2,0x00,0x00,0x69,0xad,0xf2,0x00,0x1d,0xe9,0x7a,0xf2,0x00,0x6f,0x30,0x08,
  0xf2,0x00,0x6f,0x72,0x5f,0xf4,0x00,0x1c,0xff,0xd5,0xff,0x20,0x00,0x22,0x00,0x11,0x00,0x0d,0x70,0x00,0x00,0x00,0x0f,0x90,0x00,0x00,0x00,0x0f,0x90,0x00,0x00,0x00,
  0x0f,0x9b,0xff,0xa0,0x00,0x0f,0xf9,0x48,0xf9,0x00,0x0f,0xc0,0x00,0xbe,0x00,0x0f,0x90,0x00,0x8f,0x00,0x0f,0x90,0x00,0x8f,0x00,0x0f,0xb0,0x00,0xaf,0x00,0x0f,0xf7,
  0x36,0xfa,0x00,0x0f,0x7c,0xff,0xc1,0x00,0x00,0x00,0x22,0x00,0x00,0x00,0x00,0x00,0x00,0x02,0xbf,0xfd,0x50,0x0d,0xe5,0x4c,0xf1,0x4f,0x60,0x03,0xf5,0x6f,0x30,0x00,
  0x00,0x6f,0x20,0x00,0x00,0x4f,0x50,0x02,0xf5,0x0e,0xd3,0x2a,0xf2,0x03,0xef,0xff,0x50,0x00,0x02,0x20,0x00,0x00,0x00,0x00,0xb9,0x00,0x00,0x00,0x00,0xeb,0x00,0x00,
  0x00,0x00,0xeb,0x00,0x03,0xdf,0xf7,0xeb,0x00,0x0e,0xe6,0x5c,0xfb,0x00,0x4f,0x60,0x01,0xfb,0x00,0x6f,0x30,0x00,0xeb,0x00,0x6f,0x30,0x00,0xeb,0x00,0x4f,0x50,0x01,
  0xfb,0x00,0x0e,0xd4,0x3b,0xfb,0x00,0x04,0xef,0xf9,0xab,0x00,0x00,0x02,0x10,0x00,0x00,0x00,0x00,0x00,0x00,0x02,0xbf,0xfe,0x60,0x0d,0xe5,0x3a,0xf3,0x3f,0x60,0x00,
  0xf9,0x6f,0xcb,0xbb,0xfb,0x6f,0x87,0x77,0x75,0x4f,0x50,0x00,0xa7,0x0e,0xd3,0x17,0xf6,0x03,0xdf,0xff,0x90,0x00,0x02,0x20,0x00,0x02,0xdf,0x40,0x09,0xf6,0x20,0x0a,
  0xe0,0x00,0xbf,0xfe,0x50,0x5c,0xf6,0x20,0x0a,0xe0,0x00,0x0a,0xe0,0x00,0x0a,0xe0,0x00,0x0a,0xe0,0x00,0x0a,0xe0,0x00,0x0a,0xe0,0x00,0x00,0x00,0x00,0x03,0x10,0x00,
  0x00,0x00,0x6f,0x40,0x02,0xbf,0xfe,0xf7,0x00,0x0d,0xd3,0x17,0xf5,0x00,0x0f,0x80,0x00,0xf8,0x00,0x0d,0xd1,0x06,0xf5,0x00,0x05,0xff,0xff,0x90,0x00,0x2f,0x82,0x20,
  0x00,0x00,0x2f,0xda,0xaa,0xa5,0x00,0x2e,0xca,0xaa,0xdf,0x30,0xae,0x00,0x00,0x3f,0x60,0x9f,0x86,0x66,0xbf,0x10,0x08,0xbb,0xbb,0xa3,0x00,0x0d,0x70,0x00,0x00,0x00,
  0x0f,0x90,0x00,0x00,0x00,0x0f,0x90,0x00,0x00,0x00,0x0f,0x9a,0xff,0xb1,0x00,0x0f,0xfa,0x59,0xf7,0x00,0x0f,0xc0,0x00,0xfa,0x00,0x0f,0x90,0x00,0xea,0x00,0x0f,0x90,
  0x00,0xea,0x00,0x0f,0x90,0x00,0xea,0x00,0x0f,0x90,0x00,0xea,0x00,0x0f,0x90,0x00,0xea,0x00,0x0d,0x70,0x0c,0x60,0x00,0x00,0x0e,0x80,0x0f,0x90,0x0f,0x90,0x0f,0x90,
  0x0f,0x90,0x0f,0x90,0x0f,0x90,0x0f,0x90,0x00,0xd7,0x00,0x00,0xc6,0x00,0x00,0x00,0x00,0x00,0xe8,0x00,0x00,0xf9,0x00,0x00,0xf9,0x00,0x00,0xf9,0x00,0x00,0xf9,0x00,
  0x00,0xf9,0x00,0x00,0xf9,0x00,0x00,0xf9,0x00,0x00,0xf9,0x00,0x3a,0xf7,0x00,0x3b,0x90,0x00,0x0d,0x70,0x00,0x00,0x0f,0x90,0x00,0x00,0x0f,0x90,0x00,0x00,0x0f,0x90,
  0x0a,0xd2,0x0f,0x90,0x8f,0x40,0x0f,0x96,0xf6,0x00,0x0f,0xcf,0xf1,0x00,0x0f,0xfa,0xf9,0x00,0x0f,0xb0,0x8f,0x30,0x0f,0x90,0x0e,0xc0,0x0f,0x90,0x06,0xf6,0x0d,0x70,
  0x0f,0x90,0x0f,0x90,0x0f,0x90,0x0f,0x90,0x0f,0x90,0x0f,0x90,0x0f,0x90,0x0f,0x90,0x0f,0x90,0x0f,0x90,0x00,0x00,0x00,0x00,0x00,0x00,0x00,0x0e,0x5a,0xff,0x74,0xdf,
  0xe4,0x00,0x0f,0xf9,0x5c,0xfe,0x66,0xfd,0x00,0x0f,0xb0,0x05,0xf7,0x00,0xaf,0x00,0x0f,0x90,0x04,0xf4,0x00,0x9f,0x00,0x0f,0x90,0x04,0xf4,0x00,0x9f,0x00,0x0f,0x90,
  0x04,0xf4,0x00,0x9f,0x00,0x0f,0x90,0x04,0xf4,0x00,0x9f,0x00,0x0f,0x90,0x04,0xf4,0x00,0x9f,0x00,0x00,0x00,0x00,0x00,0x00,0x0e,0x5a,0xff,0xb1,0x00,0x0f,0xfa,0x59,
  0xf7,0x00,0x0f,0xc0,0x00,0xfa,0x00,0x0f,0x90,0x00,0xea,0x00,0x0f,0x90,0x00,0xea,0x00,0x0f,0x90,0x00,0xea,0x00,0x0f,0x90,0x00,0xea,0x00,0x0f,0x90,0x00,0xea,0x00,
  0x00,0x00,0x00,0x00,0x00,0x02,0xbf,0xff,0x90,0x00,0x0d,0xe6,0x38,0xf9,0x00,0x3f,0x60,0x00,0xaf,0x00,0x6f,0x30,0x00,0x7f,0x20,0x6f,0x30,0x00,0x7f,0x20,0x4f,0x60,
  0x00,0xaf,0x00,0x0e,0xe4,0x26,0xfa,0x00,0x03,0xdf,0xff,0xb1,0x00,0x00,0x01,0x21,0x00,0x00,0x00,0x00,0x00,0x00,0x00,0x0e,0x5b,0xff,0xa0,0x00,0x0f,0xf9,0x48,0xf9,
  0x00,0x0f,0xc0,0x00,0xbe,0x00,0x0f,0x90,0x00,0x8f,0x00,0x0f,0x90,0x00,0x8f,0x10,0x0f,0xc0,0x00,0xaf,0x00,0x0f,0xf7,0x36,0xfa,0x00,0x0f,0xac,0xff,0xc1,0x00,0x0f,
  0x90,0x22,0x00,0x00,0x0f,0x90,0x00,0x00,0x00,0x09,0x50,0x00,0x00,0x00,0x00,0x00,0x00,0x00,0x00,0x03,0xdf,0xf7,0x99,0x00,0x0e,0xe6,0x5c,0xfb,0x00,0x4f,0x60,0x01,
  0xfb,0x00,0x6f,0x30,0x00,0xeb,0x00,0x6f,0x30,0x00,0xeb,0x00,0x4f,0x50,0x01,0xfb,0x00,0x0e,0xd4,0x3b,0xfb,0x00,0x04,0xef,0xf9,0xeb,0x00,0x00,0x02,0x10,0xeb,0x00,
  0x00,0x00,0x00,0xeb,0x00,0x00,0x00,0x00,0x86,0x00,0x00,0x00,0x00,0x0e,0x6d,0xf0,0x0f,0xec,0x80,0x0f,0xd0,0x00,0x0f,0x90,0x00,0x0f,0x90,0x00,0x0f,0x90,0x00,0x0f,
  0x90,0x00,0x0f,0x90,0x00,0x00,0x00,0x00,0x00,0x04,0xdf,0xfd,0x30,0x1f,0xa3,0x4d,0xe0,0x3f,0x90,0x03,0x60,0x0a,0xff,0xa6,0x00,0x00,0x38,0xdf,0xd0,0x37,0x00,0x07,
  0xf4,0x4f,0x81,0x2a,0xf2,0x08,0xff,0xfe,0x60,0x00,0x02,0x20,0x00,0x00,0x10,0x00,0x08,0xc0,0x00,0x0a,0xc0,0x00,0xbf,0xfe,0x20,0x5d,0xd6,0x10,0x0c,0xc0,0x00,0x0c,
  0xc0,0x00,0x0c,0xc0,0x00,0x0c,0xc0,0x00,0x0c,0xd2,0x00,0x06,0xff,0x30,0x00,0x21,0x00,0x0e,0x60,0x00,0xe8,0x00,0x1f,0x70,0x00,0xf9,0x00,0x1f,0x70,0x00,0xf9,0x00,
  0x1f,0x70,0x00,0xf9,0x00,0x1f,0x70,0x00,0xf9,0x00,0x0f,0x80,0x02,0xf9,0x00,0x0e,0xd4,0x4c,0xf9,0x00,0x06,0xff,0xf7,0xc9,0x00,0x00,0x02,0x00,0x00,0x00,0x9d,0x00,
  0x02,0xe6,0x5f,0x40,0x07,0xf1,0x0f,0xa0,0x0d,0xb0,0x09,0xf0,0x3f,0x50,0x03,0xf5,0x8f,0x00,0x00,0xda,0xd9,0x00,0x00,0x7f,0xf3,0x00,0x00,0x2f,0xd0,0x00,0xac,0x00,
  0x5e,0x70,0x08,0xc0,0x7f,0x10,0x9f,0xc0,0x0d,0x90,0x2f,0x50,0xdb,0xf0,0x2f,0x40,0x0e,0xa1,0xf4,0xf4,0x6f,0x00,0x09,0xe5,0xf0,0xd8,0xaa,0x00,0x04,0xfa,0xb0,0x9c,
  0xe5,0x00,0x00,0xff,0x70,0x5f,0xf1,0x00,0x00,0xaf,0x30,0x2f,0xc0,0x00,0x5e,0x70,0x06,0xe4,0x0b,0xf2,0x2f,0xa0,0x01,0xec,0xcd,0x00,0x00,0x5f,0xf3,0x00,0x00,0x6f,
  0xf5,0x00,0x02,0xfa,0xce,0x10,0x0c,0xe1,0x2f,0xb0,0x7f,0x40,0x07,0xf6,0x9d,0x00,0x01,0xe6,0x5f,0x40,0x06,0xf1,0x0e,0xb0,0x0c,0xc0,0x08,0xf1,0x1f,0x60,0x02,0xf7,
  0x6f,0x10,0x00,0xcc,0xbb,0x00,0x00,0x6f,0xf5,0x00,0x00,0x0f,0xf0,0x00,0x00,0x1f,0x90,0x00,0x29,0xef,0x10,0x00,0x2b,0xa2,0x00,0x00,0x4e,0xee,0xee,0xc0,0x16,0x66,
  0xcf,0x60,0x00,0x03,0xfb,0x00,0x00,0x0d,0xe1,0x00,0x00,0x9f,0x40,0x00,0x05,0xf8,0x00,0x00,0x2e,0xe5,0x44,0x40,0x9f,0xff,0xff,0xf1,0x00,0x00,0x00,0x00,0x5e,0xb0,
  0x00,0xf8,0x00,0x00,0xf5,0x00,0x00,0xf5,0x00,0x00,0xf4,0x00,0x03,0xf2,0x00,0x5f,0x80,0x00,0x19,0xf1,0x00,0x00,0xf4,0x00,0x00,0xf4,0x00,0x00,0xf5,0x00,0x00,0xf6,
  0x00,0x00,0xae,0x70,0x00,0x04,0x40,0x0a,0x60,0x0c,0x70,0x0c,0x70,0x0c,0x70,0x0c,0x70,0x0c,0x70,0x0c,0x70,0x0c,0x70,0x0c,0x70,0x0c,0x70,0x0c,0x70,0x0c,0x70,0x0c,
  0x70,0x0a,0x50,0x00,0x00,0x00,0x2f,0xc1,0x00,0x01,0xe8,0x00,0x00,0xc9,0x00,0x00,0xb9,0x00,0x00,0xb9,0x00,0x00,0x9c,0x00,0x00,0x1c,0xe0,0x00,0x7e,0x50,0x00,0xa9,
  0x00,0x00,0xb9,0x00,0x00,0xc9,0x00,0x00,0xd9,0x00,0x1b,0xf4,0x00,0x15,0x20,0x00,0x02,0x9a,0x50,0x02,0x40,0x0f,0xed,0xfe,0xdf,0x60,0x06,0x00,0x28,0xa6,0x00,0x00,
  0x00,0x00,0x00,0x00,0x00,0x00,0x00,0x00,0x00,0x00,0x00,0x00,0x00,0x00,0x01,0x31,0x00,0x05,0xf5,0x00,0x02,0x82,0x00,0x00,0x00,0x00,0x00,0x00,0x00,0x00,0x00,0x00,
  0x00,0x00,0x00,0xaa,0xaa,0xaa,0xaa,0xaa,0xaa,0xaa,0xa0,0x88,0x88,0x88,0x88,0x88,0x88,0x88,0x80,0x00,0x00,0x00,0x00,0x00,0x00,0x00,0x00,0x00,0x00,0x00,0x00,0x00,
  0x00,0x00,0x00,0x00,0x00,0x00,0x00,0x00,0x00,0x00,0x00,0x08,0xb0,0x00,0xb7,0x00,0x5b,0x20,0x0b,0xf0,0x01,0xf9,0x00,0x7f,0x30,0x00,0x00,0x00,0x04,0xff,0x60,0x0c,
  0xff,0xe0,0x0b,0xff,0xd0,0x02,0xab,0x20,0x00,0x00,0x00,0x00,0x00,0x00,0x00,0x00,0x00,0x06,0x88,0x88,0x88,0x50,0x0c,0xc4,0x44,0x4c,0xb0,0x0c,0xa4,0x00,0x59,0xb0,
  0x0c,0x1c,0x01,0xc1,0xb0,0x0c,0x05,0x9a,0x40,0xb0,0x0c,0x00,0xba,0x00,0xb0,0x0c,0x01,0xcc,0x00,0xb0,0x0c,0x0a,0x45,0x90,0xb0,0x0c,0x59,0x00,0xa4,0xb0,0x0c,0xc0,
  0x00,0x1c,0xb0,0x0c,0xec,0xcc,0xce,0xb0,0x04,0x30,0x0d,0xd0,0x07,0xc0,0x05,0x90,0x09,0x00,0x00,0x00,0x00,0x00,0x00,0x00,0x00,0x00,0x00,0x00,0x00,0x00,
};
const sig_font_t sigf_0 = { 0, 500, 15.0f, 14, 4, 0, 101, sigf_0_ch, sigf_0_gl, sigf_0_bmp, 4766 };
// --- disp 600 normal 14.5px  (101 glyphs, 4321 bytes)
static const sig_glyph_t sigf_1_gl[] = {
  {0,0,0,0,0,3},
  {0,4,10,0,-10,4},
  {20,6,10,0,-10,6},
  {50,9,12,0,-11,8},
  {110,8,12,0,-11,8},
  {158,14,12,0,-11,14},
  {242,11,12,0,-11,11},
  {314,4,10,0,-10,4},
  {334,5,14,0,-11,5},
  {376,5,14,0,-11,5},
  {418,6,10,0,-10,6},
  {448,9,8,0,-8,9},
  {488,4,5,0,-2,4},
  {498,5,5,0,-5,5},
  {513,4,2,0,-2,4},
  {517,5,12,0,-11,4},
  {553,8,12,0,-11,8},
  {601,8,10,0,-10,8},
  {641,8,11,0,-11,8},
  {685,8,12,0,-11,8},
  {733,8,11,0,-11,8},
  {777,8,11,0,-10,8},
  {821,8,12,0,-11,8},
  {869,8,10,0,-10,8},
  {909,8,12,0,-11,8},
  {957,8,12,0,-11,8},
  {1005,5,8,0,-8,5},
  {1029,5,11,0,-8,5},
  {1062,9,8,0,-8,9},
  {1102,9,6,0,-6,9},
  {1132,9,8,0,-8,9},
  {1172,9,11,0,-11,9},
  {1227,14,14,0,-11,14},
  {1325,11,10,0,-10,10},
  {1385,10,10,0,-10,10},
  {1435,10,12,0,-11,10},
  {1495,11,10,0,-10,11},
  {1555,10,10,0,-10,10},
  {1605,9,10,0,-10,9},
  {1655,12,12,0,-11,12},
  {1727,11,10,0,-10,11},
  {1787,4,10,0,-10,4},
  {1807,8,11,0,-10,8},
  {1851,10,10,0,-10,10},
  {1901,8,10,0,-10,8},
  {1941,12,10,0,-10,12},
  {2001,11,10,0,-10,11},
  {2061,11,12,0,-11,11},
  {2133,10,10,0,-10,10},
  {2183,11,13,0,-11,11},
  {2261,10,10,0,-10,10},
  {2311,10,12,0,-11,10},
  {2371,9,10,0,-10,9},
  {2421,11,11,0,-10,10},
  {2487,10,10,0,-10,10},
  {2537,14,10,0,-10,14},
  {2607,10,10,0,-10,10},
  {2657,10,10,0,-10,10},
  {2707,9,10,0,-10,9},
  {2757,5,14,0,-11,5},
  {2799,5,12,0,-11,4},
  {2835,5,14,0,-11,5},
  {2877,9,10,0,-10,9},
  {2927,8,3,0,0,7},
  {2939,4,11,0,-11,3},
  {2961,8,9,0,-8,8},
  {2997,9,12,0,-11,9},
  {3057,8,9,0,-8,8},
  {3093,9,12,0,-11,9},
  {3153,8,9,0,-8,8},
  {3189,5,11,0,-11,4},
  {3222,9,12,0,-9,9},
  {3282,8,11,0,-11,8},
  {3326,4,11,0,-11,4},
  {3348,5,14,-1,-11,4},
  {3390,8,11,0,-11,8},
  {3434,4,11,0,-11,4},
  {3456,12,8,0,-8,12},
  {3504,8,8,0,-8,8},
  {3536,9,9,0,-8,9},
  {3581,9,11,0,-8,9},
  {3636,9,11,0,-8,9},
  {3691,6,8,0,-8,5},
  {3715,8,9,0,-8,8},
  {3751,5,11,0,-10,5},
  {3784,8,9,0,-8,8},
  {3820,8,8,0,-8,8},
  {3852,11,8,0,-8,11},
  {3900,8,8,0,-8,8},
  {3932,8,11,0,-8,8},
  {3976,7,8,0,-8,7},
  {4008,6,14,0,-11,6},
  {4050,4,14,0,-11,4},
  {4078,6,14,0,-11,6},
  {4120,9,6,0,-6,9},
  {4150,5,7,0,-7,5},
  {4171,15,5,0,-5,14},
  {4211,14,2,0,-2,14},
  {4225,6,7,0,-7,6},
  {4246,9,11,0,-11,9},
  {4301,4,10,0,-10,4},
};
static const char sigf_1_ch[] = " !\"#$%&'()*+,-./0123456789:;<=>?@ABCDEFGHIJKLMNOPQRSTUVWXYZ[\\]^_`abcdefghijklmnopqrstuvwxyz{|}~·—…•→’";
static const uint8_t sigf_1_bmp[] = {
  0x0d,0xf1,0x0d,0xf0,0x0b,0xf0,0x0a,0xe0,0x09,0xd0,0x08,0xc0,0x07,0xb0,0x01,0x20,0x0a,0xd0,0x0c,0xf0,0x1f,0xb3,0xf9,0x1f,0xc3,0xfa,0x0f,0xb3,0xf9,0x0f,0x81,0xf6,
  0x01,0x00,0x10,0x00,0x00,0x00,0x00,0x00,0x00,0x00,0x00,0x00,0x00,0x00,0x00,0x00,0x00,0x00,0x00,0x02,0x00,0x11,0x00,0x00,0x2f,0x40,0xf7,0x00,0x00,0x6f,0x13,0xf4,
  0x00,0x03,0xae,0x38,0xf4,0x00,0x0f,0xff,0xff,0xff,0x10,0x04,0xf8,0x3d,0xb3,0x00,0x03,0xf3,0x0f,0x70,0x00,0x9e,0xfe,0xef,0xe6,0x00,0x5e,0xe9,0xcf,0x93,0x00,0x0d,
  0x90,0xad,0x00,0x00,0x1f,0x60,0xd9,0x00,0x00,0x02,0x00,0x21,0x00,0x00,0x00,0x03,0x20,0x00,0x00,0x06,0x50,0x00,0x03,0xbf,0xfb,0x30,0x1f,0xe7,0x8f,0xe0,0x3f,0xb1,
  0x04,0x70,0x0c,0xff,0xc7,0x10,0x00,0x5a,0xef,0xe1,0x39,0x30,0x0a,0xf4,0x3f,0xd6,0x6d,0xf1,0x05,0xdf,0xfc,0x40,0x00,0x06,0x50,0x00,0x00,0x04,0x30,0x00,0x00,0x01,
  0x00,0x00,0x00,0x00,0x00,0x02,0xef,0xf6,0x00,0x05,0xe1,0x00,0x09,0xd0,0x8e,0x00,0x2f,0x50,0x00,0x0b,0xb0,0x6f,0x00,0xc9,0x00,0x00,0x09,0xd0,0x8e,0x08,0xd0,0x00,
  0x00,0x02,0xef,0xf6,0x4f,0x20,0x00,0x00,0x00,0x01,0x01,0xe6,0x5e,0xfd,0x20,0x00,0x00,0x0b,0xa0,0xda,0x1d,0x90,0x00,0x00,0x7d,0x00,0xf6,0x0a,0xb0,0x00,0x03,0xf3,
  0x00,0xd9,0x0c,0xa0,0x00,0x0d,0x70,0x00,0x6f,0xff,0x30,0x00,0x00,0x00,0x00,0x00,0x20,0x00,0x00,0x00,0x11,0x00,0x00,0x00,0x01,0xaf,0xff,0xe6,0x00,0x00,0x0b,0xfa,
  0x56,0xcf,0x50,0x00,0x0f,0xe0,0x00,0x2f,0x90,0x00,0x0d,0xf1,0x00,0x00,0x00,0x00,0x01,0xcf,0xc6,0x1c,0xcb,0x00,0x06,0xfd,0xa5,0x2f,0xea,0x00,0x1f,0xc0,0x00,0x2f,
  0xa0,0x00,0x3f,0xa0,0x00,0x3f,0x90,0x00,0x0e,0xf8,0x45,0xcf,0x40,0x00,0x02,0xcf,0xff,0xe6,0x00,0x00,0x00,0x00,0x21,0x00,0x00,0x00,0x1f,0xb0,0x1f,0xc0,0x0f,0xb0,
  0x0f,0x80,0x01,0x00,0x00,0x00,0x00,0x00,0x00,0x00,0x00,0x00,0x00,0x00,0x00,0x09,0x30,0x00,0x8e,0x00,0x01,0xf7,0x00,0x07,0xf1,0x00,0x0c,0xd0,0x00,0x0f,0xa0,0x00,
  0x1f,0x90,0x00,0x0f,0x90,0x00,0x0e,0xb0,0x00,0x0a,0xf0,0x00,0x05,0xf3,0x00,0x00,0xda,0x00,0x00,0x3f,0x20,0x00,0x03,0x20,0x1a,0x10,0x00,0x0b,0xa0,0x00,0x04,0xf3,
  0x00,0x00,0xea,0x00,0x00,0xaf,0x00,0x00,0x8f,0x20,0x00,0x6f,0x30,0x00,0x7f,0x30,0x00,0x8f,0x10,0x00,0xcd,0x00,0x01,0xf8,0x00,0x06,0xf1,0x00,0x0e,0x60,0x00,0x14,
  0x00,0x00,0x00,0x87,0x00,0x4c,0x98,0xd2,0x06,0xff,0x40,0x3e,0xbb,0xe2,0x02,0x87,0x20,0x00,0x21,0x00,0x00,0x00,0x00,0x00,0x00,0x00,0x00,0x00,0x00,0x00,0x00,0x00,
  0x00,0x00,0x62,0x00,0x00,0x00,0x01,0xf5,0x00,0x00,0x00,0x01,0xf5,0x00,0x00,0x05,0x67,0xf9,0x66,0x00,0x0d,0xff,0xff,0xff,0x00,0x00,0x01,0xf5,0x00,0x00,0x00,0x01,
  0xf5,0x00,0x00,0x00,0x01,0xf5,0x00,0x00,0x0a,0xd1,0x0b,0xf1,0x00,0xe0,0x08,0x90,0x03,0x00,0x4b,0xbb,0x20,0x6e,0xee,0x30,0x00,0x00,0x00,0x00,0x00,0x00,0x00,0x00,
  0x00,0x0a,0xd1,0x0c,0xf1,0x00,0x0a,0x20,0x00,0x4f,0x00,0x00,0x8c,0x00,0x00,0xc7,0x00,0x01,0xf3,0x00,0x05,0xe0,0x00,0x09,0xa0,0x00,0x0d,0x60,0x00,0x2f,0x20,0x00,
  0x6d,0x00,0x00,0xa9,0x00,0x00,0xa4,0x00,0x00,0x00,0x00,0x10,0x00,0x01,0xbf,0xfe,0x40,0x0a,0xf8,0x6e,0xf1,0x0f,0xc0,0x06,0xf5,0x3f,0x90,0x04,0xf8,0x4f,0x80,0x03,
  0xf9,0x4f,0x80,0x03,0xf9,0x3f,0x90,0x04,0xf8,0x0f,0xb0,0x06,0xf6,0x0b,0xf7,0x5d,0xf1,0x01,0xcf,0xfe,0x50,0x00,0x01,0x20,0x00,0x00,0x06,0xd9,0x00,0x08,0xff,0xf9,
  0x00,0x02,0x46,0xf9,0x00,0x00,0x03,0xf9,0x00,0x00,0x03,0xf9,0x00,0x00,0x03,0xf9,0x00,0x00,0x03,0xf9,0x00,0x00,0x03,0xf9,0x00,0x04,0x78,0xfc,0x75,0x09,0xff,0xff,
  0xfc,0x00,0x00,0x10,0x00,0x02,0xbf,0xff,0x80,0x0d,0xf8,0x6c,0xf5,0x1f,0xb0,0x04,0xf9,0x07,0x50,0x06,0xf8,0x00,0x00,0x2e,0xf2,0x00,0x04,0xef,0x60,0x00,0x8f,0xe4,
  0x00,0x08,0xfb,0x10,0x00,0x1f,0xfa,0x99,0x96,0x4f,0xff,0xff,0xfa,0x00,0x01,0x10,0x00,0x02,0xcf,0xfe,0x60,0x0d,0xf7,0x6d,0xf3,0x1f,0xa0,0x06,0xf7,0x00,0x00,0x09,
  0xf4,0x00,0x09,0xdf,0x70,0x00,0x08,0xbf,0xc1,0x00,0x00,0x05,0xf8,0x5f,0x70,0x03,0xfa,0x1f,0xe6,0x5c,0xf6,0x04,0xef,0xff,0x80,0x00,0x01,0x20,0x00,0x00,0x01,0x10,
  0x00,0x00,0x0f,0xc0,0x00,0x00,0x5f,0x73,0x60,0x00,0xbf,0x1a,0x90,0x01,0xfa,0x1f,0x90,0x08,0xf2,0x2f,0x90,0x1f,0x90,0x2f,0x90,0x8f,0xba,0xbf,0xd8,0x6c,0xcc,0xdf,
  0xea,0x00,0x00,0x2f,0x90,0x00,0x00,0x2f,0x90,0x09,0xff,0xff,0xf1,0x0b,0xfa,0xaa,0xa1,0x0c,0xe0,0x00,0x00,0x0d,0xd4,0x75,0x00,0x0e,0xff,0xff,0xd0,0x09,0xb2,0x09,
  0xf7,0x01,0x00,0x03,0xf9,0x4f,0x90,0x05,0xf8,0x0e,0xf7,0x5d,0xf3,0x03,0xdf,0xff,0x60,0x00,0x01,0x20,0x00,0x00,0x00,0x10,0x00,0x00,0xaf,0xfe,0x60,0x09,0xf8,0x6e,
  0xf2,0x0f,0xc0,0x07,0xf5,0x2f,0x92,0x54,0x00,0x3f,0xdf,0xff,0xd1,0x4f,0xf4,0x19,0xf8,0x3f,0xb0,0x02,0xfb,0x0f,0xc0,0x02,0xfb,0x0a,0xf8,0x5c,0xf5,0x01,0xbf,0xff,
  0x80,0x00,0x01,0x20,0x00,0x5f,0xff,0xff,0xfb,0x3a,0xaa,0xad,0xf8,0x00,0x00,0x1e,0xc0,0x00,0x00,0xbf,0x20,0x00,0x05,0xf7,0x00,0x00,0x0d,0xe0,0x00,0x00,0x3f,0x90,
  0x00,0x00,0x8f,0x40,0x00,0x00,0xcf,0x10,0x00,0x00,0xdf,0x00,0x00,0x00,0x01,0x10,0x00,0x02,0xcf,0xfe,0x60,0x0d,0xf7,0x5d,0xf3,0x1f,0xb0,0x06,0xf6,0x0e,0xd0,0x08,
  0xf4,0x04,0xfe,0xdf,0x90,0x0a,0xfc,0xaf,0xd1,0x3f,0xa0,0x04,0xf9,0x5f,0x80,0x02,0xfa,0x1f,0xe6,0x4c,0xf6,0x05,0xef,0xff,0x90,0x00,0x02,0x20,0x00,0x00,0x01,0x10,
  0x00,0x03,0xdf,0xfd,0x30,0x0e,0xf7,0x6e,0xe1,0x5f,0x80,0x07,0xf6,0x5f,0x70,0x05,0xf8,0x2f,0xd1,0x1c,0xf9,0x09,0xff,0xfe,0xf9,0x00,0x46,0x44,0xf8,0x0e,0xb0,0x06,
  0xf5,0x0c,0xf7,0x5e,0xe0,0x02,0xdf,0xfe,0x30,0x00,0x02,0x20,0x00,0x04,0xa3,0x00,0x07,0xf5,0x00,0x01,0x31,0x00,0x00,0x00,0x00,0x00,0x00,0x00,0x00,0x00,0x00,0x06,
  0xd4,0x00,0x07,0xf5,0x00,0x04,0xa3,0x00,0x07,0xf6,0x00,0x01,0x31,0x00,0x00,0x00,0x00,0x00,0x00,0x00,0x00,0x00,0x00,0x06,0xd5,0x00,0x07,0xf6,0x00,0x00,0x94,0x00,
  0x04,0xc0,0x00,0x02,0x00,0x00,0x00,0x00,0x00,0x04,0x00,0x00,0x00,0x18,0xee,0x00,0x00,0x4a,0xff,0xa3,0x00,0x0d,0xfc,0x61,0x00,0x00,0x0f,0xd5,0x00,0x00,0x00,0x04,
  0xbf,0xe9,0x20,0x00,0x00,0x02,0x8e,0xfb,0x00,0x00,0x00,0x00,0x6b,0x00,0x0c,0xff,0xff,0xff,0x00,0x06,0x77,0x77,0x77,0x00,0x00,0x00,0x00,0x00,0x00,0x0b,0xdd,0xdd,
  0xdd,0x00,0x07,0x99,0x99,0x99,0x00,0x00,0x00,0x00,0x00,0x00,0x03,0x00,0x00,0x00,0x00,0x0b,0xf9,0x20,0x00,0x00,0x02,0x8e,0xfc,0x50,0x00,0x00,0x00,0x5b,0xfe,0x20,
  0x00,0x00,0x04,0xcf,0x30,0x00,0x17,0xdf,0xc6,0x00,0x08,0xff,0xa3,0x00,0x00,0x08,0x71,0x00,0x00,0x00,0x00,0x00,0x10,0x00,0x00,0x01,0xaf,0xff,0xb1,0x00,0x0b,0xfa,
  0x7c,0xfa,0x00,0x0f,0xe0,0x02,0xfc,0x00,0x05,0x40,0x06,0xfa,0x00,0x00,0x00,0x7f,0xd1,0x00,0x00,0x03,0xfc,0x10,0x00,0x00,0x07,0xf3,0x00,0x00,0x00,0x01,0x30,0x00,
  0x00,0x00,0x07,0xd3,0x00,0x00,0x00,0x08,0xf4,0x00,0x00,0x00,0x00,0x00,0x11,0x10,0x00,0x00,0x00,0x03,0xae,0xfe,0xfe,0xa2,0x00,0x00,0x8f,0x72,0x00,0x03,0x9f,0x60,
  0x06,0xe2,0x01,0x78,0x61,0x05,0xf2,0x0e,0x60,0x2f,0xeb,0xfd,0x00,0xb9,0x2f,0x00,0x3a,0x20,0x7f,0x20,0x7c,0x5d,0x00,0x02,0x79,0xdf,0x20,0x6c,0x5d,0x00,0x4f,0xc8,
  0xbf,0x20,0x7b,0x3e,0x00,0xaf,0x00,0x9f,0x20,0xc6,0x0f,0x30,0x8f,0xab,0xff,0xab,0xc0,0x0a,0xb0,0x08,0xb8,0x17,0xa7,0x00,0x01,0xdb,0x30,0x00,0x01,0x00,0x00,0x00,
  0x08,0xef,0xdd,0xf9,0x00,0x00,0x00,0x00,0x01,0x32,0x10,0x00,0x00,0x00,0x03,0xff,0x70,0x00,0x00,0x00,0x0a,0xff,0xe0,0x00,0x00,0x00,0x0f,0xca,0xf4,0x00,0x00,0x00,
  0x6f,0x74,0xfa,0x00,0x00,0x00,0xcf,0x10,0xef,0x10,0x00,0x02,0xfb,0x00,0x8f,0x70,0x00,0x09,0xfd,0xbb,0xcf,0xd0,0x00,0x0e,0xfe,0xee,0xef,0xf3,0x00,0x5f,0x90,0x00,
  0x06,0xf9,0x00,0xbf,0x30,0x00,0x01,0xff,0x00,0x0d,0xff,0xff,0xfc,0x40,0x0e,0xfa,0xaa,0xbf,0xf1,0x0e,0xf0,0x00,0x0b,0xf4,0x0e,0xf0,0x00,0x0d,0xf1,0x0e,0xfe,0xee,
  0xff,0x40,0x0e,0xfb,0xbb,0xbf,0xc0,0x0e,0xf0,0x00,0x07,0xf7,0x0e,0xf0,0x00,0x07,0xf8,0x0e,0xf9,0x99,0xaf,0xf4,0x0e,0xff,0xff,0xfe,0x70,0x00,0x00,0x01,0x00,0x00,
  0x00,0x4d,0xff,0xfc,0x30,0x05,0xff,0x97,0xaf,0xf3,0x0e,0xf3,0x00,0x06,0xfb,0x3f,0xc0,0x00,0x00,0xb9,0x5f,0x90,0x00,0x00,0x00,0x5f,0x90,0x00,0x00,0x00,0x3f,0xb0,
  0x00,0x00,0xa9,0x0e,0xf3,0x00,0x04,0xfb,0x06,0xff,0x87,0x9f,0xf4,0x00,0x6d,0xff,0xfd,0x40,0x00,0x00,0x12,0x10,0x00,0x0d,0xff,0xfe,0xc7,0x00,0x00,0x0e,0xfa,0xab,
  0xef,0xc0,0x00,0x0e,0xf0,0x00,0x0c,0xf7,0x00,0x0e,0xf0,0x00,0x04,0xfc,0x00,0x0e,0xf0,0x00,0x01,0xfe,0x00,0x0e,0xf0,0x00,0x01,0xfe,0x00,0x0e,0xf0,0x00,0x03,0xfc,
  0x00,0x0e,0xf0,0x00,0x0b,0xf7,0x00,0x0e,0xf9,0x9a,0xef,0xc0,0x00,0x0e,0xff,0xff,0xd8,0x00,0x00,0x0d,0xff,0xff,0xff,0xd0,0x0e,0xfa,0xaa,0xaa,0x90,0x0e,0xf0,0x00,
  0x00,0x00,0x0e,0xf0,0x00,0x00,0x00,0x0e,0xfe,0xee,0xee,0x30,0x0e,0xfb,0xbb,0xbb,0x20,0x0e,0xf0,0x00,0x00,0x00,0x0e,0xf0,0x00,0x00,0x00,0x0e,0xf9,0x99,0x99,0x90,
  0x0e,0xff,0xff,0xff,0xf0,0x0d,0xff,0xff,0xff,0x30,0x0e,0xfa,0xaa,0xaa,0x20,0x0e,0xf0,0x00,0x00,0x00,0x0e,0xf0,0x00,0x00,0x00,0x0e,0xfa,0xaa,0xa7,0x00,0x0e,0xff,
  0xff,0xfb,0x00,0x0e,0xf0,0x00,0x00,0x00,0x0e,0xf0,0x00,0x00,0x00,0x0e,0xf0,0x00,0x00,0x00,0x0e,0xf0,0x00,0x00,0x00,0x00,0x00,0x01,0x10,0x00,0x00,0x00,0x3b,0xff,
  0xfe,0x91,0x00,0x03,0xff,0xb7,0x8d,0xfd,0x00,0x0c,0xf6,0x00,0x00,0xbf,0x50,0x1f,0xe0,0x00,0x00,0x37,0x30,0x3f,0xb0,0x03,0x55,0x55,0x20,0x3f,0xb0,0x09,0xff,0xff,
  0x80,0x1f,0xd0,0x02,0x33,0x8f,0x80,0x0d,0xf4,0x00,0x00,0xbf,0x80,0x04,0xff,0x97,0x7d,0xff,0x80,0x00,0x4d,0xff,0xfd,0x4e,0x80,0x00,0x00,0x12,0x10,0x00,0x00,0x0d,
  0xf0,0x00,0x05,0xf7,0x00,0x0e,0xf0,0x00,0x06,0xf8,0x00,0x0e,0xf0,0x00,0x06,0xf8,0x00,0x0e,0xf0,0x00,0x06,0xf8,0x00,0x0e,0xfe,0xee,0xef,0xf8,0x00,0x0e,0xfb,0xbb,
  0xbd,0xf8,0x00,0x0e,0xf0,0x00,0x06,0xf8,0x00,0x0e,0xf0,0x00,0x06,0xf8,0x00,0x0e,0xf0,0x00,0x06,0xf8,0x00,0x0e,0xf0,0x00,0x06,0xf8,0x00,0x0d,0xf0,0x0e,0xf0,0x0e,
  0xf0,0x0e,0xf0,0x0e,0xf0,0x0e,0xf0,0x0e,0xf0,0x0e,0xf0,0x0e,0xf0,0x0e,0xf0,0x00,0x00,0x07,0xf6,0x00,0x00,0x07,0xf7,0x00,0x00,0x07,0xf7,0x00,0x00,0x07,0xf7,0x00,
  0x00,0x07,0xf7,0x00,0x00,0x07,0xf7,0x25,0x10,0x07,0xf6,0x7f,0x70,0x09,0xf5,0x3f,0xe7,0x8f,0xf1,0x07,0xff,0xfe,0x40,0x00,0x02,0x20,0x00,0x0d,0xf0,0x00,0x2d,0xe4,
  0x0e,0xf0,0x01,0xef,0x50,0x0e,0xf0,0x1d,0xf5,0x00,0x0e,0xf1,0xdf,0x60,0x00,0x0e,0xfc,0xff,0x20,0x00,0x0e,0xff,0xbf,0xc0,0x00,0x0e,0xf5,0x0b,0xf7,0x00,0x0e,0xf0,
  0x02,0xff,0x20,0x0e,0xf0,0x00,0x6f,0xc0,0x0e,0xf0,0x00,0x0c,0xf6,0x0d,0xf0,0x00,0x00,0x0e,0xf0,0x00,0x00,0x0e,0xf0,0x00,0x00,0x0e,0xf0,0x00,0x00,0x0e,0xf0,0x00,
  0x00,0x0e,0xf0,0x00,0x00,0x0e,0xf0,0x00,0x00,0x0e,0xf0,0x00,0x00,0x0e,0xfa,0xaa,0xa9,0x0e,0xff,0xff,0xff,0x0d,0xff,0x30,0x00,0xef,0xf2,0x0e,0xff,0x70,0x03,0xff,
  0xf2,0x0e,0xde,0xc0,0x08,0xfc,0xf2,0x0e,0xea,0xf1,0x0c,0xcb,0xf2,0x0e,0xe6,0xf5,0x1f,0x8b,0xf2,0x0e,0xe1,0xf9,0x5f,0x3c,0xf2,0x0e,0xe0,0xce,0x9f,0x0c,0xf2,0x0e,
  0xe0,0x8f,0xea,0x0c,0xf2,0x0e,0xe0,0x3f,0xf6,0x0c,0xf2,0x0e,0xe0,0x0e,0xf1,0x0c,0xf2,0x0d,0xf3,0x00,0x04,0xf7,0x00,0x0e,0xfe,0x10,0x04,0xf8,0x00,0x0e,0xff,0xa0,
  0x04,0xf8,0x00,0x0e,0xfd,0xf6,0x04,0xf8,0x00,0x0e,0xe3,0xff,0x24,0xf8,0x00,0x0e,0xe0,0x8f,0xd5,0xf8,0x00,0x0e,0xe0,0x0c,0xfd,0xf8,0x00,0x0e,0xe0,0x02,0xff,0xf8,
  0x00,0x0e,0xe0,0x00,0x5f,0xf8,0x00,0x0e,0xe0,0x00,0x0a,0xf8,0x00,0x00,0x00,0x01,0x10,0x00,0x00,0x00,0x4c,0xff,0xfe,0x70,0x00,0x05,0xff,0xa7,0x9e,0xfa,0x00,0x0e,
  0xf4,0x00,0x01,0xdf,0x30,0x3f,0xc0,0x00,0x00,0x6f,0x80,0x5f,0x90,0x00,0x00,0x4f,0xa0,0x5f,0x90,0x00,0x00,0x4f,0xa0,0x3f,0xc0,0x00,0x00,0x6f,0x80,0x0e,0xf4,0x00,
  0x01,0xdf,0x40,0x05,0xff,0x97,0x8e,0xfa,0x00,0x00,0x4d,0xff,0xfe,0x80,0x00,0x00,0x00,0x12,0x10,0x00,0x00,0x0d,0xff,0xff,0xeb,0x20,0x0e,0xfa,0xaa,0xcf,0xe0,0x0e,
  0xf0,0x00,0x0b,0xf4,0x0e,0xf0,0x00,0x09,0xf5,0x0e,0xf2,0x22,0x4e,0xf2,0x0e,0xff,0xff,0xff,0x80,0x0e,0xf7,0x77,0x63,0x00,0x0e,0xf0,0x00,0x00,0x00,0x0e,0xf0,0x00,
  0x00,0x00,0x0e,0xf0,0x00,0x00,0x00,0x00,0x00,0x01,0x10,0x00,0x00,0x00,0x4c,0xff,0xfe,0x70,0x00,0x05,0xff,0xa7,0x9e,0xfa,0x00,0x0e,0xf4,0x00,0x01,0xdf,0x30,0x3f,
  0xc0,0x00,0x00,0x6f,0x80,0x5f,0x90,0x00,0x00,0x4f,0xa0,0x5f,0x90,0x00,0x00,0x4f,0xa0,0x3f,0xc0,0x00,0x00,0x6f,0x80,0x0e,0xf4,0x00,0x01,0xdf,0x40,0x05,0xff,0x97,
  0x8e,0xfa,0x00,0x00,0x4d,0xff,0xff,0x90,0x00,0x00,0x00,0x12,0x8f,0xd1,0x00,0x00,0x00,0x00,0x08,0xeb,0x00,0x0d,0xff,0xff,0xfc,0x50,0x0e,0xfa,0xaa,0xbf,0xf3,0x0e,
  0xf0,0x00,0x07,0xf8,0x0e,0xf0,0x00,0x05,0xf9,0x0e,0xf4,0x44,0x5d,0xf5,0x0e,0xff,0xff,0xff,0x90,0x0e,0xf4,0x44,0xdf,0x20,0x0e,0xf0,0x00,0x5f,0xb0,0x0e,0xf0,0x00,
  0x0d,0xf3,0x0e,0xf0,0x00,0x05,0xfb,0x00,0x00,0x11,0x00,0x00,0x01,0xaf,0xff,0xe7,0x00,0x0c,0xfb,0x78,0xef,0x70,0x1f,0xd0,0x00,0x2f,0xb0,0x0e,0xf9,0x20,0x00,0x00,
  0x04,0xef,0xfe,0x93,0x00,0x00,0x06,0xae,0xff,0x60,0x13,0x10,0x00,0x6f,0xf0,0x4f,0xa0,0x00,0x0e,0xf0,0x0e,0xfa,0x77,0xbf,0xb0,0x02,0xbf,0xff,0xfa,0x10,0x00,0x00,
  0x22,0x00,0x00,0x9f,0xff,0xff,0xff,0x90,0x6a,0xad,0xfc,0xaa,0x60,0x00,0x07,0xf6,0x00,0x00,0x00,0x07,0xf6,0x00,0x00,0x00,0x07,0xf6,0x00,0x00,0x00,0x07,0xf6,0x00,
  0x00,0x00,0x07,0xf6,0x00,0x00,0x00,0x07,0xf6,0x00,0x00,0x00,0x07,0xf6,0x00,0x00,0x00,0x07,0xf6,0x00,0x00,0x0e,0xe0,0x00,0x06,0xf6,0x00,0x0f,0xe0,0x00,0x07,0xf7,
  0x00,0x0f,0xe0,0x00,0x07,0xf7,0x00,0x0f,0xe0,0x00,0x07,0xf7,0x00,0x0f,0xe0,0x00,0x07,0xf7,0x00,0x0f,0xe0,0x00,0x07,0xf7,0x00,0x0f,0xf0,0x00,0x07,0xf7,0x00,0x0d,
  0xf3,0x00,0x0b,0xf4,0x00,0x06,0xfe,0x87,0xbf,0xd0,0x00,0x00,0x7e,0xff,0xfb,0x20,0x00,0x00,0x00,0x12,0x00,0x00,0x00,0xaf,0x50,0x00,0x08,0xf6,0x5f,0xb0,0x00,0x0d,
  0xf1,0x0f,0xf0,0x00,0x3f,0xb0,0x09,0xf6,0x00,0x8f,0x50,0x03,0xfb,0x00,0xee,0x00,0x00,0xdf,0x13,0xf9,0x00,0x00,0x8f,0x69,0xf3,0x00,0x00,0x2f,0xce,0xd0,0x00,0x00,
  0x0c,0xff,0x80,0x00,0x00,0x06,0xff,0x20,0x00,0xbf,0x30,0x05,0xff,0x40,0x02,0xf8,0x7f,0x80,0x08,0xff,0x80,0x07,0xf4,0x3f,0xc0,0x0c,0xdf,0xc0,0x0b,0xf0,0x0e,0xf0,
  0x0f,0xac,0xf0,0x0f,0xb0,0x0a,0xf4,0x4f,0x78,0xf3,0x3f,0x70,0x06,0xf8,0x7f,0x34,0xf7,0x7f,0x30,0x01,0xfc,0xbf,0x00,0xfb,0xbe,0x00,0x00,0xdf,0xeb,0x00,0xce,0xea,
  0x00,0x00,0x9f,0xf7,0x00,0x9f,0xf6,0x00,0x00,0x4f,0xf3,0x00,0x5f,0xf1,0x00,0x2f,0xe2,0x00,0x1e,0xe2,0x08,0xfc,0x00,0xaf,0x60,0x00,0xcf,0x65,0xfb,0x00,0x00,0x2f,
  0xfe,0xf1,0x00,0x00,0x07,0xff,0x60,0x00,0x00,0x0c,0xff,0xb0,0x00,0x00,0x7f,0xad,0xf6,0x00,0x02,0xfe,0x13,0xff,0x20,0x0c,0xf5,0x00,0x8f,0xb0,0x8f,0xa0,0x00,0x0d,
  0xf6,0x8f,0x90,0x00,0x0a,0xf5,0x0e,0xf3,0x00,0x4f,0xb0,0x04,0xfd,0x00,0xdf,0x20,0x00,0x9f,0x78,0xf7,0x00,0x00,0x1e,0xff,0xc0,0x00,0x00,0x05,0xff,0x20,0x00,0x00,
  0x00,0xfd,0x00,0x00,0x00,0x00,0xfd,0x00,0x00,0x00,0x00,0xfd,0x00,0x00,0x00,0x00,0xfd,0x00,0x00,0x3f,0xff,0xff,0xff,0x80,0x2a,0xaa,0xac,0xff,0x20,0x00,0x00,0x0d,
  0xf6,0x00,0x00,0x00,0x9f,0xb0,0x00,0x00,0x04,0xfe,0x10,0x00,0x00,0x1e,0xf4,0x00,0x00,0x00,0xbf,0x90,0x00,0x00,0x07,0xfd,0x00,0x00,0x00,0x2f,0xfc,0x99,0x99,0x60,
  0x9f,0xff,0xff,0xff,0xa0,0x04,0xaa,0x60,0x06,0xfa,0x50,0x06,0xf1,0x00,0x06,0xf1,0x00,0x06,0xf1,0x00,0x06,0xf1,0x00,0x06,0xf1,0x00,0x06,0xf1,0x00,0x06,0xf1,0x00,
  0x06,0xf1,0x00,0x06,0xf1,0x00,0x06,0xf1,0x00,0x06,0xfe,0x80,0x02,0x55,0x30,0x93,0x00,0x00,0xb9,0x00,0x00,0x6d,0x00,0x00,0x2f,0x20,0x00,0x0e,0x60,0x00,0x09,0xa0,
  0x00,0x05,0xe0,0x00,0x01,0xf3,0x00,0x00,0xd7,0x00,0x00,0x8b,0x00,0x00,0x4f,0x00,0x00,0x0b,0x20,0x7a,0xa3,0x00,0x6a,0xf5,0x00,0x02,0xf5,0x00,0x02,0xf5,0x00,0x02,
  0xf5,0x00,0x02,0xf5,0x00,0x02,0xf5,0x00,0x02,0xf5,0x00,0x02,0xf5,0x00,0x02,0xf5,0x00,0x02,0xf5,0x00,0x02,0xf5,0x00,0x9e,0xf5,0x00,0x35,0x51,0x00,0x00,0x05,0xf8,
  0x00,0x00,0x00,0x0c,0xfe,0x00,0x00,0x00,0x2f,0x5f,0x50,0x00,0x00,0x8e,0x0b,0xc0,0x00,0x00,0xe8,0x05,0xf2,0x00,0x03,0xb2,0x00,0xb6,0x00,0x00,0x00,0x00,0x00,0x00,
  0x00,0x00,0x00,0x00,0x00,0x00,0x00,0x00,0x00,0x00,0x00,0x00,0x00,0x00,0x00,0x11,0x11,0x11,0x10,0xff,0xff,0xff,0xf5,0x22,0x22,0x22,0x20,0x67,0x00,0x3f,0x70,0x04,
  0x60,0x00,0x00,0x00,0x00,0x00,0x00,0x00,0x00,0x00,0x00,0x00,0x00,0x00,0x00,0x00,0x00,0x02,0x9c,0xc8,0x10,0x0e,0xfa,0xaf,0xb0,0x1a,0x60,0x0c,0xf0,0x00,0x48,0x9e,
  0xf0,0x1d,0xfc,0xae,0xf0,0x6f,0x60,0x0d,0xf0,0x7f,0xa4,0x9f,0xf5,0x1d,0xff,0xc7,0xff,0x00,0x21,0x00,0x11,0x07,0x50,0x00,0x00,0x00,0x1f,0xb0,0x00,0x00,0x00,0x1f,
  0xb0,0x00,0x00,0x00,0x1f,0xb6,0xbc,0x60,0x00,0x1f,0xfe,0xbe,0xf6,0x00,0x1f,0xf1,0x02,0xfd,0x00,0x1f,0xc0,0x00,0xdf,0x00,0x1f,0xb0,0x00,0xdf,0x00,0x1f,0xe0,0x00,
  0xfe,0x00,0x1f,0xfa,0x5a,0xf9,0x00,0x1f,0x8c,0xff,0xc1,0x00,0x00,0x00,0x12,0x00,0x00,0x00,0x8b,0xc9,0x10,0x0c,0xfc,0xbf,0xe0,0x3f,0xa0,0x09,0xf4,0x6f,0x60,0x01,
  0x31,0x6f,0x60,0x00,0x00,0x5f,0x80,0x05,0xd4,0x0e,0xf6,0x5d,0xf1,0x04,0xef,0xfe,0x50,0x00,0x02,0x20,0x00,0x00,0x00,0x01,0x74,0x00,0x00,0x00,0x02,0xfa,0x00,0x00,
  0x00,0x02,0xfa,0x00,0x01,0x9c,0xa4,0xfa,0x00,0x0d,0xfd,0xcf,0xfa,0x00,0x3f,0xb0,0x07,0xfa,0x00,0x6f,0x60,0x02,0xfa,0x00,0x6f,0x60,0x02,0xfa,0x00,0x5f,0x80,0x05,
  0xfa,0x00,0x1f,0xf7,0x6e,0xfa,0x00,0x05,0xff,0xf7,0xea,0x00,0x00,0x02,0x00,0x00,0x00,0x00,0x7b,0xc9,0x20,0x0c,0xfc,0xaf,0xe0,0x3f,0xa0,0x06,0xf6,0x6f,0xca,0xab,
  0xf8,0x6f,0xca,0xaa,0xa5,0x5f,0x80,0x02,0xa5,0x0e,0xe5,0x4b,0xf5,0x03,0xdf,0xff,0x80,0x00,0x01,0x20,0x00,0x00,0x79,0x30,0x08,0xfe,0x60,0x0a,0xf1,0x00,0x8e,0xfa,
  0x40,0xaf,0xfd,0x60,0x0b,0xf1,0x00,0x0b,0xf1,0x00,0x0b,0xf1,0x00,0x0b,0xf1,0x00,0x0b,0xf1,0x00,0x0b,0xf1,0x00,0x00,0x00,0x00,0x7e,0x40,0x00,0x7b,0xca,0xfb,0x00,
  0x0b,0xf9,0x7d,0xf2,0x00,0x1f,0xb0,0x04,0xf7,0x00,0x0f,0xd0,0x07,0xf6,0x00,0x06,0xff,0xef,0xc0,0x00,0x2e,0xb6,0x53,0x00,0x00,0x3f,0xea,0xaa,0xa4,0x00,0x2e,0xed,
  0xdd,0xff,0x20,0xbf,0x10,0x00,0x7f,0x50,0x9f,0xca,0xaa,0xee,0x10,0x08,0xaa,0xaa,0x81,0x00,0x07,0x50,0x00,0x00,0x1f,0xb0,0x00,0x00,0x1f,0xb0,0x00,0x00,0x1f,0xb5,
  0xbc,0x70,0x1f,0xff,0xcf,0xf5,0x1f,0xf1,0x05,0xf8,0x1f,0xb0,0x03,0xf9,0x1f,0xb0,0x03,0xf9,0x1f,0xb0,0x03,0xf9,0x1f,0xb0,0x03,0xf9,0x1f,0xb0,0x03,0xf9,0x07,0x50,
  0x1f,0xb0,0x03,0x20,0x0a,0x70,0x1f,0xb0,0x1f,0xb0,0x1f,0xb0,0x1f,0xb0,0x1f,0xb0,0x1f,0xb0,0x1f,0xb0,0x00,0x75,0x00,0x01,0xfb,0x00,0x00,0x32,0x00,0x00,0xa7,0x00,
  0x01,0xfb,0x00,0x01,0xfb,0x00,0x01,0xfb,0x00,0x01,0xfb,0x00,0x01,0xfb,0x00,0x01,0xfb,0x00,0x01,0xfb,0x00,0x01,0xfb,0x00,0x5d,0xf8,0x00,0x39,0x80,0x00,0x07,0x50,
  0x00,0x00,0x1f,0xb0,0x00,0x00,0x1f,0xb0,0x00,0x00,0x1f,0xb0,0x08,0xa2,0x1f,0xb0,0x7f,0x80,0x1f,0xb5,0xfa,0x00,0x1f,0xdf,0xf2,0x00,0x1f,0xfe,0xfa,0x00,0x1f,0xe1,
  0xbf,0x30,0x1f,0xb0,0x2f,0xc0,0x1f,0xb0,0x0a,0xf6,0x07,0x50,0x1f,0xb0,0x1f,0xb0,0x1f,0xb0,0x1f,0xb0,0x1f,0xb0,0x1f,0xb0,0x1f,0xb0,0x1f,0xb0,0x1f,0xb0,0x1f,0xb0,
  0x0a,0x46,0xcb,0x33,0xac,0x70,0x1f,0xee,0xdf,0xef,0xcf,0xf6,0x1f,0xf1,0x0b,0xf7,0x04,0xf9,0x1f,0xb0,0x09,0xf2,0x02,0xf9,0x1f,0xb0,0x09,0xf2,0x02,0xf9,0x1f,0xb0,
  0x09,0xf2,0x02,0xf9,0x1f,0xb0,0x09,0xf2,0x02,0xf9,0x1f,0xb0,0x09,0xf2,0x02,0xf9,0x0a,0x45,0xbc,0x70,0x1f,0xef,0xcf,0xf5,0x1f,0xf1,0x05,0xf8,0x1f,0xb0,0x03,0xf9,
  0x1f,0xb0,0x03,0xf9,0x1f,0xb0,0x03,0xf9,0x1f,0xb0,0x03,0xf9,0x1f,0xb0,0x03,0xf9,0x00,0x7b,0xca,0x40,0x00,0x0b,0xfd,0xae,0xf6,0x00,0x3f,0xb0,0x01,0xfe,0x00,0x6f,
  0x60,0x00,0xcf,0x10,0x6f,0x60,0x00,0xbf,0x10,0x4f,0x80,0x00,0xef,0x00,0x0e,0xf7,0x49,0xfa,0x00,0x03,0xdf,0xff,0xa0,0x00,0x00,0x01,0x20,0x00,0x00,0x0a,0x46,0xbb,
  0x60,0x00,0x1f,0xee,0xbe,0xf6,0x00,0x1f,0xf1,0x02,0xfd,0x00,0x1f,0xc0,0x00,0xdf,0x00,0x1f,0xb0,0x00,0xdf,0x00,0x1f,0xe0,0x00,0xfe,0x00,0x1f,0xfa,0x5a,0xf9,0x00,
  0x1f,0xcc,0xff,0xc1,0x00,0x1f,0xb0,0x12,0x00,0x00,0x1f,0xb0,0x00,0x00,0x00,0x08,0x50,0x00,0x00,0x00,0x01,0x9c,0xa2,0x86,0x00,0x0d,0xfd,0xce,0xfa,0x00,0x3f,0xb0,
  0x07,0xfa,0x00,0x6f,0x60,0x02,0xfa,0x00,0x6f,0x60,0x02,0xfa,0x00,0x5f,0x80,0x05,0xfa,0x00,0x1f,0xf7,0x6e,0xfa,0x00,0x05,0xff,0xf8,0xfa,0x00,0x00,0x02,0x02,0xfa,
  0x00,0x00,0x00,0x02,0xfa,0x00,0x00,0x00,0x01,0x85,0x00,0x0a,0x48,0xc1,0x1f,0xdf,0xf1,0x1f,0xf4,0x00,0x1f,0xc0,0x00,0x1f,0xb0,0x00,0x1f,0xb0,0x00,0x1f,0xb0,0x00,
  0x1f,0xb0,0x00,0x02,0x9c,0xc8,0x10,0x0e,0xfa,0xbf,0xd0,0x3f,0xa0,0x06,0x90,0x0e,0xfe,0x95,0x00,0x01,0x7c,0xff,0xc0,0x26,0x20,0x1b,0xf4,0x4f,0xc4,0x4c,0xf2,0x08,
  0xff,0xff,0x70,0x00,0x02,0x20,0x00,0x07,0xa0,0x00,0x0b,0xe0,0x00,0x8f,0xfa,0x10,0xaf,0xfd,0x20,0x0e,0xe0,0x00,0x0e,0xe0,0x00,0x0e,0xe0,0x00,0x0e,0xe0,0x00,0x0d,
  0xf5,0x00,0x07,0xff,0x20,0x00,0x11,0x00,0x1a,0x60,0x02,0xa5,0x1f,0xa0,0x04,0xf8,0x1f,0xa0,0x04,0xf8,0x1f,0xa0,0x04,0xf8,0x1f,0xa0,0x04,0xf8,0x1f,0xb0,0x06,0xf8,
  0x0f,0xf7,0x7f,0xf8,0x06,0xff,0xe5,0xf8,0x00,0x02,0x00,0x00,0x89,0x00,0x03,0xa4,0x8f,0x50,0x09,0xf2,0x2f,0xa0,0x0e,0xc0,0x0c,0xf1,0x4f,0x60,0x06,0xf6,0xaf,0x10,
  0x00,0xfa,0xea,0x00,0x00,0xaf,0xf5,0x00,0x00,0x4f,0xe0,0x00,0x89,0x00,0x4a,0x50,0x08,0x80,0x9f,0x20,0xaf,0xc0,0x0f,0x90,0x5f,0x60,0xee,0xf0,0x4f,0x50,0x0f,0xa2,
  0xf8,0xf4,0x8f,0x00,0x0b,0xe6,0xf1,0xf8,0xcb,0x00,0x06,0xfb,0xd0,0xcc,0xf6,0x00,0x02,0xff,0x90,0x8f,0xf2,0x00,0x00,0xdf,0x50,0x5f,0xd0,0x00,0x4a,0x60,0x05,0xa4,
  0x0d,0xf3,0x2f,0xd0,0x03,0xfd,0xcf,0x20,0x00,0x8f,0xf7,0x00,0x00,0x6f,0xf6,0x00,0x02,0xfc,0xef,0x20,0x0c,0xf2,0x5f,0xb0,0x8f,0x70,0x0a,0xf6,0x89,0x00,0x03,0xa4,
  0x7f,0x50,0x08,0xf3,0x1f,0xc0,0x0d,0xd0,0x0b,0xf2,0x3f,0x70,0x05,0xf8,0x8f,0x20,0x00,0xec,0xcc,0x00,0x00,0x8f,0xf7,0x00,0x00,0x2f,0xf1,0x00,0x00,0x4f,0xa0,0x00,
  0x3d,0xff,0x20,0x00,0x29,0x92,0x00,0x00,0x4a,0xaa,0xaa,0x70,0x5d,0xdd,0xff,0x80,0x00,0x04,0xfc,0x00,0x00,0x1e,0xf2,0x00,0x00,0xbf,0x60,0x00,0x07,0xfa,0x00,0x00,
  0x3f,0xf8,0x77,0x60,0xaf,0xff,0xff,0xf0,0x00,0x28,0x90,0x00,0xdd,0x60,0x00,0xf8,0x00,0x00,0xf7,0x00,0x00,0xf6,0x00,0x02,0xf5,0x00,0x5e,0xa0,0x00,0x2b,0xe2,0x00,
  0x00,0xf6,0x00,0x00,0xf6,0x00,0x00,0xf7,0x00,0x00,0xf9,0x00,0x00,0xaf,0xb0,0x00,0x02,0x40,0x06,0x30,0x0e,0x70,0x0e,0x70,0x0e,0x70,0x0e,0x70,0x0e,0x70,0x0e,0x70,
  0x0e,0x70,0x0e,0x70,0x0e,0x70,0x0e,0x70,0x0e,0x70,0x0e,0x70,0x0b,0x50,0x1a,0x60,0x00,0x17,0xf8,0x00,0x00,0xcb,0x00,0x00,0xbc,0x00,0x00,0xbc,0x00,0x00,0xad,0x00,
  0x00,0x2b,0xe1,0x00,0x6f,0x90,0x00,0xac,0x00,0x00,0xbc,0x00,0x00,0xcc,0x00,0x00,0xdb,0x00,0x2d,0xf5,0x00,0x04,0x10,0x00,0x01,0x88,0x30,0x02,0x20,0x0e,0xff,0xfd,
  0xcf,0x30,0x09,0x11,0x6c,0xd7,0x00,0x00,0x00,0x00,0x00,0x00,0x00,0x00,0x00,0x00,0x00,0x00,0x00,0x00,0x00,0x00,0x00,0x10,0x00,0x08,0xf5,0x00,0x06,0xc3,0x00,0x00,
  0x00,0x00,0x00,0x00,0x00,0x00,0x00,0x00,0x00,0x00,0x00,0x99,0x99,0x99,0x99,0x99,0x99,0x99,0x40,0xbb,0xbb,0xbb,0xbb,0xbb,0xbb,0xbb,0x50,0x00,0x00,0x00,0x00,0x00,
  0x00,0x00,0x00,0x00,0x00,0x00,0x00,0x00,0x00,0x00,0x00,0x00,0x00,0x00,0x00,0x00,0x00,0x00,0x00,0x0a,0xd1,0x00,0xcc,0x00,0x1d,0xa0,0x0c,0xf1,0x00,0xee,0x00,0x1f,
  0xb0,0x02,0xcd,0x40,0x0b,0xff,0xe0,0x0b,0xff,0xe0,0x03,0xdd,0x50,0x00,0x00,0x00,0x00,0x00,0x00,0x00,0x00,0x00,0x02,0x22,0x22,0x22,0x00,0x0e,0xb9,0x99,0x9f,0x50,
  0x0c,0xc0,0x00,0x6c,0x50,0x0b,0x58,0x02,0xb6,0x50,0x0b,0x0a,0x3b,0x26,0x50,0x0b,0x01,0xd7,0x06,0x50,0x0b,0x02,0xd8,0x06,0x50,0x0b,0x0b,0x2a,0x36,0x50,0x0b,0x67,
  0x01,0xc6,0x50,0x0c,0xb0,0x00,0x5d,0x50,0x0e,0xdb,0xbb,0xbf,0x50,0x0c,0xf0,0x0c,0xf0,0x00,0xe0,0x0a,0x60,0x01,0x00,0x00,0x00,0x00,0x00,0x00,0x00,0x00,0x00,0x00,
  0x00,
};
const sig_font_t sigf_1 = { 0, 600, 14.5f, 13, 4, 0, 101, sigf_1_ch, sigf_1_gl, sigf_1_bmp, 4321 };
// --- disp 600 normal 15px  (101 glyphs, 4847 bytes)
static const sig_glyph_t sigf_2_gl[] = {
  {0,0,0,0,0,3},
  {0,4,11,0,-11,4},
  {22,7,11,0,-11,7},
  {66,9,12,0,-11,9},
  {126,8,12,0,-11,8},
  {174,14,12,0,-11,14},
  {258,11,12,0,-11,11},
  {330,4,11,0,-11,4},
  {352,5,15,0,-12,5},
  {397,5,15,0,-12,5},
  {442,6,11,0,-11,6},
  {475,10,8,0,-8,10},
  {515,5,5,0,-2,4},
  {530,5,5,0,-5,5},
  {545,5,2,0,-2,4},
  {551,5,13,0,-12,4},
  {590,9,12,0,-11,9},
  {650,9,11,0,-11,9},
  {705,9,11,0,-11,9},
  {760,9,12,0,-11,9},
  {820,9,11,0,-11,9},
  {875,9,12,0,-11,9},
  {935,9,12,0,-11,9},
  {995,9,11,0,-11,9},
  {1050,9,12,0,-11,9},
  {1110,9,12,0,-11,9},
  {1170,5,8,0,-8,5},
  {1194,5,11,0,-8,5},
  {1227,10,8,0,-8,10},
  {1267,10,7,0,-7,10},
  {1302,10,8,0,-8,10},
  {1342,9,11,0,-11,9},
  {1397,15,14,0,-11,15},
  {1509,11,11,0,-11,11},
  {1575,11,11,0,-11,11},
  {1641,11,12,0,-11,11},
  {1713,11,11,0,-11,11},
  {1779,10,11,0,-11,10},
  {1834,9,11,0,-11,9},
  {1889,12,12,0,-11,12},
  {1961,11,11,0,-11,11},
  {2027,4,11,0,-11,4},
  {2049,9,12,0,-11,9},
  {2109,11,11,0,-11,10},
  {2175,9,11,0,-11,9},
  {2230,13,11,0,-11,13},
  {2307,11,11,0,-11,11},
  {2373,12,12,0,-11,12},
  {2445,10,11,0,-11,10},
  {2500,12,13,0,-11,12},
  {2578,11,11,0,-11,11},
  {2644,10,12,0,-11,10},
  {2704,9,11,0,-11,9},
  {2759,11,12,0,-11,11},
  {2831,10,11,0,-11,10},
  {2886,15,11,0,-11,14},
  {2974,11,11,0,-11,10},
  {3040,10,11,0,-11,10},
  {3095,10,11,0,-11,10},
  {3150,5,15,0,-12,5},
  {3195,5,13,0,-12,4},
  {3234,5,15,0,-12,5},
  {3279,10,11,0,-11,10},
  {3334,8,3,0,0,8},
  {3346,4,11,0,-11,3},
  {3368,9,10,0,-9,8},
  {3418,9,12,0,-11,9},
  {3478,8,10,0,-9,8},
  {3518,9,12,0,-11,9},
  {3578,8,10,0,-9,8},
  {3618,5,11,0,-11,5},
  {3651,9,13,0,-10,9},
  {3716,9,11,0,-11,9},
  {3771,4,11,0,-11,4},
  {3793,5,14,-1,-11,4},
  {3835,8,11,0,-11,8},
  {3879,4,11,0,-11,4},
  {3901,13,9,0,-9,13},
  {3964,9,9,0,-9,9},
  {4009,9,10,0,-9,9},
  {4059,9,12,0,-9,9},
  {4119,9,12,0,-9,9},
  {4179,6,9,0,-9,5},
  {4206,8,10,0,-9,8},
  {4246,5,12,0,-11,5},
  {4282,9,9,0,-8,9},
  {4327,8,8,0,-8,8},
  {4359,12,8,0,-8,11},
  {4407,9,8,0,-8,8},
  {4447,8,11,0,-8,8},
  {4491,8,8,0,-8,8},
  {4523,6,15,0,-12,6},
  {4568,4,14,0,-11,4},
  {4596,6,15,0,-12,6},
  {4641,10,6,0,-6,10},
  {4671,5,7,0,-7,5},
  {4692,15,5,0,-5,15},
  {4732,14,2,0,-2,14},
  {4746,6,8,0,-8,6},
  {4770,10,11,0,-11,10},
  {4825,4,11,0,-11,4},
};
static const char sigf_2_ch[] = " !\"#$%&'()*+,-./0123456789:;<=>?@ABCDEFGHIJKLMNOPQRSTUVWXYZ[\\]^_`abcdefghijklmnopqrstuvwxyz{|}~·—…•→’";
static const uint8_t sigf_2_bmp[] = {
  0x04,0x41,0x0d,0xf3,0x0c,0xf2,0x0b,0xf1,0x09,0xf0,0x08,0xf0,0x07,0xd0,0x06,0xc0,0x01,0x20,0x0b,0xe2,0x0c,0xf2,0x04,0x40,0x43,0x00,0x1f,0xd1,0xfd,0x00,0x1f,0xd1,
  0xfd,0x00,0x0f,0xb0,0xfb,0x00,0x0c,0x80,0xd7,0x00,0x00,0x00,0x00,0x00,0x00,0x00,0x00,0x00,0x00,0x00,0x00,0x00,0x00,0x00,0x00,0x00,0x00,0x00,0x00,0x00,0x00,0x00,
  0x00,0x00,0x00,0x07,0x30,0x56,0x00,0x00,0x2f,0x50,0xda,0x00,0x00,0x5f,0x20,0xf7,0x00,0x06,0xbf,0x79,0xf9,0x20,0x0f,0xff,0xff,0xff,0x60,0x00,0xf8,0x0a,0xd0,0x00,
  0x03,0xf4,0x0e,0xa0,0x00,0xaf,0xff,0xff,0xfa,0x00,0x4d,0xe7,0xaf,0x95,0x00,0x0d,0xa0,0x8f,0x00,0x00,0x0f,0x70,0xbc,0x00,0x00,0x03,0x10,0x22,0x00,0x00,0x00,0x03,
  0x60,0x00,0x00,0x06,0x91,0x00,0x06,0xff,0xff,0x90,0x2f,0xd3,0x3c,0xf3,0x2f,0xe5,0x01,0x31,0x09,0xff,0xfb,0x40,0x00,0x27,0xbf,0xf5,0x4b,0x50,0x06,0xf8,0x2f,0xe8,
  0x7d,0xf5,0x04,0xcf,0xfd,0x60,0x00,0x04,0x70,0x00,0x00,0x03,0x50,0x00,0x00,0x37,0x60,0x00,0x00,0x33,0x00,0x04,0xfb,0xed,0x00,0x04,0xf3,0x00,0x09,0xd0,0x4f,0x20,
  0x1e,0x70,0x00,0x0a,0xc0,0x3f,0x30,0xbb,0x00,0x00,0x07,0xf4,0x9f,0x07,0xe1,0x00,0x00,0x00,0xae,0xd6,0x3f,0x40,0x32,0x00,0x00,0x00,0x00,0xd8,0x2e,0xef,0x90,0x00,
  0x00,0x0a,0xc0,0x9e,0x06,0xf1,0x00,0x00,0x6e,0x10,0xac,0x04,0xf2,0x00,0x02,0xf5,0x00,0x9e,0x06,0xf1,0x00,0x0c,0x90,0x00,0x2e,0xff,0x90,0x00,0x00,0x00,0x00,0x00,
  0x21,0x00,0x00,0x04,0x77,0x40,0x00,0x00,0x03,0xef,0xff,0xfe,0x20,0x00,0x0d,0xf7,0x11,0x6f,0xc0,0x00,0x0f,0xf0,0x00,0x0a,0xa0,0x00,0x0a,0xf5,0x00,0x00,0x00,0x00,
  0x00,0xaf,0xfa,0x0d,0xff,0x40,0x08,0xfc,0x85,0x0e,0xf8,0x20,0x1f,0xc0,0x00,0x0e,0xf0,0x00,0x2f,0xc0,0x00,0x0f,0xe0,0x00,0x0d,0xfa,0x55,0xbf,0x80,0x00,0x01,0xbf,
  0xff,0xf9,0x00,0x00,0x00,0x00,0x22,0x00,0x00,0x00,0x04,0x40,0x1f,0xd0,0x1f,0xd0,0x0f,0xb0,0x0c,0x80,0x00,0x00,0x00,0x00,0x00,0x00,0x00,0x00,0x00,0x00,0x00,0x00,
  0x00,0x00,0x00,0x00,0x1d,0x60,0x00,0x9d,0x00,0x02,0xf7,0x00,0x08,0xf2,0x00,0x0c,0xe0,0x00,0x0f,0xb0,0x00,0x0f,0xa0,0x00,0x0f,0xb0,0x00,0x0d,0xd0,0x00,0x09,0xf1,
  0x00,0x04,0xf5,0x00,0x00,0xcb,0x00,0x00,0x2f,0x30,0x00,0x03,0x30,0x00,0x00,0x00,0x1e,0x40,0x00,0x08,0xe0,0x00,0x01,0xf7,0x00,0x00,0xcd,0x00,0x00,0x8f,0x20,0x00,
  0x6f,0x50,0x00,0x5f,0x60,0x00,0x5f,0x50,0x00,0x7f,0x30,0x00,0xbf,0x00,0x00,0xfa,0x00,0x06,0xf2,0x00,0x0d,0x80,0x00,0x15,0x00,0x00,0x00,0x23,0x00,0x02,0x78,0x21,
  0x3e,0xbc,0xe4,0x05,0xff,0x60,0x3d,0x9a,0xc5,0x00,0x79,0x00,0x00,0x00,0x00,0x00,0x00,0x00,0x00,0x00,0x00,0x00,0x00,0x00,0x00,0x00,0x00,0x00,0x00,0xa5,0x00,0x00,
  0x00,0x00,0xf7,0x00,0x00,0x00,0x00,0xf7,0x00,0x00,0x06,0x99,0xfc,0x99,0x20,0x0b,0xee,0xff,0xee,0x40,0x00,0x00,0xf7,0x00,0x00,0x00,0x00,0xf7,0x00,0x00,0x00,0x00,
  0xf7,0x00,0x00,0x0a,0xe2,0x00,0x0b,0xf3,0x00,0x00,0xd1,0x00,0x06,0xb0,0x00,0x04,0x00,0x00,0x5e,0xee,0x50,0x5c,0xcc,0x50,0x00,0x00,0x00,0x00,0x00,0x00,0x00,0x00,
  0x00,0x0a,0xe2,0x00,0x0b,0xf3,0x00,0x00,0x00,0x00,0x00,0x0f,0x50,0x00,0x4f,0x10,0x00,0x8c,0x00,0x00,0xc8,0x00,0x01,0xf4,0x00,0x05,0xf0,0x00,0x09,0xb0,0x00,0x0d,
  0x70,0x00,0x2f,0x20,0x00,0x6e,0x00,0x00,0xaa,0x00,0x00,0xa4,0x00,0x00,0x00,0x16,0x74,0x00,0x00,0x03,0xff,0xff,0xc0,0x00,0x0c,0xf4,0x19,0xf6,0x00,0x0f,0xc0,0x02,
  0xfa,0x00,0x3f,0xa0,0x00,0xfd,0x00,0x3f,0xa0,0x00,0xfd,0x00,0x3f,0xa0,0x00,0xfd,0x00,0x2f,0xb0,0x01,0xfc,0x00,0x0f,0xd0,0x03,0xf9,0x00,0x0a,0xf9,0x5c,0xf4,0x00,
  0x01,0xcf,0xff,0x70,0x00,0x00,0x01,0x20,0x00,0x00,0x00,0x00,0x13,0x00,0x00,0x01,0x5a,0xfc,0x00,0x00,0x08,0xff,0xfc,0x00,0x00,0x00,0x01,0xfc,0x00,0x00,0x00,0x01,
  0xfc,0x00,0x00,0x00,0x01,0xfc,0x00,0x00,0x00,0x01,0xfc,0x00,0x00,0x00,0x01,0xfc,0x00,0x00,0x00,0x01,0xfc,0x00,0x00,0x04,0x88,0xfe,0x88,0x00,0x08,0xff,0xff,0xff,
  0x10,0x00,0x15,0x76,0x10,0x00,0x04,0xff,0xff,0xe2,0x00,0x0e,0xf5,0x17,0xfa,0x00,0x1f,0xc0,0x00,0xfd,0x00,0x04,0x30,0x04,0xfb,0x00,0x00,0x00,0x2e,0xf4,0x00,0x00,
  0x05,0xff,0x60,0x00,0x00,0x8f,0xe4,0x00,0x00,0x08,0xfc,0x10,0x00,0x00,0x1f,0xfb,0xaa,0xa9,0x00,0x3f,0xff,0xff,0xff,0x00,0x00,0x16,0x75,0x00,0x00,0x05,0xff,0xff,
  0xd1,0x00,0x0f,0xf3,0x18,0xf9,0x00,0x1b,0x80,0x03,0xfb,0x00,0x00,0x00,0x09,0xf6,0x00,0x00,0x0a,0xff,0x80,0x00,0x00,0x05,0x8d,0xf4,0x00,0x02,0x10,0x01,0xfd,0x00,
  0x4f,0x90,0x00,0xfe,0x00,0x1f,0xf7,0x5b,0xfa,0x00,0x03,0xdf,0xff,0xa0,0x00,0x00,0x01,0x21,0x00,0x00,0x00,0x06,0x70,0x00,0x00,0x00,0x0f,0xd0,0x00,0x00,0x00,0x5f,
  0x82,0xc0,0x00,0x00,0xbf,0x18,0xd0,0x00,0x02,0xfa,0x0e,0xd0,0x00,0x09,0xf2,0x0f,0xd0,0x00,0x2f,0x90,0x0f,0xd0,0x00,0x8f,0xdc,0xcf,0xfc,0x10,0x6b,0xbb,0xbf,0xfb,
  0x10,0x00,0x00,0x0f,0xd0,0x00,0x00,0x00,0x0f,0xd0,0x00,0x02,0x44,0x44,0x41,0x00,0x09,0xff,0xff,0xf5,0x00,0x0a,0xf6,0x66,0x62,0x00,0x0c,0xf0,0x00,0x00,0x00,0x0d,
  0xe6,0xa9,0x30,0x00,0x0e,0xff,0xdf,0xf4,0x00,0x07,0x91,0x05,0xfb,0x00,0x03,0x10,0x00,0xfe,0x00,0x3f,0xb0,0x02,0xfc,0x00,0x0d,0xf8,0x5c,0xf7,0x00,0x02,0xcf,0xff,
  0x90,0x00,0x00,0x01,0x20,0x00,0x00,0x00,0x05,0x75,0x00,0x00,0x02,0xef,0xff,0xd1,0x00,0x0a,0xf5,0x09,0xf7,0x00,0x0f,0xc0,0x02,0xb7,0x00,0x2f,0xa4,0x88,0x30,0x00,
  0x3f,0xff,0xef,0xf5,0x00,0x3f,0xf3,0x04,0xfd,0x00,0x2f,0xd0,0x00,0xef,0x00,0x0f,0xe0,0x00,0xff,0x00,0x09,0xfa,0x5b,0xf9,0x00,0x00,0xaf,0xff,0xa0,0x00,0x00,0x01,
  0x21,0x00,0x00,0x14,0x44,0x44,0x44,0x00,0x5f,0xff,0xff,0xff,0x00,0x16,0x66,0x6a,0xf9,0x00,0x00,0x00,0x1e,0xc0,0x00,0x00,0x00,0xbf,0x20,0x00,0x00,0x04,0xf8,0x00,
  0x00,0x00,0x0c,0xf1,0x00,0x00,0x00,0x2f,0xa0,0x00,0x00,0x00,0x7f,0x60,0x00,0x00,0x00,0xaf,0x30,0x00,0x00,0x00,0xcf,0x30,0x00,0x00,0x00,0x16,0x75,0x00,0x00,0x05,
  0xff,0xff,0xd1,0x00,0x0e,0xf3,0x08,0xf8,0x00,0x0f,0xc0,0x02,0xfa,0x00,0x0d,0xf3,0x08,0xf7,0x00,0x02,0xff,0xff,0xb0,0x00,0x0b,0xfa,0x8d,0xf6,0x00,0x4f,0xa0,0x01,
  0xfe,0x00,0x5f,0x90,0x00,0xff,0x00,0x1f,0xf7,0x5a,0xfa,0x00,0x04,0xef,0xff,0xb1,0x00,0x00,0x02,0x21,0x00,0x00,0x00,0x26,0x74,0x00,0x00,0x06,0xff,0xff,0xb0,0x00,
  0x1f,0xe3,0x1a,0xf6,0x00,0x5f,0x90,0x03,0xfb,0x00,0x5f,0x90,0x03,0xfd,0x00,0x1f,0xf5,0x3c,0xfd,0x00,0x06,0xff,0xfc,0xfd,0x00,0x00,0x24,0x31,0xfb,0x00,0x0f,0xe0,
  0x04,0xf8,0x00,0x0b,0xf8,0x5d,0xf2,0x00,0x02,0xdf,0xff,0x60,0x00,0x00,0x02,0x20,0x00,0x00,0x06,0xe6,0x00,0x06,0xf7,0x00,0x00,0x00,0x00,0x00,0x00,0x00,0x00,0x00,
  0x00,0x00,0x00,0x00,0x06,0xe6,0x00,0x06,0xf7,0x00,0x05,0xe7,0x00,0x06,0xf8,0x00,0x00,0x00,0x00,0x00,0x00,0x00,0x00,0x00,0x00,0x00,0x00,0x00,0x05,0xe7,0x00,0x06,
  0xf8,0x00,0x00,0x86,0x00,0x03,0xd1,0x00,0x03,0x10,0x00,0x00,0x00,0x00,0x17,0x10,0x00,0x00,0x3a,0xff,0x20,0x00,0x6c,0xfe,0x82,0x00,0x0e,0xfb,0x50,0x00,0x00,0x0f,
  0xe8,0x20,0x00,0x00,0x03,0x9f,0xfb,0x50,0x00,0x00,0x01,0x7d,0xfe,0x20,0x00,0x00,0x00,0x4a,0x20,0x01,0x22,0x22,0x22,0x00,0x0c,0xff,0xff,0xff,0x50,0x04,0x55,0x55,
  0x55,0x10,0x00,0x00,0x00,0x00,0x00,0x0b,0xff,0xff,0xff,0x40,0x06,0x88,0x88,0x88,0x20,0x00,0x00,0x00,0x00,0x00,0x06,0x40,0x00,0x00,0x00,0x0a,0xfd,0x71,0x00,0x00,
  0x00,0x5b,0xff,0x93,0x00,0x00,0x00,0x17,0xef,0x60,0x00,0x00,0x04,0xbf,0x70,0x00,0x28,0xef,0xd6,0x00,0x08,0xff,0xa3,0x00,0x00,0x08,0x71,0x00,0x00,0x00,0x00,0x05,
  0x76,0x20,0x00,0x03,0xef,0xff,0xf6,0x00,0x0c,0xf7,0x26,0xff,0x00,0x0f,0xe0,0x00,0xef,0x10,0x01,0x10,0x06,0xfd,0x00,0x00,0x00,0x8f,0xe2,0x00,0x00,0x02,0xfd,0x10,
  0x00,0x00,0x05,0xf6,0x00,0x00,0x00,0x00,0x20,0x00,0x00,0x00,0x06,0xe6,0x00,0x00,0x00,0x07,0xf7,0x00,0x00,0x00,0x00,0x03,0x67,0x65,0x10,0x00,0x00,0x00,0x07,0xee,
  0xba,0xac,0xfb,0x20,0x00,0x00,0xbd,0x40,0x00,0x00,0x1a,0xe2,0x00,0x07,0xe1,0x03,0xac,0xb6,0x00,0xbb,0x00,0x0e,0x60,0x1f,0xd8,0xbf,0x50,0x3f,0x10,0x3f,0x10,0x17,
  0x30,0x2f,0x80,0x0f,0x40,0x4e,0x00,0x03,0x9c,0xdf,0x80,0x0f,0x40,0x4e,0x00,0x3f,0xc7,0x7f,0x80,0x1f,0x20,0x3f,0x00,0x8f,0x30,0x5f,0x80,0x6d,0x00,0x0f,0x40,0x6f,
  0xda,0xef,0xda,0xf4,0x00,0x09,0xc0,0x06,0xa9,0x24,0xa9,0x20,0x00,0x00,0xdc,0x30,0x00,0x01,0x00,0x00,0x00,0x00,0x08,0xee,0xcc,0xee,0x00,0x00,0x00,0x00,0x00,0x02,
  0x44,0x20,0x00,0x00,0x00,0x00,0x00,0x44,0x20,0x00,0x00,0x00,0x03,0xff,0xd0,0x00,0x00,0x00,0x09,0xfd,0xf3,0x00,0x00,0x00,0x0f,0xd5,0xfa,0x00,0x00,0x00,0x6f,0x80,
  0xff,0x10,0x00,0x00,0xcf,0x20,0xaf,0x60,0x00,0x02,0xfc,0x00,0x4f,0xc0,0x00,0x09,0xfe,0xdd,0xdf,0xf3,0x00,0x0e,0xfd,0xdd,0xde,0xf9,0x00,0x5f,0xa0,0x00,0x02,0xff,
  0x00,0xbf,0x40,0x00,0x00,0xcf,0x50,0x04,0x44,0x44,0x43,0x00,0x00,0x0d,0xff,0xff,0xff,0xc1,0x00,0x0d,0xf6,0x66,0x6d,0xf7,0x00,0x0d,0xf1,0x00,0x06,0xf9,0x00,0x0d,
  0xf2,0x11,0x2b,0xf4,0x00,0x0d,0xff,0xff,0xff,0x70,0x00,0x0d,0xf9,0x88,0x9d,0xf5,0x00,0x0d,0xf1,0x00,0x03,0xfd,0x00,0x0d,0xf1,0x00,0x03,0xfe,0x00,0x0d,0xfb,0xaa,
  0xbe,0xf9,0x00,0x0d,0xff,0xff,0xfe,0x90,0x00,0x00,0x01,0x57,0x63,0x00,0x00,0x00,0x9f,0xff,0xff,0xb1,0x00,0x08,0xfe,0x63,0x4c,0xfb,0x00,0x0f,0xf2,0x00,0x00,0xff,
  0x10,0x3f,0xc0,0x00,0x00,0x68,0x10,0x5f,0xb0,0x00,0x00,0x00,0x00,0x4f,0xb0,0x00,0x00,0x00,0x00,0x2f,0xd0,0x00,0x00,0x9c,0x20,0x0e,0xf5,0x00,0x01,0xff,0x00,0x05,
  0xff,0xa7,0x9e,0xf8,0x00,0x00,0x5d,0xff,0xfe,0x70,0x00,0x00,0x00,0x12,0x20,0x00,0x00,0x04,0x44,0x44,0x20,0x00,0x00,0x0d,0xff,0xff,0xfe,0x50,0x00,0x0d,0xf6,0x66,
  0x9f,0xf5,0x00,0x0d,0xf1,0x00,0x05,0xfd,0x00,0x0d,0xf1,0x00,0x00,0xef,0x20,0x0d,0xf1,0x00,0x00,0xcf,0x30,0x0d,0xf1,0x00,0x00,0xcf,0x30,0x0d,0xf1,0x00,0x00,0xff,
  0x10,0x0d,0xf1,0x00,0x09,0xfb,0x00,0x0d,0xfb,0xab,0xef,0xf2,0x00,0x0d,0xff,0xff,0xe9,0x20,0x00,0x04,0x44,0x44,0x44,0x40,0x0d,0xff,0xff,0xff,0xf2,0x0d,0xf6,0x66,
  0x66,0x61,0x0d,0xf1,0x00,0x00,0x00,0x0d,0xf2,0x11,0x11,0x00,0x0d,0xff,0xff,0xff,0x80,0x0d,0xf9,0x99,0x99,0x40,0x0d,0xf1,0x00,0x00,0x00,0x0d,0xf1,0x00,0x00,0x00,
  0x0d,0xfb,0xaa,0xaa,0xa2,0x0d,0xff,0xff,0xff,0xf4,0x04,0x44,0x44,0x44,0x20,0x0d,0xff,0xff,0xff,0x80,0x0d,0xf6,0x66,0x66,0x30,0x0d,0xf1,0x00,0x00,0x00,0x0d,0xf1,
  0x00,0x00,0x00,0x0d,0xfd,0xdd,0xdd,0x00,0x0d,0xfd,0xcc,0xcc,0x00,0x0d,0xf1,0x00,0x00,0x00,0x0d,0xf1,0x00,0x00,0x00,0x0d,0xf1,0x00,0x00,0x00,0x0d,0xf1,0x00,0x00,
  0x00,0x00,0x00,0x47,0x75,0x10,0x00,0x00,0x6f,0xff,0xff,0xf7,0x00,0x05,0xff,0x73,0x37,0xef,0x60,0x0d,0xf5,0x00,0x00,0x5f,0xc0,0x1f,0xe0,0x00,0x00,0x03,0x30,0x3f,
  0xd0,0x03,0x88,0x88,0x70,0x2f,0xd0,0x06,0xff,0xff,0xd0,0x0f,0xf0,0x00,0x11,0x3f,0xd0,0x0c,0xf7,0x00,0x00,0x8f,0xd0,0x03,0xff,0xb7,0x8c,0xff,0xd0,0x00,0x3c,0xff,
  0xfe,0x79,0xd0,0x00,0x00,0x12,0x20,0x00,0x00,0x04,0x40,0x00,0x00,0x44,0x00,0x0d,0xf1,0x00,0x01,0xfd,0x00,0x0d,0xf1,0x00,0x01,0xfd,0x00,0x0d,0xf1,0x00,0x01,0xfd,
  0x00,0x0d,0xf3,0x11,0x13,0xfd,0x00,0x0d,0xff,0xff,0xff,0xfd,0x00,0x0d,0xf9,0x99,0x9a,0xfd,0x00,0x0d,0xf1,0x00,0x01,0xfd,0x00,0x0d,0xf1,0x00,0x01,0xfd,0x00,0x0d,
  0xf1,0x00,0x01,0xfd,0x00,0x0d,0xf1,0x00,0x01,0xfd,0x00,0x04,0x40,0x0d,0xf1,0x0d,0xf1,0x0d,0xf1,0x0d,0xf1,0x0d,0xf1,0x0d,0xf1,0x0d,0xf1,0x0d,0xf1,0x0d,0xf1,0x0d,
  0xf1,0x00,0x00,0x01,0x43,0x00,0x00,0x00,0x04,0xfb,0x00,0x00,0x00,0x04,0xfb,0x00,0x00,0x00,0x04,0xfb,0x00,0x00,0x00,0x04,0xfb,0x00,0x00,0x00,0x04,0xfb,0x00,0x00,
  0x00,0x04,0xfb,0x00,0x36,0x30,0x04,0xfa,0x00,0x6f,0x80,0x07,0xf9,0x00,0x2f,0xf8,0x8f,0xf4,0x00,0x06,0xef,0xff,0x70,0x00,0x00,0x02,0x20,0x00,0x00,0x04,0x40,0x00,
  0x02,0x44,0x00,0x0d,0xf1,0x00,0x2e,0xf4,0x00,0x0d,0xf1,0x02,0xef,0x50,0x00,0x0d,0xf1,0x2e,0xf5,0x00,0x00,0x0d,0xf3,0xdf,0x60,0x00,0x00,0x0d,0xfe,0xff,0x70,0x00,
  0x00,0x0d,0xff,0x8f,0xf2,0x00,0x00,0x0d,0xf5,0x07,0xfc,0x00,0x00,0x0d,0xf1,0x00,0xcf,0x70,0x00,0x0d,0xf1,0x00,0x3f,0xf2,0x00,0x0d,0xf1,0x00,0x08,0xfc,0x00,0x04,
  0x40,0x00,0x00,0x00,0x0d,0xf1,0x00,0x00,0x00,0x0d,0xf1,0x00,0x00,0x00,0x0d,0xf1,0x00,0x00,0x00,0x0d,0xf1,0x00,0x00,0x00,0x0d,0xf1,0x00,0x00,0x00,0x0d,0xf1,0x00,
  0x00,0x00,0x0d,0xf1,0x00,0x00,0x00,0x0d,0xf1,0x00,0x00,0x00,0x0d,0xfb,0xbb,0xbb,0x20,0x0d,0xff,0xff,0xff,0x40,0x04,0x44,0x10,0x00,0x24,0x42,0x00,0x0d,0xff,0x70,
  0x00,0xcf,0xf8,0x00,0x0d,0xff,0xb0,0x00,0xff,0xf8,0x00,0x0d,0xfb,0xf0,0x05,0xfb,0xf8,0x00,0x0d,0xf7,0xf4,0x09,0xf7,0xf8,0x00,0x0d,0xf3,0xf9,0x0e,0xc7,0xf8,0x00,
  0x0d,0xf0,0xed,0x2f,0x77,0xf8,0x00,0x0d,0xf0,0xaf,0x8f,0x37,0xf8,0x00,0x0d,0xf0,0x5f,0xee,0x07,0xf8,0x00,0x0d,0xf0,0x1f,0xf9,0x07,0xf8,0x00,0x0d,0xf0,0x0c,0xf5,
  0x07,0xf8,0x00,0x04,0x40,0x00,0x00,0x44,0x00,0x0d,0xf9,0x00,0x00,0xfd,0x00,0x0d,0xff,0x40,0x00,0xfd,0x00,0x0d,0xff,0xe1,0x00,0xfd,0x00,0x0d,0xfa,0xfb,0x00,0xfd,
  0x00,0x0d,0xf1,0xef,0x70,0xfd,0x00,0x0d,0xf0,0x4f,0xf3,0xfd,0x00,0x0d,0xf0,0x08,0xfd,0xfd,0x00,0x0d,0xf0,0x00,0xcf,0xfd,0x00,0x0d,0xf0,0x00,0x2f,0xfd,0x00,0x0d,
  0xf0,0x00,0x05,0xfd,0x00,0x00,0x01,0x57,0x64,0x00,0x00,0x00,0x8f,0xff,0xff,0xe4,0x00,0x07,0xfe,0x73,0x48,0xff,0x30,0x0e,0xf3,0x00,0x00,0x7f,0xb0,0x3f,0xd0,0x00,
  0x00,0x1f,0xf0,0x5f,0xb0,0x00,0x00,0x0f,0xf0,0x4f,0xb0,0x00,0x00,0x0f,0xf0,0x2f,0xe0,0x00,0x00,0x2f,0xe0,0x0d,0xf6,0x00,0x00,0xbf,0x90,0x04,0xff,0xb7,0x8d,0xfe,
  0x10,0x00,0x3c,0xff,0xff,0xa1,0x00,0x00,0x00,0x12,0x20,0x00,0x00,0x04,0x44,0x44,0x42,0x00,0x0d,0xff,0xff,0xff,0xa0,0x0d,0xf6,0x66,0x7e,0xf6,0x0d,0xf1,0x00,0x06,
  0xfa,0x0d,0xf1,0x00,0x05,0xfa,0x0d,0xf6,0x55,0x6e,0xf6,0x0d,0xff,0xff,0xff,0xa0,0x0d,0xf6,0x55,0x52,0x00,0x0d,0xf1,0x00,0x00,0x00,0x0d,0xf1,0x00,0x00,0x00,0x0d,
  0xf1,0x00,0x00,0x00,0x00,0x01,0x57,0x64,0x00,0x00,0x00,0x8f,0xff,0xff,0xe4,0x00,0x07,0xfe,0x73,0x48,0xff,0x30,0x0e,0xf3,0x00,0x00,0x7f,0xb0,0x3f,0xd0,0x00,0x00,
  0x1f,0xf0,0x5f,0xb0,0x00,0x00,0x0f,0xf0,0x4f,0xb0,0x00,0x00,0x0f,0xf0,0x2f,0xe0,0x00,0x00,0x2f,0xe0,0x0d,0xf6,0x00,0x00,0xbf,0x90,0x04,0xff,0xb7,0x8d,0xfe,0x10,
  0x00,0x3c,0xff,0xff,0xc1,0x00,0x00,0x00,0x12,0x6f,0xf3,0x00,0x00,0x00,0x00,0x06,0xfe,0x30,0x04,0x44,0x44,0x43,0x00,0x00,0x0d,0xff,0xff,0xff,0xd1,0x00,0x0d,0xf6,
  0x66,0x6c,0xfa,0x00,0x0d,0xf1,0x00,0x01,0xfe,0x00,0x0d,0xf1,0x00,0x02,0xfe,0x00,0x0d,0xf8,0x77,0x7d,0xf9,0x00,0x0d,0xff,0xff,0xff,0xa0,0x00,0x0d,0xf4,0x22,0x9f,
  0x80,0x00,0x0d,0xf1,0x00,0x1f,0xf1,0x00,0x0d,0xf1,0x00,0x09,0xf8,0x00,0x0d,0xf1,0x00,0x01,0xff,0x10,0x00,0x04,0x77,0x40,0x00,0x04,0xef,0xff,0xfe,0x30,0x0e,0xf7,
  0x33,0x9f,0xe0,0x0f,0xf0,0x00,0x09,0xb0,0x0c,0xfd,0x72,0x00,0x00,0x02,0xcf,0xff,0xd7,0x00,0x00,0x02,0x7c,0xff,0xc0,0x14,0x30,0x00,0x2e,0xf4,0x4f,0xc0,0x00,0x0b,
  0xf4,0x0d,0xfc,0x87,0xbf,0xe0,0x02,0xaf,0xff,0xfb,0x20,0x00,0x00,0x22,0x00,0x00,0x34,0x44,0x44,0x44,0x40,0xaf,0xff,0xff,0xff,0xe0,0x36,0x69,0xfc,0x66,0x50,0x00,
  0x05,0xf9,0x00,0x00,0x00,0x05,0xf9,0x00,0x00,0x00,0x05,0xf9,0x00,0x00,0x00,0x05,0xf9,0x00,0x00,0x00,0x05,0xf9,0x00,0x00,0x00,0x05,0xf9,0x00,0x00,0x00,0x05,0xf9,
  0x00,0x00,0x00,0x05,0xf9,0x00,0x00,0x04,0x40,0x00,0x00,0x43,0x00,0x0e,0xf0,0x00,0x02,0xfc,0x00,0x0e,0xf0,0x00,0x02,0xfc,0x00,0x0e,0xf0,0x00,0x02,0xfc,0x00,0x0e,
  0xf0,0x00,0x02,0xfc,0x00,0x0e,0xf0,0x00,0x02,0xfc,0x00,0x0e,0xf0,0x00,0x02,0xfc,0x00,0x0e,0xf1,0x00,0x03,0xfc,0x00,0x0c,0xf6,0x00,0x08,0xf9,0x00,0x05,0xff,0x97,
  0xaf,0xf3,0x00,0x00,0x6e,0xff,0xfd,0x40,0x00,0x00,0x00,0x12,0x10,0x00,0x00,0x34,0x10,0x00,0x00,0x44,0x8f,0x80,0x00,0x06,0xfa,0x3f,0xe0,0x00,0x0b,0xf4,0x0d,0xf3,
  0x00,0x1f,0xe0,0x07,0xf9,0x00,0x6f,0x80,0x01,0xfe,0x00,0xcf,0x20,0x00,0xbf,0x41,0xfd,0x00,0x00,0x5f,0x97,0xf7,0x00,0x00,0x0f,0xec,0xf1,0x00,0x00,0x0a,0xff,0xb0,
  0x00,0x00,0x04,0xff,0x50,0x00,0x34,0x10,0x00,0x44,0x20,0x00,0x34,0x00,0xaf,0x60,0x03,0xff,0xa0,0x00,0xee,0x00,0x5f,0xa0,0x06,0xff,0xe0,0x02,0xfa,0x00,0x1f,0xe0,
  0x0a,0xfb,0xf2,0x06,0xf6,0x00,0x0d,0xf2,0x0e,0xd7,0xf5,0x0a,0xf2,0x00,0x08,0xf6,0x2f,0x93,0xf9,0x0e,0xd0,0x00,0x04,0xfb,0x5f,0x60,0xfd,0x2f,0x90,0x00,0x00,0xfe,
  0x9f,0x20,0xbf,0x7f,0x40,0x00,0x00,0xbf,0xde,0x00,0x8f,0xdf,0x00,0x00,0x00,0x7f,0xfa,0x00,0x4f,0xfc,0x00,0x00,0x00,0x3f,0xf6,0x00,0x0f,0xf7,0x00,0x00,0x14,0x40,
  0x00,0x02,0x43,0x00,0x0e,0xf6,0x00,0x1e,0xf3,0x00,0x04,0xff,0x20,0xaf,0x80,0x00,0x00,0x9f,0xb5,0xfd,0x00,0x00,0x00,0x0d,0xff,0xf2,0x00,0x00,0x00,0x04,0xff,0x90,
  0x00,0x00,0x00,0x0b,0xff,0xe1,0x00,0x00,0x00,0x6f,0xb9,0xfb,0x00,0x00,0x02,0xff,0x10,0xdf,0x60,0x00,0x0c,0xf6,0x00,0x4f,0xf2,0x00,0x7f,0xb0,0x00,0x09,0xfc,0x00,
  0x34,0x20,0x00,0x01,0x44,0x5f,0xd0,0x00,0x09,0xf7,0x0a,0xf8,0x00,0x3f,0xd0,0x01,0xff,0x20,0xdf,0x30,0x00,0x6f,0xc7,0xf8,0x00,0x00,0x0b,0xff,0xd0,0x00,0x00,0x02,
  0xff,0x40,0x00,0x00,0x00,0xef,0x10,0x00,0x00,0x00,0xef,0x10,0x00,0x00,0x00,0xef,0x10,0x00,0x00,0x00,0xef,0x10,0x00,0x04,0x44,0x44,0x44,0x30,0x2f,0xff,0xff,0xff,
  0xc0,0x16,0x66,0x69,0xff,0x30,0x00,0x00,0x0d,0xf7,0x00,0x00,0x00,0x9f,0xc0,0x00,0x00,0x04,0xff,0x20,0x00,0x00,0x1e,0xf5,0x00,0x00,0x00,0xbf,0xa0,0x00,0x00,0x07,
  0xfd,0x00,0x00,0x00,0x3f,0xfd,0xaa,0xaa,0xa0,0x9f,0xff,0xff,0xff,0xf0,0x00,0x00,0x00,0x05,0xff,0xb0,0x05,0xf6,0x30,0x05,0xf3,0x00,0x05,0xf3,0x00,0x05,0xf3,0x00,
  0x05,0xf3,0x00,0x05,0xf3,0x00,0x05,0xf3,0x00,0x05,0xf3,0x00,0x05,0xf3,0x00,0x05,0xf3,0x00,0x05,0xf3,0x00,0x05,0xfe,0xa0,0x02,0x66,0x40,0x00,0x00,0x00,0xd7,0x00,
  0x00,0x9b,0x00,0x00,0x5f,0x00,0x00,0x1f,0x40,0x00,0x0c,0x80,0x00,0x08,0xc0,0x00,0x03,0xf1,0x00,0x00,0xf5,0x00,0x00,0xb9,0x00,0x00,0x7d,0x00,0x00,0x2f,0x20,0x00,
  0x0b,0x40,0x00,0x00,0x00,0xaf,0xf7,0x00,0x25,0xf7,0x00,0x01,0xf7,0x00,0x01,0xf7,0x00,0x01,0xf7,0x00,0x01,0xf7,0x00,0x01,0xf7,0x00,0x01,0xf7,0x00,0x01,0xf7,0x00,
  0x01,0xf7,0x00,0x01,0xf7,0x00,0x01,0xf7,0x00,0x9e,0xf7,0x00,0x46,0x63,0x00,0x00,0x00,0x42,0x00,0x00,0x00,0x05,0xfd,0x00,0x00,0x00,0x0c,0xdf,0x40,0x00,0x00,0x2f,
  0x5d,0xa0,0x00,0x00,0x8e,0x06,0xf1,0x00,0x00,0xe9,0x01,0xf7,0x00,0x02,0x92,0x00,0x77,0x00,0x00,0x00,0x00,0x00,0x00,0x00,0x00,0x00,0x00,0x00,0x00,0x00,0x00,0x00,
  0x00,0x00,0x00,0x00,0x00,0x00,0x00,0x00,0x00,0x00,0xff,0xff,0xff,0xf9,0x33,0x33,0x33,0x32,0x9d,0x20,0x1d,0xb0,0x01,0x20,0x00,0x00,0x00,0x00,0x00,0x00,0x00,0x00,
  0x00,0x00,0x00,0x00,0x00,0x00,0x00,0x00,0x00,0x00,0x00,0x00,0x00,0x04,0xdf,0xfd,0x50,0x00,0x0f,0xf7,0x6e,0xf1,0x00,0x07,0x50,0x09,0xf4,0x00,0x01,0x7a,0xbe,0xf4,
  0x00,0x1e,0xfa,0x8c,0xf4,0x00,0x6f,0x70,0x0b,0xf4,0x00,0x6f,0xc5,0x8f,0xf8,0x10,0x1c,0xff,0xd6,0xff,0x40,0x00,0x22,0x00,0x12,0x00,0x0d,0xb0,0x00,0x00,0x00,0x0f,
  0xd0,0x00,0x00,0x00,0x0f,0xd0,0x00,0x00,0x00,0x0f,0xd8,0xff,0xc2,0x00,0x0f,0xfd,0x8b,0xfc,0x00,0x0f,0xf1,0x00,0xdf,0x20,0x0f,0xd0,0x00,0x9f,0x40,0x0f,0xd0,0x00,
  0x9f,0x40,0x0f,0xf1,0x00,0xcf,0x20,0x0f,0xfc,0x69,0xfd,0x00,0x0f,0x9b,0xff,0xe3,0x00,0x00,0x00,0x12,0x00,0x00,0x00,0x00,0x00,0x00,0x02,0xbf,0xfe,0x60,0x0d,0xf9,
  0x7d,0xf4,0x4f,0xa0,0x05,0xf9,0x6f,0x70,0x00,0x10,0x6f,0x70,0x00,0x00,0x4f,0xa0,0x03,0xf8,0x0e,0xf7,0x5c,0xf5,0x03,0xdf,0xff,0x80,0x00,0x02,0x20,0x00,0x00,0x00,
  0x00,0xcc,0x00,0x00,0x00,0x00,0xee,0x00,0x00,0x00,0x00,0xee,0x00,0x03,0xdf,0xf7,0xee,0x00,0x0e,0xfa,0x8e,0xfe,0x00,0x4f,0xb0,0x03,0xfe,0x00,0x6f,0x70,0x00,0xfe,
  0x00,0x6f,0x70,0x00,0xfe,0x00,0x4f,0xa0,0x02,0xfe,0x00,0x0e,0xf8,0x6d,0xfe,0x00,0x04,0xef,0xf9,0xbe,0x00,0x00,0x02,0x10,0x00,0x00,0x00,0x00,0x00,0x00,0x02,0xbf,
  0xfe,0x70,0x0d,0xf9,0x6c,0xf5,0x3f,0xa0,0x02,0xfa,0x6f,0xec,0xcc,0xfc,0x6f,0xb8,0x88,0x86,0x4f,0x90,0x00,0xc9,0x0e,0xf7,0x4a,0xf8,0x03,0xdf,0xff,0xa0,0x00,0x01,
  0x20,0x00,0x02,0xdf,0x80,0x09,0xfb,0x50,0x0a,0xf3,0x00,0xbf,0xfe,0x80,0x7d,0xfa,0x50,0x0a,0xf3,0x00,0x0a,0xf3,0x00,0x0a,0xf3,0x00,0x0a,0xf3,0x00,0x0a,0xf3,0x00,
  0x0a,0xf3,0x00,0x00,0x00,0x00,0x03,0x10,0x00,0x00,0x00,0x6f,0x70,0x02,0xbf,0xff,0xf9,0x00,0x0c,0xf6,0x39,0xf8,0x00,0x0f,0xc0,0x01,0xfb,0x00,0x0e,0xf3,0x06,0xf9,
  0x00,0x05,0xff,0xff,0xc1,0x00,0x2f,0xc4,0x42,0x00,0x00,0x2f,0xeb,0xbb,0xb7,0x00,0x2d,0xfd,0xdd,0xff,0x70,0xaf,0x20,0x00,0x4f,0xa0,0xaf,0xc9,0x99,0xcf,0x40,0x19,
  0xbb,0xbb,0xa4,0x00,0x0d,0xb0,0x00,0x00,0x00,0x0f,0xd0,0x00,0x00,0x00,0x0f,0xd0,0x00,0x00,0x00,0x0f,0xd8,0xff,0xd2,0x00,0x0f,0xfd,0x9c,0xfa,0x00,0x0f,0xf1,0x01,
  0xfd,0x00,0x0f,0xd0,0x00,0xfd,0x00,0x0f,0xd0,0x00,0xfd,0x00,0x0f,0xd0,0x00,0xfd,0x00,0x0f,0xd0,0x00,0xfd,0x00,0x0f,0xd0,0x00,0xfd,0x00,0x0d,0xb0,0x0e,0xb0,0x00,
  0x00,0x0e,0xb0,0x0f,0xd0,0x0f,0xd0,0x0f,0xd0,0x0f,0xd0,0x0f,0xd0,0x0f,0xd0,0x0f,0xd0,0x00,0xdb,0x00,0x00,0xeb,0x00,0x00,0x00,0x00,0x00,0xeb,0x00,0x00,0xfd,0x00,
  0x00,0xfd,0x00,0x00,0xfd,0x00,0x00,0xfd,0x00,0x00,0xfd,0x00,0x00,0xfd,0x00,0x00,0xfd,0x00,0x00,0xfc,0x00,0x5d,0xfa,0x00,0x4b,0xa1,0x00,0x0d,0xb0,0x00,0x00,0x0f,
  0xd0,0x00,0x00,0x0f,0xd0,0x00,0x00,0x0f,0xd0,0x0a,0xe5,0x0f,0xd0,0x8f,0x90,0x0f,0xd6,0xfb,0x00,0x0f,0xef,0xf5,0x00,0x0f,0xfd,0xfe,0x00,0x0f,0xe1,0x8f,0x70,0x0f,
  0xd0,0x0e,0xf1,0x0f,0xd0,0x07,0xfa,0x0d,0xb0,0x0f,0xd0,0x0f,0xd0,0x0f,0xd0,0x0f,0xd0,0x0f,0xd0,0x0f,0xd0,0x0f,0xd0,0x0f,0xd0,0x0f,0xd0,0x0f,0xd0,0x00,0x00,0x00,
  0x00,0x00,0x00,0x00,0x0e,0x88,0xff,0x93,0xdf,0xe4,0x00,0x0f,0xfd,0x9e,0xff,0xab,0xfd,0x00,0x0f,0xf1,0x07,0xf9,0x00,0xef,0x00,0x0f,0xd0,0x06,0xf6,0x00,0xdf,0x00,
  0x0f,0xd0,0x06,0xf6,0x00,0xdf,0x00,0x0f,0xd0,0x06,0xf6,0x00,0xdf,0x00,0x0f,0xd0,0x06,0xf6,0x00,0xdf,0x00,0x0f,0xd0,0x06,0xf6,0x00,0xdf,0x00,0x00,0x00,0x00,0x00,
  0x00,0x0e,0x88,0xff,0xd2,0x00,0x0f,0xfd,0x9c,0xfa,0x00,0x0f,0xf1,0x01,0xfd,0x00,0x0f,0xd0,0x00,0xfd,0x00,0x0f,0xd0,0x00,0xfd,0x00,0x0f,0xd0,0x00,0xfd,0x00,0x0f,
  0xd0,0x00,0xfd,0x00,0x0f,0xd0,0x00,0xfd,0x00,0x00,0x00,0x00,0x00,0x00,0x01,0xaf,0xff,0xa1,0x00,0x0d,0xfa,0x7a,0xfc,0x00,0x3f,0xb0,0x00,0xcf,0x30,0x6f,0x70,0x00,
  0x8f,0x50,0x6f,0x70,0x00,0x8f,0x50,0x4f,0xa0,0x00,0xbf,0x30,0x0e,0xf8,0x58,0xfd,0x00,0x02,0xcf,0xff,0xc2,0x00,0x00,0x01,0x21,0x00,0x00,0x00,0x00,0x00,0x00,0x00,
  0x0e,0x89,0xff,0xc2,0x00,0x0f,0xfd,0x8b,0xfc,0x00,0x0f,0xf1,0x00,0xdf,0x20,0x0f,0xd0,0x00,0x9f,0x40,0x0f,0xd0,0x00,0x9f,0x40,0x0f,0xf1,0x00,0xcf,0x20,0x0f,0xfc,
  0x69,0xfd,0x00,0x0f,0xda,0xff,0xe3,0x00,0x0f,0xd0,0x12,0x00,0x00,0x0f,0xd0,0x00,0x00,0x00,0x09,0x70,0x00,0x00,0x00,0x00,0x00,0x00,0x00,0x00,0x03,0xdf,0xf8,0x9c,
  0x00,0x0e,0xfa,0x8e,0xfe,0x00,0x4f,0xb0,0x03,0xfe,0x00,0x6f,0x70,0x00,0xfe,0x00,0x6f,0x70,0x00,0xfe,0x00,0x4f,0xa0,0x02,0xfe,0x00,0x0e,0xf8,0x6d,0xfe,0x00,0x04,
  0xef,0xf9,0xee,0x00,0x00,0x02,0x10,0xee,0x00,0x00,0x00,0x00,0xee,0x00,0x00,0x00,0x00,0x88,0x00,0x00,0x00,0x00,0x0e,0x7a,0xf4,0x0f,0xef,0xd3,0x0f,0xf3,0x00,0x0f,
  0xd0,0x00,0x0f,0xd0,0x00,0x0f,0xd0,0x00,0x0f,0xd0,0x00,0x0f,0xd0,0x00,0x00,0x00,0x00,0x00,0x04,0xcf,0xfd,0x60,0x1f,0xe7,0x6e,0xf2,0x2f,0xc2,0x03,0x62,0x0c,0xff,
  0xd8,0x20,0x00,0x5a,0xef,0xf3,0x37,0x30,0x08,0xf8,0x3f,0xd5,0x4b,0xf6,0x07,0xff,0xff,0x90,0x00,0x02,0x20,0x00,0x00,0x10,0x00,0x09,0xf0,0x00,0x0b,0xf0,0x00,0xbf,
  0xfe,0x40,0x7f,0xf9,0x30,0x0d,0xf0,0x00,0x0d,0xf0,0x00,0x0d,0xf0,0x00,0x0d,0xf0,0x00,0x0d,0xf6,0x10,0x06,0xff,0x50,0x00,0x12,0x00,0x1e,0xa0,0x00,0xea,0x00,0x1f,
  0xc0,0x01,0xfc,0x00,0x1f,0xc0,0x01,0xfc,0x00,0x1f,0xc0,0x01,0xfc,0x00,0x1f,0xc0,0x01,0xfc,0x00,0x1f,0xc0,0x04,0xfc,0x00,0x0e,0xf9,0x7e,0xfc,0x00,0x06,0xff,0xf7,
  0xdc,0x00,0x00,0x02,0x00,0x00,0x00,0xae,0x20,0x02,0xe9,0x6f,0x70,0x07,0xf5,0x1f,0xd0,0x0d,0xf0,0x0a,0xf3,0x3f,0x90,0x04,0xf8,0x8f,0x30,0x00,0xed,0xcd,0x00,0x00,
  0x8f,0xf7,0x00,0x00,0x3f,0xf1,0x00,0xbe,0x00,0x5e,0xb0,0x07,0xe2,0x8f,0x40,0x9f,0xf1,0x0c,0xe0,0x3f,0x80,0xdd,0xf5,0x0f,0x90,0x0e,0xc1,0xf7,0xf9,0x4f,0x50,0x0a,
  0xf5,0xf3,0xcd,0x8f,0x00,0x05,0xfc,0xf0,0x8f,0xcb,0x00,0x01,0xff,0xb0,0x4f,0xf6,0x00,0x00,0xbf,0x70,0x1f,0xf2,0x00,0x5e,0xb0,0x06,0xe8,0x00,0x0b,0xf7,0x2f,0xd0,
  0x00,0x01,0xef,0xcf,0x30,0x00,0x00,0x5f,0xf8,0x00,0x00,0x00,0x6f,0xfa,0x00,0x00,0x02,0xfd,0xcf,0x50,0x00,0x0c,0xf3,0x2f,0xe1,0x00,0x7f,0x80,0x07,0xfb,0x00,0xae,
  0x20,0x01,0xea,0x6f,0x80,0x07,0xf5,0x0f,0xe0,0x0c,0xf0,0x09,0xf5,0x1f,0xa0,0x03,0xfa,0x6f,0x40,0x00,0xdf,0xae,0x00,0x00,0x6f,0xf9,0x00,0x00,0x1f,0xf3,0x00,0x00,
  0x3f,0xd0,0x00,0x3c,0xff,0x40,0x00,0x2b,0xa4,0x00,0x00,0x5e,0xee,0xee,0xe0,0x39,0x99,0xef,0x90,0x00,0x04,0xfd,0x00,0x00,0x1e,0xf3,0x00,0x00,0xbf,0x70,0x00,0x07,
  0xfb,0x00,0x00,0x3f,0xf9,0x88,0x81,0xaf,0xff,0xff,0xf3,0x00,0x00,0x00,0x00,0x4d,0xf1,0x00,0xec,0x20,0x00,0xf9,0x00,0x00,0xf9,0x00,0x00,0xf8,0x00,0x03,0xf6,0x00,
  0x5f,0xa0,0x00,0x29,0xf4,0x00,0x00,0xf8,0x00,0x00,0xf8,0x00,0x00,0xf9,0x00,0x00,0xfa,0x00,0x00,0x9f,0xc0,0x00,0x03,0x50,0x0b,0x70,0x0d,0x80,0x0d,0x80,0x0d,0x80,
  0x0d,0x80,0x0d,0x80,0x0d,0x80,0x0d,0x80,0x0d,0x80,0x0d,0x80,0x0d,0x80,0x0d,0x80,0x0d,0x80,0x0c,0x70,0x00,0x00,0x00,0x2f,0xd3,0x00,0x02,0xdc,0x00,0x00,0xbe,0x00,
  0x00,0xae,0x00,0x00,0x9e,0x00,0x00,0x8f,0x20,0x00,0x0a,0xf4,0x00,0x5f,0x81,0x00,0x9e,0x00,0x00,0xae,0x00,0x00,0xae,0x00,0x00,0xcd,0x00,0x1c,0xf8,0x00,0x15,0x30,
  0x00,0x03,0xac,0x71,0x03,0x60,0x0f,0xfe,0xff,0xef,0x70,0x08,0x00,0x39,0xc8,0x00,0x00,0x00,0x00,0x00,0x00,0x00,0x00,0x00,0x00,0x00,0x00,0x00,0x00,0x00,0x00,0x02,
  0x52,0x00,0x07,0xf7,0x00,0x04,0x94,0x00,0x00,0x00,0x00,0x00,0x00,0x00,0x00,0x00,0x00,0x00,0x00,0x00,0xbb,0xbb,0xbb,0xbb,0xbb,0xbb,0xbb,0xb0,0xaa,0xaa,0xaa,0xaa,
  0xaa,0xaa,0xaa,0xa0,0x00,0x00,0x00,0x00,0x00,0x00,0x00,0x00,0x00,0x00,0x00,0x00,0x00,0x00,0x00,0x00,0x00,0x00,0x00,0x00,0x00,0x00,0x00,0x00,0x0a,0xe2,0x00,0xae,
  0x20,0x0a,0xe2,0x0b,0xf3,0x00,0xbf,0x20,0x0b,0xf2,0x00,0x01,0x00,0x04,0xff,0x90,0x0b,0xff,0xf1,0x0a,0xff,0xf0,0x01,0xac,0x50,0x00,0x00,0x00,0x00,0x00,0x00,0x00,
  0x00,0x00,0x06,0x88,0x88,0x88,0x50,0x0d,0xb4,0x44,0x4d,0xa0,0x0c,0xb3,0x00,0x69,0xa0,0x0c,0x1c,0x01,0xc2,0xa0,0x0c,0x06,0x8b,0x31,0xa0,0x0c,0x00,0xc8,0x01,0xa0,
  0x0c,0x01,0xcc,0x01,0xa0,0x0c,0x0b,0x36,0x81,0xa0,0x0c,0x68,0x00,0xb4,0xa0,0x0c,0xc0,0x00,0x1d,0xa0,0x0d,0xdc,0xcc,0xce,0xa0,0x03,0x40,0x0c,0xf1,0x08,0xf1,0x01,
  0xe0,0x0b,0x50,0x00,0x00,0x00,0x00,0x00,0x00,0x00,0x00,0x00,0x00,0x00,0x00,
};
const sig_font_t sigf_2 = { 0, 600, 15.0f, 14, 4, 0, 101, sigf_2_ch, sigf_2_gl, sigf_2_bmp, 4847 };
// --- disp 600 normal 15.5px  (101 glyphs, 5040 bytes)
static const sig_glyph_t sigf_3_gl[] = {
  {0,0,0,0,0,3},
  {0,5,11,0,-11,5},
  {33,7,11,0,-11,7},
  {77,9,12,0,-11,9},
  {137,8,13,0,-12,8},
  {189,15,12,0,-11,15},
  {285,11,12,0,-11,11},
  {357,4,11,0,-11,4},
  {379,6,15,0,-12,6},
  {424,6,15,0,-12,6},
  {469,6,11,0,-11,6},
  {502,10,8,0,-8,10},
  {542,5,5,0,-2,5},
  {557,5,6,0,-6,5},
  {575,5,2,0,-2,5},
  {581,5,13,0,-12,5},
  {620,9,12,0,-11,9},
  {680,9,11,0,-11,9},
  {735,9,11,0,-11,9},
  {790,9,12,0,-11,9},
  {850,9,11,0,-11,9},
  {905,9,12,0,-11,9},
  {965,9,12,0,-11,9},
  {1025,9,11,0,-11,9},
  {1080,9,12,0,-11,9},
  {1140,9,12,0,-11,9},
  {1200,5,9,0,-9,5},
  {1227,5,12,0,-9,5},
  {1263,10,9,0,-9,10},
  {1308,10,7,0,-7,10},
  {1343,10,9,0,-9,10},
  {1388,10,11,0,-11,10},
  {1443,15,14,0,-11,15},
  {1555,11,11,0,-11,11},
  {1621,11,11,0,-11,11},
  {1687,11,12,0,-11,11},
  {1759,11,11,0,-11,11},
  {1825,10,11,0,-11,10},
  {1880,9,11,0,-11,9},
  {1935,12,12,0,-11,12},
  {2007,11,11,0,-11,11},
  {2073,4,11,0,-11,4},
  {2095,9,12,0,-11,9},
  {2155,11,11,0,-11,11},
  {2221,9,11,0,-11,9},
  {2276,13,11,0,-11,13},
  {2353,11,11,0,-11,11},
  {2419,12,12,0,-11,12},
  {2491,10,11,0,-11,10},
  {2546,12,14,0,-11,12},
  {2630,11,11,0,-11,11},
  {2696,10,12,0,-11,10},
  {2756,10,11,0,-11,10},
  {2811,11,12,0,-11,11},
  {2883,11,11,0,-11,10},
  {2949,15,11,0,-11,15},
  {3037,11,11,0,-11,11},
  {3103,11,11,0,-11,10},
  {3169,10,11,0,-11,10},
  {3224,5,15,0,-12,5},
  {3269,5,13,0,-12,5},
  {3308,5,15,0,-12,5},
  {3353,10,11,0,-11,10},
  {3408,8,3,0,0,8},
  {3420,4,12,0,-12,3},
  {3444,9,10,0,-9,9},
  {3494,9,13,0,-12,9},
  {3559,8,10,0,-9,8},
  {3599,9,13,0,-12,9},
  {3664,9,10,0,-9,9},
  {3714,5,12,0,-12,5},
  {3750,9,13,0,-10,9},
  {3815,9,12,0,-12,9},
  {3875,4,12,0,-12,4},
  {3899,5,15,-1,-12,4},
  {3944,9,12,0,-12,8},
  {4004,4,12,0,-12,4},
  {4028,13,9,0,-9,13},
  {4091,9,9,0,-9,9},
  {4136,9,10,0,-9,9},
  {4186,9,12,0,-9,9},
  {4246,9,12,0,-9,9},
  {4306,6,9,0,-9,6},
  {4333,8,10,0,-9,8},
  {4373,5,12,0,-11,5},
  {4409,9,10,0,-9,9},
  {4459,9,9,0,-9,8},
  {4504,12,9,0,-9,12},
  {4558,9,9,0,-9,8},
  {4603,9,12,0,-9,8},
  {4663,8,9,0,-9,8},
  {4699,6,15,0,-12,6},
  {4744,4,15,0,-12,4},
  {4774,6,15,0,-12,6},
  {4819,10,7,0,-7,10},
  {4854,5,7,0,-7,5},
  {4875,16,5,0,-5,16},
  {4915,15,2,0,-2,15},
  {4931,7,8,0,-8,7},
  {4963,10,11,0,-11,10},
  {5018,4,11,0,-11,4},
};
static const char sigf_3_ch[] = " !\"#$%&'()*+,-./0123456789:;<=>?@ABCDEFGHIJKLMNOPQRSTUVWXYZ[\\]^_`abcdefghijklmnopqrstuvwxyz{|}~·—…•→’";
static const uint8_t sigf_3_bmp[] = {
  0x08,0xa3,0x00,0x0c,0xf4,0x00,0x0b,0xf3,0x00,0x0a,0xf2,0x00,0x09,0xf1,0x00,0x08,0xf0,0x00,0x06,0xf0,0x00,0x05,0xe0,0x00,0x00,0x10,0x00,0x0b,0xf3,0x00,0x0b,0xf4,
  0x00,0x0a,0x90,0x9a,0x00,0x0f,0xf0,0xff,0x00,0x0f,0xe0,0xff,0x00,0x0e,0xc0,0xdd,0x00,0x09,0x70,0x87,0x00,0x00,0x00,0x00,0x00,0x00,0x00,0x00,0x00,0x00,0x00,0x00,
  0x00,0x00,0x00,0x00,0x00,0x00,0x00,0x00,0x00,0x00,0x00,0x00,0x00,0x00,0x0c,0x80,0x6c,0x00,0x00,0x1f,0x70,0xbd,0x00,0x00,0x5f,0x30,0xea,0x00,0x0a,0xdf,0xbb,0xfd,
  0x70,0x0c,0xff,0xde,0xfd,0x80,0x00,0xf9,0x08,0xf0,0x00,0x14,0xf7,0x2c,0xd1,0x00,0xaf,0xff,0xff,0xff,0x00,0x3c,0xf6,0x8f,0x95,0x00,0x0c,0xc0,0x5f,0x30,0x00,0x0f,
  0x80,0x9f,0x00,0x00,0x03,0x10,0x22,0x00,0x00,0x00,0x00,0x20,0x00,0x00,0x02,0xa0,0x00,0x00,0x49,0xd6,0x10,0x0a,0xff,0xff,0xf2,0x2f,0xd0,0x07,0xf8,0x1f,0xf9,0x40,
  0x00,0x05,0xef,0xff,0x91,0x00,0x04,0x8e,0xfa,0x4d,0x70,0x03,0xfc,0x1f,0xfa,0x9d,0xf8,0x03,0xbe,0xfd,0x70,0x00,0x02,0xa0,0x00,0x00,0x01,0x70,0x00,0x00,0x7c,0xb6,
  0x00,0x00,0x59,0x00,0x00,0x06,0xf7,0x9f,0x20,0x03,0xf5,0x00,0x00,0x09,0xe0,0x1f,0x60,0x0d,0x90,0x00,0x00,0x09,0xe0,0x1f,0x60,0xad,0x00,0x00,0x00,0x05,0xf8,0x9f,
  0x25,0xf2,0x00,0x00,0x00,0x00,0x7c,0xb5,0x2f,0x61,0x56,0x10,0x00,0x00,0x00,0x00,0xca,0x0e,0xed,0xf2,0x00,0x00,0x00,0x08,0xd0,0x5f,0x30,0xf8,0x00,0x00,0x00,0x4f,
  0x30,0x6f,0x10,0xd9,0x00,0x00,0x01,0xe7,0x00,0x4f,0x41,0xf7,0x00,0x00,0x0b,0xb0,0x00,0x0b,0xff,0xd1,0x00,0x00,0x00,0x00,0x00,0x00,0x22,0x00,0x00,0x00,0x39,0xcc,
  0xa5,0x00,0x00,0x06,0xff,0xcc,0xff,0xa0,0x00,0x0d,0xf4,0x00,0x0d,0xf2,0x00,0x0e,0xf0,0x00,0x05,0x71,0x00,0x07,0xfa,0x32,0x01,0x22,0x10,0x00,0x8f,0xfe,0x0a,0xff,
  0xa0,0x09,0xfb,0x65,0x0a,0xf8,0x30,0x1f,0xd0,0x00,0x0a,0xf3,0x00,0x2f,0xe0,0x00,0x0c,0xf2,0x00,0x0c,0xfb,0x66,0xaf,0xc0,0x00,0x01,0xaf,0xff,0xfa,0x10,0x00,0x00,
  0x00,0x22,0x00,0x00,0x00,0x0a,0x90,0x0f,0xf0,0x0f,0xe0,0x0e,0xc0,0x09,0x70,0x00,0x00,0x00,0x00,0x00,0x00,0x00,0x00,0x00,0x00,0x00,0x00,0x00,0x03,0x40,0x00,0x2f,
  0x50,0x00,0xbd,0x00,0x03,0xf7,0x00,0x08,0xf2,0x00,0x0c,0xf0,0x00,0x0f,0xd0,0x00,0x0f,0xc0,0x00,0x0f,0xd0,0x00,0x0c,0xf0,0x00,0x08,0xf2,0x00,0x03,0xf7,0x00,0x00,
  0xbd,0x00,0x00,0x2f,0x50,0x00,0x03,0x50,0x16,0x00,0x00,0x0c,0x90,0x00,0x05,0xf3,0x00,0x00,0xeb,0x00,0x00,0xaf,0x10,0x00,0x6f,0x50,0x00,0x4f,0x70,0x00,0x3f,0x80,
  0x00,0x4f,0x70,0x00,0x6f,0x50,0x00,0xaf,0x10,0x00,0xeb,0x00,0x04,0xf4,0x00,0x0c,0xa0,0x00,0x17,0x00,0x00,0x00,0x47,0x00,0x17,0x5a,0x44,0x2b,0xee,0xd5,0x07,0xef,
  0xa2,0x2b,0x6a,0x87,0x00,0x5a,0x00,0x00,0x00,0x00,0x00,0x00,0x00,0x00,0x00,0x00,0x00,0x00,0x00,0x00,0x00,0x00,0x00,0x00,0xc9,0x00,0x00,0x00,0x00,0xda,0x00,0x00,
  0x00,0x00,0xda,0x00,0x00,0x08,0xbb,0xfe,0xbb,0x60,0x09,0xdd,0xff,0xdd,0x70,0x00,0x00,0xda,0x00,0x00,0x00,0x00,0xda,0x00,0x00,0x00,0x00,0xda,0x00,0x00,0x0a,0xf4,
  0x00,0x0a,0xf4,0x00,0x00,0xc3,0x00,0x05,0xd0,0x00,0x05,0x10,0x00,0x00,0x00,0x00,0x6f,0xff,0x80,0x4b,0xbb,0x60,0x00,0x00,0x00,0x00,0x00,0x00,0x00,0x00,0x00,0x0a,
  0xf4,0x00,0x0a,0xf4,0x00,0x00,0x05,0x30,0x00,0x0f,0x60,0x00,0x4f,0x10,0x00,0x8d,0x00,0x00,0xc9,0x00,0x01,0xf4,0x00,0x05,0xf0,0x00,0x09,0xc0,0x00,0x0d,0x80,0x00,
  0x2f,0x30,0x00,0x6f,0x00,0x00,0xab,0x00,0x00,0xb5,0x00,0x00,0x00,0x5b,0xca,0x40,0x00,0x05,0xff,0xcf,0xf4,0x00,0x0d,0xf2,0x03,0xfb,0x00,0x1f,0xd0,0x00,0xef,0x00,
  0x2f,0xc0,0x00,0xdf,0x10,0x3f,0xb0,0x00,0xdf,0x20,0x3f,0xb0,0x00,0xdf,0x10,0x1f,0xc0,0x00,0xef,0x00,0x0e,0xf0,0x01,0xfd,0x00,0x09,0xfb,0x6b,0xf7,0x00,0x00,0xbf,
  0xff,0xa0,0x00,0x00,0x01,0x21,0x00,0x00,0x00,0x00,0x5a,0x00,0x00,0x03,0x9e,0xff,0x00,0x00,0x06,0xcc,0xff,0x00,0x00,0x00,0x00,0xef,0x00,0x00,0x00,0x00,0xef,0x00,
  0x00,0x00,0x00,0xef,0x00,0x00,0x00,0x00,0xef,0x00,0x00,0x00,0x00,0xef,0x00,0x00,0x00,0x00,0xef,0x00,0x00,0x04,0x88,0xff,0x88,0x30,0x07,0xff,0xff,0xff,0x50,0x00,
  0x5a,0xcb,0x70,0x00,0x07,0xff,0xcf,0xf9,0x00,0x0f,0xf2,0x01,0xff,0x00,0x1f,0xd0,0x00,0xdf,0x10,0x00,0x00,0x03,0xfe,0x00,0x00,0x00,0x3e,0xf6,0x00,0x00,0x06,0xff,
  0x70,0x00,0x00,0x9f,0xe4,0x00,0x00,0x08,0xfc,0x10,0x00,0x00,0x0f,0xfc,0xbb,0xbb,0x20,0x3f,0xff,0xff,0xff,0x30,0x00,0x6b,0xcb,0x50,0x00,0x08,0xfe,0xcf,0xf7,0x00,
  0x0f,0xf1,0x02,0xfe,0x00,0x07,0x60,0x00,0xfe,0x00,0x00,0x01,0x39,0xf8,0x00,0x00,0x09,0xff,0xb0,0x00,0x00,0x03,0x6a,0xfa,0x00,0x13,0x20,0x00,0xdf,0x10,0x4f,0xb0,
  0x00,0xdf,0x20,0x0e,0xf9,0x6a,0xfd,0x00,0x03,0xcf,0xff,0xc2,0x00,0x00,0x01,0x21,0x00,0x00,0x00,0x0a,0xd2,0x00,0x00,0x00,0x0f,0xe0,0x30,0x00,0x00,0x5f,0x91,0xf0,
  0x00,0x00,0xbf,0x27,0xf0,0x00,0x02,0xfa,0x0c,0xf0,0x00,0x0a,0xf2,0x0d,0xf0,0x00,0x3f,0x90,0x0d,0xf0,0x00,0x8f,0xfe,0xef,0xfe,0x50,0x5a,0xaa,0xaf,0xfa,0x30,0x00,
  0x00,0x0d,0xf0,0x00,0x00,0x00,0x0d,0xf0,0x00,0x05,0xaa,0xaa,0xa6,0x00,0x09,0xff,0xff,0xf9,0x00,0x0a,0xf3,0x11,0x10,0x00,0x0b,0xf0,0x00,0x00,0x00,0x0c,0xf9,0xdd,
  0x90,0x00,0x0e,0xfe,0xae,0xfa,0x00,0x04,0x60,0x01,0xff,0x00,0x14,0x30,0x00,0xdf,0x20,0x3f,0xd0,0x00,0xff,0x00,0x0d,0xfa,0x6b,0xfa,0x00,0x02,0xcf,0xff,0xb1,0x00,
  0x00,0x01,0x21,0x00,0x00,0x00,0x3a,0xcb,0x50,0x00,0x03,0xff,0xcf,0xf6,0x00,0x0b,0xf2,0x03,0xfc,0x00,0x0f,0xd0,0x00,0x87,0x00,0x2f,0xc6,0xcc,0x80,0x00,0x3f,0xff,
  0xbe,0xfb,0x00,0x3f,0xf2,0x01,0xef,0x20,0x1f,0xe0,0x00,0xbf,0x40,0x0e,0xf0,0x00,0xdf,0x20,0x08,0xfb,0x6a,0xfc,0x00,0x00,0x9f,0xff,0xc1,0x00,0x00,0x00,0x21,0x00,
  0x00,0x2a,0xaa,0xaa,0xaa,0x30,0x4f,0xff,0xff,0xff,0x40,0x01,0x11,0x16,0xf9,0x00,0x00,0x00,0x1f,0xd0,0x00,0x00,0x00,0xbf,0x30,0x00,0x00,0x04,0xfa,0x00,0x00,0x00,
  0x0b,0xf2,0x00,0x00,0x00,0x1f,0xc0,0x00,0x00,0x00,0x6f,0x80,0x00,0x00,0x00,0x9f,0x50,0x00,0x00,0x00,0xbf,0x50,0x00,0x00,0x00,0x6b,0xcb,0x50,0x00,0x08,0xfe,0xbf,
  0xf7,0x00,0x0f,0xf1,0x02,0xfe,0x00,0x0f,0xe0,0x00,0xfe,0x00,0x0a,0xf8,0x38,0xf9,0x00,0x01,0xef,0xff,0xd0,0x00,0x0c,0xf8,0x59,0xfb,0x00,0x3f,0xb0,0x00,0xcf,0x20,
  0x4f,0xb0,0x00,0xdf,0x30,0x0e,0xf9,0x59,0xfe,0x00,0x03,0xdf,0xff,0xc2,0x00,0x00,0x01,0x21,0x00,0x00,0x00,0x6b,0xca,0x30,0x00,0x0a,0xfe,0xcf,0xf3,0x00,0x2f,0xe0,
  0x04,0xfb,0x00,0x5f,0xa0,0x00,0xff,0x00,0x4f,0xb0,0x01,0xff,0x10,0x0e,0xf8,0x5c,0xff,0x20,0x04,0xef,0xfc,0xef,0x10,0x02,0x22,0x10,0xef,0x00,0x0f,0xf0,0x01,0xfc,
  0x00,0x0a,0xfa,0x6c,0xf6,0x00,0x01,0xcf,0xff,0x80,0x00,0x00,0x01,0x20,0x00,0x00,0x00,0x21,0x00,0x06,0xf9,0x00,0x05,0xd7,0x00,0x00,0x00,0x00,0x00,0x00,0x00,0x00,
  0x00,0x00,0x00,0x00,0x00,0x05,0xf9,0x00,0x06,0xf9,0x00,0x00,0x21,0x00,0x05,0xf9,0x00,0x04,0xd8,0x00,0x00,0x00,0x00,0x00,0x00,0x00,0x00,0x00,0x00,0x00,0x00,0x00,
  0x05,0xf9,0x00,0x05,0xf9,0x00,0x00,0x78,0x00,0x02,0xd3,0x00,0x03,0x20,0x00,0x00,0x00,0x00,0x00,0x00,0x00,0x00,0x00,0x39,0x60,0x00,0x00,0x5c,0xff,0x50,0x02,0x8e,
  0xfd,0x71,0x00,0x0e,0xf9,0x30,0x00,0x00,0x0e,0xfa,0x40,0x00,0x00,0x01,0x8e,0xfe,0x71,0x00,0x00,0x00,0x5b,0xff,0x50,0x00,0x00,0x00,0x28,0x60,0x04,0x55,0x55,0x55,
  0x30,0x0b,0xff,0xff,0xff,0x90,0x02,0x22,0x22,0x22,0x10,0x00,0x00,0x00,0x00,0x00,0x0b,0xff,0xff,0xff,0x90,0x05,0x77,0x77,0x77,0x40,0x00,0x00,0x00,0x00,0x00,0x00,
  0x00,0x00,0x00,0x00,0x08,0x82,0x00,0x00,0x00,0x07,0xff,0xb4,0x00,0x00,0x00,0x18,0xef,0xe7,0x10,0x00,0x00,0x04,0xaf,0xb0,0x00,0x00,0x05,0xbf,0xb0,0x00,0x28,0xef,
  0xd7,0x10,0x08,0xff,0xa4,0x00,0x00,0x07,0x81,0x00,0x00,0x00,0x00,0x4a,0xcc,0x81,0x00,0x05,0xff,0xef,0xfe,0x00,0x0d,0xf4,0x00,0xdf,0x50,0x0e,0xe0,0x00,0xbf,0x50,
  0x00,0x00,0x07,0xfe,0x00,0x00,0x00,0x8f,0xe3,0x00,0x00,0x01,0xfe,0x10,0x00,0x00,0x03,0xf9,0x00,0x00,0x00,0x00,0x00,0x00,0x00,0x00,0x04,0xfa,0x00,0x00,0x00,0x05,
  0xfa,0x00,0x00,0x00,0x00,0x38,0xbc,0xcb,0x83,0x00,0x00,0x00,0x1b,0xfa,0x65,0x57,0xaf,0xa0,0x00,0x01,0xdb,0x10,0x00,0x00,0x02,0xdb,0x00,0x09,0xd0,0x04,0xdf,0xfd,
  0x20,0x2f,0x40,0x0f,0x50,0x0f,0xe5,0x6f,0xb0,0x0b,0x90,0x2f,0x10,0x04,0x30,0x0d,0xd0,0x08,0xb0,0x4f,0x00,0x03,0xae,0xff,0xd0,0x08,0xb0,0x4f,0x00,0x2f,0xd6,0x4e,
  0xd0,0x0a,0x90,0x2f,0x10,0x6f,0x60,0x2f,0xd0,0x1f,0x40,0x0e,0x60,0x3f,0xeb,0xee,0xfa,0xea,0x00,0x08,0xd1,0x04,0xa9,0x41,0x99,0x50,0x00,0x00,0xcd,0x40,0x00,0x00,
  0x00,0x00,0x00,0x00,0x08,0xee,0xcc,0xdf,0x40,0x00,0x00,0x00,0x00,0x03,0x55,0x42,0x00,0x00,0x00,0x00,0x00,0x9a,0x90,0x00,0x00,0x00,0x03,0xff,0xf3,0x00,0x00,0x00,
  0x09,0xfa,0xf9,0x00,0x00,0x00,0x0f,0xe1,0xff,0x00,0x00,0x00,0x6f,0x90,0xbf,0x60,0x00,0x00,0xcf,0x30,0x5f,0xc0,0x00,0x02,0xfd,0x00,0x0f,0xf2,0x00,0x09,0xff,0xff,
  0xff,0xf8,0x00,0x0e,0xfb,0xbb,0xbc,0xfe,0x00,0x5f,0xb0,0x00,0x00,0xdf,0x50,0xbf,0x50,0x00,0x00,0x7f,0xb0,0x08,0xaa,0xaa,0xa9,0x40,0x00,0x0d,0xff,0xff,0xff,0xf7,
  0x00,0x0d,0xf4,0x11,0x18,0xfe,0x00,0x0d,0xf3,0x00,0x02,0xfe,0x00,0x0d,0xf6,0x44,0x5b,0xf6,0x00,0x0d,0xff,0xff,0xff,0xa0,0x00,0x0d,0xf8,0x66,0x6a,0xfb,0x00,0x0d,
  0xf3,0x00,0x00,0xef,0x20,0x0d,0xf3,0x00,0x00,0xef,0x30,0x0d,0xfc,0xbb,0xbe,0xfe,0x00,0x0d,0xff,0xff,0xff,0xb2,0x00,0x00,0x06,0xac,0xc9,0x30,0x00,0x01,0xcf,0xfe,
  0xff,0xf7,0x00,0x0a,0xfc,0x20,0x05,0xff,0x30,0x0f,0xf2,0x00,0x00,0xaf,0x70,0x3f,0xd0,0x00,0x00,0x24,0x20,0x4f,0xc0,0x00,0x00,0x00,0x00,0x4f,0xd0,0x00,0x00,0x00,
  0x00,0x1f,0xf0,0x00,0x00,0x6e,0x70,0x0d,0xf8,0x00,0x00,0xdf,0x50,0x04,0xff,0xc8,0x9e,0xfc,0x00,0x00,0x3c,0xff,0xff,0x91,0x00,0x00,0x00,0x12,0x20,0x00,0x00,0x08,
  0xaa,0xaa,0x85,0x00,0x00,0x0d,0xff,0xff,0xff,0xd2,0x00,0x0d,0xf4,0x11,0x3c,0xfd,0x00,0x0d,0xf3,0x00,0x00,0xef,0x40,0x0d,0xf3,0x00,0x00,0x9f,0x80,0x0d,0xf3,0x00,
  0x00,0x7f,0x90,0x0d,0xf3,0x00,0x00,0x8f,0x80,0x0d,0xf3,0x00,0x00,0xcf,0x60,0x0d,0xf3,0x00,0x06,0xff,0x10,0x0d,0xfc,0xbb,0xef,0xf6,0x00,0x0d,0xff,0xff,0xeb,0x30,
  0x00,0x08,0xaa,0xaa,0xaa,0xa4,0x0d,0xff,0xff,0xff,0xf7,0x0d,0xf4,0x11,0x11,0x10,0x0d,0xf3,0x00,0x00,0x00,0x0d,0xf6,0x44,0x44,0x30,0x0d,0xff,0xff,0xff,0xc0,0x0d,
  0xf8,0x66,0x66,0x50,0x0d,0xf3,0x00,0x00,0x00,0x0d,0xf3,0x00,0x00,0x00,0x0d,0xfc,0xbb,0xbb,0xb6,0x0d,0xff,0xff,0xff,0xf9,0x08,0xaa,0xaa,0xaa,0x80,0x0d,0xff,0xff,
  0xff,0xd0,0x0d,0xf4,0x11,0x11,0x10,0x0d,0xf3,0x00,0x00,0x00,0x0d,0xf3,0x11,0x11,0x00,0x0d,0xff,0xff,0xff,0x40,0x0d,0xfb,0xaa,0xaa,0x20,0x0d,0xf3,0x00,0x00,0x00,
  0x0d,0xf3,0x00,0x00,0x00,0x0d,0xf3,0x00,0x00,0x00,0x0d,0xf3,0x00,0x00,0x00,0x00,0x04,0x9c,0xcb,0x71,0x00,0x00,0xaf,0xff,0xef,0xff,0x40,0x07,0xfe,0x40,0x01,0x9f,
  0xe0,0x0e,0xf4,0x00,0x00,0x0f,0xf2,0x1f,0xf0,0x00,0x00,0x00,0x00,0x2f,0xe0,0x02,0xbb,0xbb,0xb2,0x2f,0xf0,0x02,0xff,0xff,0xf3,0x0f,0xf2,0x00,0x00,0x0d,0xf3,0x0b,
  0xfa,0x00,0x00,0x5f,0xf3,0x02,0xff,0xd9,0x8b,0xff,0xf3,0x00,0x2b,0xff,0xff,0xa5,0xf3,0x00,0x00,0x02,0x20,0x00,0x00,0x08,0xa1,0x00,0x00,0x8a,0x10,0x0d,0xf3,0x00,
  0x00,0xdf,0x20,0x0d,0xf3,0x00,0x00,0xdf,0x20,0x0d,0xf3,0x00,0x00,0xdf,0x20,0x0d,0xf7,0x55,0x55,0xef,0x20,0x0d,0xff,0xff,0xff,0xff,0x20,0x0d,0xf8,0x66,0x66,0xef,
  0x20,0x0d,0xf3,0x00,0x00,0xdf,0x20,0x0d,0xf3,0x00,0x00,0xdf,0x20,0x0d,0xf3,0x00,0x00,0xdf,0x20,0x0d,0xf3,0x00,0x00,0xdf,0x20,0x08,0xa1,0x0d,0xf3,0x0d,0xf3,0x0d,
  0xf3,0x0d,0xf3,0x0d,0xf3,0x0d,0xf3,0x0d,0xf3,0x0d,0xf3,0x0d,0xf3,0x0d,0xf3,0x00,0x00,0x00,0xa9,0x00,0x00,0x00,0x01,0xff,0x00,0x00,0x00,0x01,0xff,0x00,0x00,0x00,
  0x01,0xff,0x00,0x00,0x00,0x01,0xff,0x00,0x00,0x00,0x01,0xff,0x00,0x00,0x00,0x01,0xff,0x00,0x38,0x40,0x01,0xff,0x00,0x6f,0xa0,0x04,0xfd,0x00,0x2f,0xfa,0x8e,0xf7,
  0x00,0x05,0xef,0xff,0x90,0x00,0x00,0x02,0x20,0x00,0x00,0x08,0xa1,0x00,0x04,0xa9,0x10,0x0d,0xf3,0x00,0x3f,0xf4,0x00,0x0d,0xf3,0x03,0xff,0x50,0x00,0x0d,0xf3,0x2e,
  0xf6,0x00,0x00,0x0d,0xf5,0xef,0x80,0x00,0x00,0x0d,0xff,0xff,0xc0,0x00,0x00,0x0d,0xff,0x7d,0xf7,0x00,0x00,0x0d,0xf6,0x03,0xff,0x20,0x00,0x0d,0xf3,0x00,0x9f,0xc0,
  0x00,0x0d,0xf3,0x00,0x0d,0xf7,0x00,0x0d,0xf3,0x00,0x04,0xff,0x20,0x08,0xa1,0x00,0x00,0x00,0x0d,0xf3,0x00,0x00,0x00,0x0d,0xf3,0x00,0x00,0x00,0x0d,0xf3,0x00,0x00,
  0x00,0x0d,0xf3,0x00,0x00,0x00,0x0d,0xf3,0x00,0x00,0x00,0x0d,0xf3,0x00,0x00,0x00,0x0d,0xf3,0x00,0x00,0x00,0x0d,0xf3,0x00,0x00,0x00,0x0d,0xfc,0xcc,0xcc,0x60,0x0d,
  0xff,0xff,0xff,0x80,0x08,0xaa,0x40,0x00,0x3a,0xa9,0x00,0x0d,0xff,0xa0,0x00,0x9f,0xfe,0x00,0x0d,0xfe,0xf0,0x00,0xde,0xfe,0x00,0x0d,0xfa,0xf3,0x02,0xf9,0xfe,0x00,
  0x0d,0xf6,0xf8,0x06,0xf6,0xfe,0x00,0x0d,0xf2,0xfd,0x0b,0xf2,0xfe,0x00,0x0d,0xf1,0xbf,0x1f,0xb1,0xfe,0x00,0x0d,0xf1,0x7f,0x8f,0x61,0xfe,0x00,0x0d,0xf1,0x2f,0xff,
  0x21,0xfe,0x00,0x0d,0xf1,0x0d,0xfd,0x01,0xfe,0x00,0x0d,0xf1,0x09,0xf9,0x01,0xfe,0x00,0x08,0xa3,0x00,0x00,0x7a,0x10,0x0d,0xfd,0x00,0x00,0xcf,0x20,0x0d,0xff,0xa0,
  0x00,0xcf,0x20,0x0d,0xff,0xf5,0x00,0xcf,0x20,0x0d,0xf8,0xff,0x20,0xcf,0x20,0x0d,0xf1,0xbf,0xc0,0xcf,0x20,0x0d,0xf1,0x1e,0xf8,0xcf,0x20,0x0d,0xf1,0x04,0xff,0xef,
  0x20,0x0d,0xf1,0x00,0x8f,0xff,0x20,0x0d,0xf1,0x00,0x0c,0xff,0x20,0x0d,0xf1,0x00,0x02,0xff,0x20,0x00,0x05,0xac,0xca,0x60,0x00,0x00,0xcf,0xff,0xef,0xfd,0x10,0x09,
  0xfd,0x30,0x02,0xcf,0xb0,0x0f,0xf2,0x00,0x00,0x1f,0xf2,0x3f,0xe0,0x00,0x00,0x0b,0xf5,0x4f,0xc0,0x00,0x00,0x0a,0xf6,0x4f,0xd0,0x00,0x00,0x0b,0xf6,0x1f,0xf0,0x00,
  0x00,0x0e,0xf3,0x0c,0xf9,0x00,0x00,0x7f,0xe0,0x03,0xff,0xd9,0x8c,0xff,0x40,0x00,0x2b,0xff,0xff,0xc3,0x00,0x00,0x00,0x02,0x20,0x00,0x00,0x08,0xaa,0xaa,0xa8,0x20,
  0x0d,0xff,0xff,0xff,0xf4,0x0d,0xf4,0x11,0x19,0xfc,0x0d,0xf3,0x00,0x01,0xff,0x0d,0xf3,0x00,0x02,0xfe,0x0d,0xf9,0x88,0x8d,0xf9,0x0d,0xff,0xff,0xff,0xb0,0x0d,0xf5,
  0x33,0x31,0x00,0x0d,0xf3,0x00,0x00,0x00,0x0d,0xf3,0x00,0x00,0x00,0x0d,0xf3,0x00,0x00,0x00,0x00,0x05,0xac,0xca,0x60,0x00,0x00,0xcf,0xff,0xef,0xfd,0x10,0x09,0xfd,
  0x30,0x02,0xcf,0xb0,0x0f,0xf2,0x00,0x00,0x1f,0xf2,0x3f,0xe0,0x00,0x00,0x0b,0xf5,0x4f,0xc0,0x00,0x00,0x0a,0xf6,0x4f,0xd0,0x00,0x00,0x0b,0xf6,0x1f,0xf0,0x00,0x00,
  0x0e,0xf3,0x0c,0xf9,0x00,0x00,0x7f,0xd0,0x03,0xff,0xd9,0x8c,0xff,0x40,0x00,0x2b,0xff,0xff,0xe3,0x00,0x00,0x00,0x02,0x4e,0xf7,0x00,0x00,0x00,0x00,0x03,0xff,0x80,
  0x00,0x00,0x00,0x00,0x00,0x00,0x08,0xaa,0xaa,0xa9,0x50,0x00,0x0d,0xff,0xff,0xff,0xf9,0x00,0x0d,0xf4,0x11,0x15,0xff,0x10,0x0d,0xf3,0x00,0x00,0xcf,0x40,0x0d,0xf3,
  0x00,0x00,0xef,0x20,0x0d,0xfb,0xaa,0xad,0xfc,0x00,0x0d,0xff,0xff,0xff,0xc1,0x00,0x0d,0xf3,0x00,0x4f,0xd0,0x00,0x0d,0xf3,0x00,0x0c,0xf6,0x00,0x0d,0xf3,0x00,0x04,
  0xfd,0x00,0x0d,0xf3,0x00,0x00,0xcf,0x60,0x00,0x49,0xcc,0xb6,0x00,0x07,0xff,0xfe,0xff,0xb0,0x0f,0xf4,0x00,0x2e,0xf4,0x0f,0xf3,0x00,0x04,0x72,0x0a,0xff,0xb6,0x20,
  0x00,0x00,0x8f,0xff,0xfc,0x40,0x00,0x00,0x48,0xef,0xf3,0x16,0x40,0x00,0x0a,0xf9,0x3f,0xe0,0x00,0x07,0xf9,0x0d,0xfd,0x98,0xaf,0xf3,0x01,0xaf,0xff,0xfd,0x50,0x00,
  0x00,0x22,0x10,0x00,0x6a,0xaa,0xaa,0xaa,0xa2,0x9f,0xff,0xff,0xff,0xf3,0x11,0x14,0xfd,0x11,0x10,0x00,0x03,0xfc,0x00,0x00,0x00,0x03,0xfc,0x00,0x00,0x00,0x03,0xfc,
  0x00,0x00,0x00,0x03,0xfc,0x00,0x00,0x00,0x03,0xfc,0x00,0x00,0x00,0x03,0xfc,0x00,0x00,0x00,0x03,0xfc,0x00,0x00,0x00,0x03,0xfc,0x00,0x00,0x09,0xa1,0x00,0x00,0x9a,
  0x10,0x0e,0xf2,0x00,0x00,0xef,0x10,0x0e,0xf2,0x00,0x00,0xef,0x10,0x0e,0xf2,0x00,0x00,0xef,0x10,0x0e,0xf2,0x00,0x00,0xef,0x10,0x0e,0xf2,0x00,0x00,0xef,0x10,0x0e,
  0xf2,0x00,0x00,0xef,0x10,0x0d,0xf2,0x00,0x00,0xff,0x10,0x0b,0xf8,0x00,0x05,0xfe,0x00,0x04,0xff,0xb8,0xaf,0xf7,0x00,0x00,0x4d,0xff,0xfe,0x70,0x00,0x00,0x00,0x12,
  0x20,0x00,0x00,0x7a,0x40,0x00,0x00,0x9a,0x10,0x6f,0xb0,0x00,0x03,0xfd,0x00,0x1f,0xf1,0x00,0x09,0xf7,0x00,0x0b,0xf6,0x00,0x0e,0xf1,0x00,0x05,0xfc,0x00,0x4f,0xb0,
  0x00,0x00,0xff,0x10,0x9f,0x60,0x00,0x00,0x9f,0x70,0xef,0x00,0x00,0x00,0x3f,0xc4,0xfa,0x00,0x00,0x00,0x0e,0xfc,0xf4,0x00,0x00,0x00,0x08,0xff,0xe0,0x00,0x00,0x00,
  0x02,0xff,0x80,0x00,0x00,0x7a,0x30,0x00,0x9a,0x80,0x00,0x3a,0x50,0x8f,0x90,0x01,0xff,0xf0,0x00,0x8f,0x50,0x4f,0xd0,0x05,0xfe,0xf4,0x00,0xcf,0x00,0x0f,0xf1,0x08,
  0xfa,0xf8,0x01,0xfc,0x00,0x0b,0xf5,0x0c,0xf3,0xfb,0x05,0xf8,0x00,0x07,0xf9,0x0f,0xc0,0xef,0x09,0xf3,0x00,0x02,0xfd,0x3f,0x80,0xbf,0x3d,0xf0,0x00,0x00,0xef,0x8f,
  0x40,0x7f,0x8f,0xa0,0x00,0x00,0xaf,0xdf,0x00,0x3f,0xdf,0x60,0x00,0x00,0x6f,0xfc,0x00,0x0f,0xff,0x20,0x00,0x00,0x1f,0xf9,0x00,0x0b,0xfd,0x00,0x00,0x2a,0xa2,0x00,
  0x04,0xa8,0x00,0x0a,0xfb,0x00,0x1e,0xf5,0x00,0x01,0xef,0x60,0xaf,0x90,0x00,0x00,0x5f,0xf6,0xfe,0x00,0x00,0x00,0x0a,0xff,0xf4,0x00,0x00,0x00,0x02,0xff,0xc0,0x00,
  0x00,0x00,0x0b,0xff,0xf6,0x00,0x00,0x00,0x6f,0xc5,0xff,0x20,0x00,0x02,0xff,0x20,0xaf,0xb0,0x00,0x0c,0xf7,0x00,0x1e,0xf6,0x00,0x7f,0xc0,0x00,0x05,0xff,0x20,0x6a,
  0x70,0x00,0x00,0xaa,0x10,0x2f,0xf3,0x00,0x09,0xf9,0x00,0x07,0xfc,0x00,0x3f,0xe1,0x00,0x00,0xcf,0x70,0xcf,0x50,0x00,0x00,0x2f,0xf8,0xfa,0x00,0x00,0x00,0x08,0xff,
  0xe1,0x00,0x00,0x00,0x00,0xdf,0x60,0x00,0x00,0x00,0x00,0xcf,0x40,0x00,0x00,0x00,0x00,0xcf,0x40,0x00,0x00,0x00,0x00,0xcf,0x40,0x00,0x00,0x00,0x00,0xcf,0x40,0x00,
  0x00,0x1a,0xaa,0xaa,0xaa,0xa1,0x2f,0xff,0xff,0xff,0xe0,0x01,0x11,0x14,0xff,0x40,0x00,0x00,0x0d,0xf9,0x00,0x00,0x00,0x9f,0xd0,0x00,0x00,0x05,0xff,0x20,0x00,0x00,
  0x1e,0xf6,0x00,0x00,0x00,0xbf,0xb0,0x00,0x00,0x07,0xfe,0x10,0x00,0x00,0x3f,0xfd,0xbb,0xbb,0xb2,0x8f,0xff,0xff,0xff,0xf4,0x01,0x66,0x50,0x05,0xff,0xd0,0x05,0xf4,
  0x00,0x05,0xf4,0x00,0x05,0xf4,0x00,0x05,0xf4,0x00,0x05,0xf4,0x00,0x05,0xf4,0x00,0x05,0xf4,0x00,0x05,0xf4,0x00,0x05,0xf4,0x00,0x05,0xf4,0x00,0x05,0xf4,0x00,0x05,
  0xfe,0xc0,0x02,0x88,0x70,0x52,0x00,0x00,0xc9,0x00,0x00,0x7d,0x00,0x00,0x3f,0x20,0x00,0x0f,0x60,0x00,0x0b,0xa0,0x00,0x06,0xe0,0x00,0x02,0xf3,0x00,0x00,0xe7,0x00,
  0x00,0xab,0x00,0x00,0x5f,0x00,0x00,0x1f,0x40,0x00,0x0a,0x60,0x46,0x63,0x00,0x9f,0xf9,0x00,0x00,0xf9,0x00,0x00,0xf9,0x00,0x00,0xf9,0x00,0x00,0xf9,0x00,0x00,0xf9,
  0x00,0x00,0xf9,0x00,0x00,0xf9,0x00,0x00,0xf9,0x00,0x00,0xf9,0x00,0x00,0xf9,0x00,0x00,0xf9,0x00,0x8d,0xf9,0x00,0x58,0x84,0x00,0x00,0x00,0xa9,0x00,0x00,0x00,0x05,
  0xff,0x30,0x00,0x00,0x0c,0xce,0x90,0x00,0x00,0x2f,0x58,0xf0,0x00,0x00,0x8f,0x02,0xf6,0x00,0x00,0xea,0x00,0xcc,0x00,0x01,0x72,0x00,0x37,0x00,0x00,0x00,0x00,0x00,
  0x00,0x00,0x00,0x00,0x00,0x00,0x00,0x00,0x00,0x00,0x00,0x00,0x00,0x00,0x00,0x00,0x00,0x00,0x00,0x00,0xff,0xff,0xff,0xfd,0x55,0x55,0x55,0x54,0x33,0x00,0x7f,0x60,
  0x09,0xc0,0x00,0x00,0x00,0x00,0x00,0x00,0x00,0x00,0x00,0x00,0x00,0x00,0x00,0x00,0x00,0x00,0x00,0x00,0x00,0x14,0x53,0x00,0x00,0x06,0xff,0xff,0xc0,0x00,0x0f,0xe4,
  0x2b,0xf6,0x00,0x04,0x30,0x06,0xf8,0x00,0x02,0x9c,0xef,0xf8,0x00,0x1f,0xf9,0x69,0xf8,0x00,0x6f,0x80,0x08,0xf8,0x00,0x6f,0xd6,0x8f,0xfb,0x30,0x0c,0xff,0xe5,0xef,
  0x80,0x00,0x12,0x00,0x02,0x00,0x03,0x20,0x00,0x00,0x00,0x0f,0xe0,0x00,0x00,0x00,0x0f,0xe0,0x00,0x00,0x00,0x0f,0xe0,0x35,0x20,0x00,0x0f,0xeb,0xff,0xf7,0x00,0x0f,
  0xfc,0x56,0xff,0x20,0x0f,0xf1,0x00,0x8f,0x70,0x0f,0xe0,0x00,0x6f,0x90,0x0f,0xe0,0x00,0x6f,0x80,0x0f,0xf2,0x00,0x9f,0x60,0x0f,0xfd,0x79,0xff,0x10,0x0f,0xa9,0xff,
  0xf5,0x00,0x00,0x00,0x12,0x00,0x00,0x00,0x04,0x53,0x00,0x04,0xef,0xff,0xd1,0x0e,0xf7,0x3a,0xf9,0x4f,0xb0,0x01,0xec,0x6f,0x80,0x00,0x00,0x5f,0x90,0x00,0x00,0x3f,
  0xc0,0x00,0xfd,0x0d,0xf9,0x5b,0xf8,0x02,0xdf,0xff,0xa0,0x00,0x01,0x21,0x00,0x00,0x00,0x00,0x23,0x00,0x00,0x00,0x00,0xbf,0x20,0x00,0x00,0x00,0xbf,0x20,0x00,0x15,
  0x40,0xbf,0x20,0x05,0xff,0xfd,0xcf,0x20,0x0f,0xf8,0x4a,0xff,0x20,0x4f,0xb0,0x00,0xef,0x20,0x6f,0x90,0x00,0xbf,0x20,0x5f,0x90,0x00,0xbf,0x20,0x3f,0xc0,0x00,0xef,
  0x20,0x0e,0xfa,0x7c,0xff,0x20,0x03,0xef,0xfb,0x8f,0x20,0x00,0x02,0x10,0x00,0x00,0x00,0x04,0x53,0x00,0x00,0x03,0xef,0xff,0xd1,0x00,0x0e,0xf6,0x38,0xfa,0x00,0x4f,
  0xb0,0x00,0xff,0x00,0x6f,0xff,0xff,0xff,0x10,0x5f,0xb6,0x66,0x66,0x00,0x3f,0xb0,0x00,0xbd,0x00,0x0d,0xf8,0x59,0xfc,0x00,0x02,0xcf,0xff,0xc2,0x00,0x00,0x01,0x21,
  0x00,0x00,0x00,0x25,0x20,0x04,0xff,0xc0,0x09,0xf8,0x20,0x1a,0xf6,0x10,0xcf,0xff,0xc0,0x4c,0xf9,0x40,0x09,0xf4,0x00,0x09,0xf4,0x00,0x09,0xf4,0x00,0x09,0xf4,0x00,
  0x09,0xf4,0x00,0x09,0xf4,0x00,0x00,0x00,0x00,0x07,0x70,0x00,0x04,0x53,0x6f,0xa0,0x03,0xef,0xff,0xfa,0x00,0x0d,0xf4,0x04,0xfd,0x00,0x0f,0xe0,0x00,0xdf,0x00,0x0c,
  0xf6,0x26,0xfd,0x00,0x04,0xff,0xff,0xd2,0x00,0x2f,0xc3,0x21,0x00,0x00,0x2f,0xfc,0xcc,0xca,0x10,0x1d,0xfd,0xdd,0xef,0xc0,0xaf,0x40,0x00,0x0f,0xe0,0xaf,0xc8,0x88,
  0xbf,0x90,0x1a,0xdd,0xdd,0xc8,0x00,0x03,0x20,0x00,0x00,0x00,0x0f,0xe0,0x00,0x00,0x00,0x0f,0xe0,0x00,0x00,0x00,0x0f,0xe0,0x35,0x20,0x00,0x0f,0xea,0xff,0xf7,0x00,
  0x0f,0xfc,0x58,0xff,0x00,0x0f,0xf1,0x00,0xdf,0x10,0x0f,0xe0,0x00,0xcf,0x10,0x0f,0xe0,0x00,0xcf,0x10,0x0f,0xe0,0x00,0xcf,0x10,0x0f,0xe0,0x00,0xcf,0x10,0x0f,0xe0,
  0x00,0xcf,0x10,0x03,0x20,0x0f,0xe0,0x09,0x80,0x02,0x20,0x0f,0xe0,0x0f,0xe0,0x0f,0xe0,0x0f,0xe0,0x0f,0xe0,0x0f,0xe0,0x0f,0xe0,0x0f,0xe0,0x00,0x32,0x00,0x00,0xfe,
  0x00,0x00,0x98,0x00,0x00,0x22,0x00,0x00,0xfe,0x00,0x00,0xfe,0x00,0x00,0xfe,0x00,0x00,0xfe,0x00,0x00,0xfe,0x00,0x00,0xfe,0x00,0x00,0xfe,0x00,0x00,0xfe,0x00,0x00,
  0xfe,0x00,0x5c,0xfc,0x00,0x4c,0xb3,0x00,0x03,0x20,0x00,0x00,0x00,0x0f,0xe0,0x00,0x00,0x00,0x0f,0xe0,0x00,0x00,0x00,0x0f,0xe0,0x00,0x22,0x00,0x0f,0xe0,0x0b,0xf7,
  0x00,0x0f,0xe0,0x9f,0x90,0x00,0x0f,0xe6,0xfb,0x00,0x00,0x0f,0xff,0xf9,0x00,0x00,0x0f,0xfd,0xdf,0x20,0x00,0x0f,0xf1,0x4f,0xc0,0x00,0x0f,0xe0,0x0c,0xf5,0x00,0x0f,
  0xe0,0x03,0xfe,0x00,0x03,0x20,0x0f,0xe0,0x0f,0xe0,0x0f,0xe0,0x0f,0xe0,0x0f,0xe0,0x0f,0xe0,0x0f,0xe0,0x0f,0xe0,0x0f,0xe0,0x0f,0xe0,0x0f,0xe0,0x02,0x10,0x35,0x10,
  0x04,0x40,0x00,0x0f,0xbb,0xff,0xe5,0xef,0xfd,0x00,0x0f,0xfb,0x5b,0xff,0x95,0xef,0x40,0x0f,0xf1,0x04,0xfc,0x00,0x8f,0x60,0x0f,0xe0,0x03,0xfa,0x00,0x7f,0x60,0x0f,
  0xe0,0x03,0xfa,0x00,0x7f,0x60,0x0f,0xe0,0x03,0xfa,0x00,0x7f,0x60,0x0f,0xe0,0x03,0xfa,0x00,0x7f,0x60,0x0f,0xe0,0x03,0xfa,0x00,0x7f,0x60,0x02,0x10,0x35,0x20,0x00,
  0x0f,0xba,0xff,0xf7,0x00,0x0f,0xfc,0x58,0xff,0x00,0x0f,0xf1,0x00,0xdf,0x10,0x0f,0xe0,0x00,0xcf,0x10,0x0f,0xe0,0x00,0xcf,0x10,0x0f,0xe0,0x00,0xcf,0x10,0x0f,0xe0,
  0x00,0xcf,0x10,0x0f,0xe0,0x00,0xcf,0x10,0x00,0x03,0x54,0x10,0x00,0x03,0xef,0xff,0xf6,0x00,0x0e,0xf8,0x36,0xef,0x30,0x4f,0xb0,0x00,0x7f,0x80,0x5f,0x90,0x00,0x4f,
  0xa0,0x5f,0x90,0x00,0x4f,0xa0,0x3f,0xc0,0x00,0x8f,0x70,0x0d,0xfa,0x68,0xff,0x20,0x02,0xcf,0xff,0xd4,0x00,0x00,0x01,0x21,0x00,0x00,0x02,0x10,0x35,0x20,0x00,0x0f,
  0xbb,0xff,0xf7,0x00,0x0f,0xfc,0x56,0xff,0x20,0x0f,0xf1,0x00,0x8f,0x70,0x0f,0xe0,0x00,0x6f,0x90,0x0f,0xe0,0x00,0x6f,0x80,0x0f,0xf2,0x00,0x9f,0x60,0x0f,0xfd,0x79,
  0xff,0x10,0x0f,0xe9,0xff,0xf5,0x00,0x0f,0xe0,0x12,0x00,0x00,0x0f,0xe0,0x00,0x00,0x00,0x0b,0xa0,0x00,0x00,0x00,0x00,0x15,0x40,0x12,0x00,0x05,0xff,0xfd,0x9f,0x20,
  0x0f,0xf8,0x4a,0xff,0x20,0x4f,0xb0,0x00,0xef,0x20,0x6f,0x90,0x00,0xbf,0x20,0x5f,0x90,0x00,0xcf,0x20,0x3f,0xc0,0x00,0xff,0x20,0x0e,0xfa,0x7c,0xff,0x20,0x03,0xef,
  0xfb,0xcf,0x20,0x00,0x02,0x10,0xbf,0x20,0x00,0x00,0x00,0xbf,0x20,0x00,0x00,0x00,0x7b,0x10,0x02,0x10,0x41,0x0f,0xac,0xf7,0x0f,0xfe,0x94,0x0f,0xf3,0x00,0x0f,0xe0,
  0x00,0x0f,0xe0,0x00,0x0f,0xe0,0x00,0x0f,0xe0,0x00,0x0f,0xe0,0x00,0x00,0x14,0x52,0x00,0x07,0xff,0xff,0xc1,0x1f,0xe4,0x3a,0xf7,0x2f,0xe5,0x01,0x31,0x09,0xff,0xfb,
  0x50,0x00,0x28,0xcf,0xf8,0x39,0x40,0x04,0xfc,0x3f,0xe6,0x5a,0xfa,0x06,0xef,0xff,0xb1,0x00,0x02,0x21,0x00,0x03,0x70,0x00,0x09,0xf1,0x00,0x2c,0xf3,0x10,0xcf,0xff,
  0x70,0x5e,0xf6,0x30,0x0d,0xf1,0x00,0x0d,0xf1,0x00,0x0d,0xf1,0x00,0x0d,0xf1,0x00,0x0c,0xf7,0x20,0x06,0xff,0x70,0x00,0x12,0x00,0x02,0x20,0x00,0x22,0x00,0x0f,0xd0,
  0x00,0xdf,0x00,0x0f,0xd0,0x00,0xdf,0x00,0x0f,0xd0,0x00,0xdf,0x00,0x0f,0xd0,0x00,0xdf,0x00,0x0f,0xd0,0x00,0xdf,0x00,0x0f,0xe0,0x01,0xff,0x00,0x0e,0xfa,0x8d,0xff,
  0x00,0x05,0xff,0xf9,0x9f,0x00,0x00,0x02,0x10,0x00,0x00,0x22,0x00,0x00,0x22,0x00,0xaf,0x40,0x01,0xfd,0x00,0x5f,0xa0,0x06,0xf8,0x00,0x0e,0xf0,0x0b,0xf2,0x00,0x09,
  0xf5,0x1f,0xc0,0x00,0x03,0xfa,0x6f,0x60,0x00,0x00,0xdf,0xbf,0x00,0x00,0x00,0x7f,0xfa,0x00,0x00,0x00,0x1f,0xf4,0x00,0x00,0x22,0x00,0x02,0x20,0x00,0x21,0xcf,0x20,
  0x4f,0xf1,0x04,0xf8,0x7f,0x60,0x7f,0xf5,0x08,0xf3,0x2f,0xa0,0xbc,0xf9,0x0c,0xe0,0x0d,0xe0,0xf9,0xcd,0x0f,0x90,0x09,0xf5,0xf5,0x8f,0x6f,0x50,0x04,0xfc,0xf1,0x5f,
  0xcf,0x00,0x00,0xff,0xd0,0x1f,0xfb,0x00,0x00,0xaf,0x90,0x0d,0xf6,0x00,0x12,0x10,0x00,0x22,0x00,0x3f,0xf1,0x06,0xfb,0x00,0x08,0xfb,0x1f,0xe1,0x00,0x00,0xcf,0xef,
  0x40,0x00,0x00,0x2f,0xfa,0x00,0x00,0x00,0x6f,0xfe,0x00,0x00,0x02,0xfe,0x9f,0x90,0x00,0x0c,0xf4,0x0d,0xf4,0x00,0x7f,0xa0,0x04,0xfe,0x10,0x22,0x00,0x00,0x22,0x00,
  0xaf,0x50,0x00,0xfe,0x00,0x4f,0xb0,0x05,0xf8,0x00,0x0e,0xf1,0x0a,0xf2,0x00,0x08,0xf7,0x0f,0xd0,0x00,0x01,0xfd,0x4f,0x70,0x00,0x00,0xbf,0xaf,0x20,0x00,0x00,0x5f,
  0xfc,0x00,0x00,0x00,0x0e,0xf6,0x00,0x00,0x00,0x1f,0xf1,0x00,0x00,0x2b,0xff,0x70,0x00,0x00,0x2c,0xc6,0x00,0x00,0x00,0x02,0x22,0x22,0x20,0x5f,0xff,0xff,0xf3,0x26,
  0x66,0xdf,0xa0,0x00,0x04,0xfe,0x10,0x00,0x1e,0xf4,0x00,0x00,0xbf,0x80,0x00,0x07,0xfc,0x00,0x00,0x3f,0xfa,0x88,0x83,0x9f,0xff,0xff,0xf6,0x00,0x02,0x51,0x00,0x7f,
  0xd2,0x00,0xed,0x00,0x00,0xeb,0x00,0x00,0xea,0x00,0x00,0xea,0x00,0x05,0xf7,0x00,0x5f,0xa0,0x00,0x16,0xf6,0x00,0x00,0xea,0x00,0x00,0xea,0x00,0x00,0xeb,0x00,0x00,
  0xec,0x00,0x00,0x8f,0xc2,0x00,0x04,0x61,0x02,0x20,0x0d,0xa0,0x0d,0xa0,0x0d,0xa0,0x0d,0xa0,0x0d,0xa0,0x0d,0xa0,0x0d,0xa0,0x0d,0xa0,0x0d,0xa0,0x0d,0xa0,0x0d,0xa0,
  0x0d,0xa0,0x0d,0xa0,0x0c,0x90,0x05,0x30,0x00,0x1c,0xf9,0x00,0x00,0xbf,0x00,0x00,0x9f,0x00,0x00,0x9f,0x00,0x00,0x8f,0x00,0x00,0x5f,0x61,0x00,0x09,0xf7,0x00,0x5f,
  0x71,0x00,0x8f,0x00,0x00,0x9f,0x00,0x00,0x9f,0x00,0x00,0xaf,0x00,0x1b,0xfa,0x00,0x07,0x40,0x00,0x00,0x00,0x00,0x00,0x00,0x05,0xdf,0xb4,0x14,0xa0,0x0f,0xec,0xff,
  0xff,0xb0,0x06,0x00,0x16,0xa7,0x00,0x00,0x00,0x00,0x00,0x00,0x00,0x00,0x00,0x00,0x00,0x00,0x00,0x00,0x00,0x00,0x03,0x84,0x00,0x06,0xf9,0x00,0x02,0x74,0x00,0x00,
  0x00,0x00,0x00,0x00,0x00,0x00,0x00,0x00,0x00,0x00,0x00,0xee,0xee,0xee,0xee,0xee,0xee,0xee,0xe7,0x88,0x88,0x88,0x88,0x88,0x88,0x88,0x84,0x00,0x00,0x00,0x00,0x00,
  0x00,0x00,0x00,0x00,0x00,0x00,0x00,0x00,0x00,0x00,0x00,0x00,0x00,0x00,0x00,0x00,0x00,0x00,0x00,0x0a,0xf4,0x00,0x7f,0x70,0x05,0xf9,0x00,0x0a,0xf4,0x00,0x8f,0x70,
  0x05,0xf9,0x00,0x00,0x35,0x10,0x00,0x05,0xff,0xe1,0x00,0x0b,0xff,0xf4,0x00,0x09,0xff,0xf2,0x00,0x00,0x8b,0x50,0x00,0x00,0x00,0x00,0x00,0x00,0x00,0x00,0x00,0x00,
  0x00,0x00,0x00,0x0b,0xcc,0xcc,0xcc,0xc0,0x0d,0xc0,0x00,0x0b,0xe0,0x0c,0x77,0x00,0x59,0xc0,0x0c,0x0c,0x21,0xc0,0xc0,0x0c,0x02,0xcb,0x30,0xc0,0x0c,0x00,0x9a,0x00,
  0xc0,0x0c,0x01,0xcc,0x20,0xc0,0x0c,0x0a,0x32,0xc0,0xc0,0x0c,0x59,0x00,0x77,0xc0,0x0c,0xc0,0x00,0x0c,0xd0,0x0d,0xec,0xcc,0xcd,0xe0,0x07,0xa2,0x0c,0xf3,0x04,0xe2,
  0x02,0xe0,0x0a,0x30,0x00,0x00,0x00,0x00,0x00,0x00,0x00,0x00,0x00,0x00,0x00,0x00,
};
const sig_font_t sigf_3 = { 0, 600, 15.5f, 14, 4, 0, 101, sigf_3_ch, sigf_3_gl, sigf_3_bmp, 5040 };
// --- disp 600 normal 16px  (101 glyphs, 5313 bytes)
static const sig_glyph_t sigf_4_gl[] = {
  {0,0,0,0,0,3},
  {0,5,11,0,-11,5},
  {33,7,11,0,-11,7},
  {77,9,13,0,-12,9},
  {142,9,13,0,-12,9},
  {207,15,13,0,-12,15},
  {311,12,13,0,-12,12},
  {389,4,11,0,-11,4},
  {411,6,15,0,-12,6},
  {456,6,15,0,-12,6},
  {501,7,11,0,-11,7},
  {545,10,9,0,-9,10},
  {590,5,6,0,-3,5},
  {608,5,6,0,-6,5},
  {626,5,3,0,-3,5},
  {635,5,13,0,-12,5},
  {674,9,13,0,-12,9},
  {739,9,11,0,-11,9},
  {794,9,12,0,-12,9},
  {854,9,13,0,-12,9},
  {919,9,12,0,-12,9},
  {979,9,12,0,-11,9},
  {1039,9,13,0,-12,9},
  {1104,9,11,0,-11,9},
  {1159,9,13,0,-12,9},
  {1224,9,13,0,-12,9},
  {1289,5,9,0,-9,5},
  {1316,5,12,0,-9,5},
  {1352,10,9,0,-9,10},
  {1397,10,7,0,-7,10},
  {1432,10,9,0,-9,10},
  {1477,10,12,0,-12,10},
  {1537,16,15,0,-12,16},
  {1657,12,11,0,-11,11},
  {1723,11,11,0,-11,11},
  {1789,12,13,0,-12,12},
  {1867,12,11,0,-11,12},
  {1933,11,11,0,-11,11},
  {1999,10,11,0,-11,10},
  {2054,13,13,0,-12,13},
  {2145,12,11,0,-11,12},
  {2211,5,11,0,-11,5},
  {2244,9,12,0,-11,9},
  {2304,11,11,0,-11,11},
  {2370,9,11,0,-11,9},
  {2425,14,11,0,-11,14},
  {2502,12,11,0,-11,12},
  {2568,13,13,0,-12,13},
  {2659,11,11,0,-11,11},
  {2725,13,15,0,-12,13},
  {2830,11,11,0,-11,11},
  {2896,11,13,0,-12,11},
  {2974,10,11,0,-11,10},
  {3029,12,12,0,-11,12},
  {3101,11,11,0,-11,11},
  {3167,16,11,0,-11,15},
  {3255,11,11,0,-11,11},
  {3321,11,11,0,-11,11},
  {3387,10,11,0,-11,10},
  {3442,6,15,0,-12,5},
  {3487,5,13,0,-12,5},
  {3526,5,15,0,-12,5},
  {3571,10,11,0,-11,10},
  {3626,9,3,0,0,8},
  {3641,4,12,0,-12,3},
  {3665,9,10,0,-9,9},
  {3715,9,13,0,-12,9},
  {3780,9,10,0,-9,9},
  {3830,9,13,0,-12,9},
  {3895,9,10,0,-9,9},
  {3945,5,12,0,-12,5},
  {3981,10,13,0,-10,9},
  {4046,9,12,0,-12,9},
  {4106,4,12,0,-12,4},
  {4130,5,15,-1,-12,4},
  {4175,9,12,0,-12,9},
  {4235,4,12,0,-12,4},
  {4259,14,9,0,-9,14},
  {4322,9,9,0,-9,9},
  {4367,10,10,0,-9,10},
  {4417,9,12,0,-9,9},
  {4477,9,12,0,-9,9},
  {4537,6,9,0,-9,6},
  {4564,9,10,0,-9,9},
  {4614,5,12,0,-11,5},
  {4650,9,10,0,-9,9},
  {4700,9,9,0,-9,8},
  {4745,13,9,0,-9,12},
  {4808,9,9,0,-9,9},
  {4853,9,12,0,-9,8},
  {4913,8,9,0,-9,8},
  {4949,6,15,0,-12,6},
  {4994,4,16,0,-12,4},
  {5026,6,15,0,-12,6},
  {5071,10,7,0,-7,10},
  {5106,5,7,0,-7,5},
  {5127,16,6,0,-6,16},
  {5175,15,3,0,-3,15},
  {5199,7,8,0,-8,7},
  {5231,10,12,0,-12,10},
  {5291,4,11,0,-11,4},
};
static const char sigf_4_ch[] = " !\"#$%&'()*+,-./0123456789:;<=>?@ABCDEFGHIJKLMNOPQRSTUVWXYZ[\\]^_`abcdefghijklmnopqrstuvwxyz{|}~·—…•→’";
static const uint8_t sigf_4_bmp[] = {
  0x0b,0xf6,0x00,0x0b,0xf5,0x00,0x0a,0xf4,0x00,0x09,0xf3,0x00,0x07,0xf2,0x00,0x06,0xf1,0x00,0x05,0xf0,0x00,0x04,0xf0,0x00,0x00,0x00,0x00,0x0a,0xf5,0x00,0x0a,0xf5,
  0x00,0x0f,0xf0,0xdf,0x30,0x0f,0xf0,0xdf,0x30,0x0f,0xf0,0xdf,0x20,0x0e,0xd0,0xbf,0x00,0x06,0x50,0x46,0x00,0x00,0x00,0x00,0x00,0x00,0x00,0x00,0x00,0x00,0x00,0x00,
  0x00,0x00,0x00,0x00,0x00,0x00,0x00,0x00,0x00,0x00,0x00,0x00,0x00,0x00,0x02,0x20,0x02,0x10,0x00,0x0e,0xb0,0x5f,0x40,0x00,0x1f,0x80,0x9f,0x10,0x00,0x4f,0x40,0xcd,
  0x00,0x0d,0xff,0xff,0xff,0xe0,0x08,0xee,0x9b,0xfc,0x90,0x00,0xfa,0x06,0xf3,0x00,0x25,0xf9,0x4a,0xf4,0x00,0x9f,0xff,0xff,0xff,0x30,0x3b,0xf5,0x5f,0xb5,0x10,0x0c,
  0xd0,0x3f,0x60,0x00,0x0f,0xa0,0x6f,0x20,0x00,0x03,0x10,0x13,0x00,0x00,0x00,0x00,0x70,0x00,0x00,0x00,0x00,0xc0,0x00,0x00,0x01,0x8c,0xfc,0x60,0x00,0x0d,0xfc,0xae,
  0xf8,0x00,0x2f,0xe0,0x02,0xc9,0x00,0x0e,0xfd,0x83,0x00,0x00,0x03,0xcf,0xff,0xe4,0x00,0x00,0x01,0x5b,0xfe,0x00,0x4f,0xa0,0x00,0xff,0x00,0x1e,0xfc,0xad,0xfb,0x00,
  0x02,0x9d,0xfc,0x80,0x00,0x00,0x00,0xc0,0x00,0x00,0x00,0x00,0x90,0x00,0x00,0x00,0x02,0x20,0x00,0x00,0x00,0x00,0x00,0x01,0xcf,0xfd,0x10,0x00,0x5f,0x30,0x00,0x06,
  0xf3,0x3f,0x70,0x02,0xe7,0x00,0x00,0x09,0xf0,0x0e,0x90,0x0c,0xb0,0x00,0x00,0x08,0xf0,0x0f,0x90,0x8e,0x10,0x00,0x00,0x03,0xfb,0xbf,0x44,0xf4,0x00,0x00,0x00,0x00,
  0x39,0x94,0x1e,0x81,0x79,0x60,0x00,0x00,0x00,0x00,0xbc,0x0c,0xea,0xfa,0x00,0x00,0x00,0x07,0xf2,0x1f,0x70,0x8f,0x00,0x00,0x00,0x3f,0x50,0x2f,0x60,0x7f,0x00,0x00,
  0x00,0xd9,0x00,0x0f,0xa0,0xbe,0x00,0x00,0x0a,0xd0,0x00,0x07,0xff,0xf6,0x00,0x00,0x00,0x00,0x00,0x00,0x12,0x00,0x00,0x00,0x00,0x12,0x10,0x00,0x00,0x00,0x8e,0xff,
  0xfd,0x40,0x00,0x08,0xfe,0x87,0x9f,0xf2,0x00,0x0d,0xf3,0x00,0x08,0xf7,0x00,0x0c,0xf3,0x00,0x01,0x32,0x00,0x04,0xfd,0x76,0x02,0x66,0x60,0x00,0x8f,0xff,0x16,0xff,
  0xf0,0x0a,0xfa,0x43,0x06,0xfa,0x30,0x1f,0xe0,0x00,0x06,0xf8,0x00,0x1f,0xf0,0x00,0x09,0xf7,0x00,0x0b,0xfd,0x76,0x9f,0xf1,0x00,0x00,0x9f,0xff,0xfc,0x30,0x00,0x00,
  0x00,0x22,0x10,0x00,0x00,0x0f,0xf0,0x0f,0xf0,0x0f,0xf0,0x0e,0xd0,0x06,0x50,0x00,0x00,0x00,0x00,0x00,0x00,0x00,0x00,0x00,0x00,0x00,0x00,0x00,0x07,0x90,0x00,0x3f,
  0x50,0x00,0xcd,0x00,0x03,0xf7,0x00,0x09,0xf3,0x00,0x0c,0xf0,0x00,0x0e,0xe0,0x00,0x0f,0xd0,0x00,0x0e,0xe0,0x00,0x0b,0xf0,0x00,0x07,0xf4,0x00,0x02,0xf9,0x00,0x00,
  0xaf,0x00,0x00,0x1e,0x70,0x00,0x03,0x70,0x1c,0x30,0x00,0x09,0xe0,0x00,0x02,0xf8,0x00,0x00,0xce,0x00,0x00,0x8f,0x40,0x00,0x4f,0x80,0x00,0x2f,0xa0,0x00,0x2f,0xa0,
  0x00,0x3f,0x90,0x00,0x5f,0x70,0x00,0x9f,0x30,0x00,0xdd,0x00,0x04,0xf6,0x00,0x0b,0xc0,0x00,0x18,0x10,0x00,0x00,0x4c,0x00,0x00,0x2c,0x5b,0x7a,0x00,0x06,0xef,0xb2,
  0x00,0x2b,0xee,0xe6,0x00,0x18,0x4c,0x37,0x00,0x00,0x39,0x00,0x00,0x00,0x00,0x00,0x00,0x00,0x00,0x00,0x00,0x00,0x00,0x00,0x00,0x00,0x00,0x00,0x00,0x00,0x00,0x00,
  0x00,0x00,0x00,0x12,0x00,0x00,0x00,0x00,0xbd,0x00,0x00,0x00,0x00,0xbd,0x00,0x00,0x00,0x00,0xbd,0x00,0x00,0x09,0xdd,0xff,0xdd,0xb0,0x07,0xbb,0xef,0xbb,0x90,0x00,
  0x00,0xbd,0x00,0x00,0x00,0x00,0xbd,0x00,0x00,0x00,0x00,0xbd,0x00,0x00,0x00,0x00,0x00,0x09,0xf6,0x00,0x09,0xf6,0x00,0x00,0xa5,0x00,0x04,0xd1,0x00,0x05,0x10,0x00,
  0x13,0x33,0x20,0x5f,0xff,0xb0,0x39,0x99,0x60,0x00,0x00,0x00,0x00,0x00,0x00,0x00,0x00,0x00,0x00,0x00,0x00,0x0a,0xf6,0x00,0x0a,0xf6,0x00,0x00,0x09,0x80,0x00,0x0f,
  0x60,0x00,0x3f,0x20,0x00,0x8e,0x00,0x00,0xca,0x00,0x01,0xf5,0x00,0x05,0xf1,0x00,0x09,0xd0,0x00,0x0d,0x80,0x00,0x1f,0x40,0x00,0x6f,0x00,0x00,0xac,0x00,0x00,0xb6,
  0x00,0x00,0x00,0x00,0x21,0x00,0x00,0x00,0x9f,0xff,0xb1,0x00,0x07,0xfd,0x7b,0xfb,0x00,0x0e,0xf2,0x00,0xef,0x10,0x1f,0xe0,0x00,0xbf,0x40,0x2f,0xd0,0x00,0x9f,0x60,
  0x3f,0xd0,0x00,0x9f,0x60,0x2f,0xd0,0x00,0x9f,0x60,0x1f,0xe0,0x00,0xbf,0x40,0x0e,0xf1,0x00,0xef,0x10,0x08,0xfc,0x6a,0xfb,0x00,0x00,0xaf,0xff,0xc1,0x00,0x00,0x01,
  0x21,0x00,0x00,0x00,0x03,0x9f,0x20,0x00,0x05,0xef,0xff,0x20,0x00,0x03,0x77,0xef,0x20,0x00,0x00,0x00,0xcf,0x20,0x00,0x00,0x00,0xcf,0x20,0x00,0x00,0x00,0xcf,0x20,
  0x00,0x00,0x00,0xcf,0x20,0x00,0x00,0x00,0xcf,0x20,0x00,0x00,0x00,0xcf,0x20,0x00,0x04,0x99,0xef,0xa9,0x50,0x07,0xff,0xff,0xff,0x90,0x00,0x00,0x21,0x00,0x00,0x00,
  0x9f,0xff,0xe4,0x00,0x0a,0xfd,0x8a,0xff,0x10,0x0f,0xf1,0x00,0xbf,0x50,0x0c,0xb0,0x00,0xaf,0x50,0x00,0x00,0x03,0xff,0x10,0x00,0x00,0x3e,0xf7,0x00,0x00,0x07,0xff,
  0x80,0x00,0x00,0xaf,0xe4,0x00,0x00,0x08,0xfc,0x10,0x00,0x00,0x0f,0xfd,0xcc,0xcc,0x50,0x2f,0xff,0xff,0xff,0x70,0x00,0x00,0x21,0x00,0x00,0x01,0xbf,0xff,0xc2,0x00,
  0x0b,0xfc,0x7a,0xfe,0x00,0x0f,0xf0,0x00,0xdf,0x30,0x03,0x30,0x00,0xef,0x20,0x00,0x02,0x6a,0xf9,0x00,0x00,0x07,0xff,0xd2,0x00,0x00,0x01,0x36,0xfe,0x10,0x15,0x30,
  0x00,0x9f,0x60,0x3f,0xc0,0x00,0xaf,0x60,0x0d,0xfa,0x69,0xff,0x20,0x02,0xcf,0xff,0xd4,0x00,0x00,0x01,0x21,0x00,0x00,0x00,0x01,0x21,0x00,0x00,0x00,0x0b,0xf4,0x00,
  0x00,0x00,0x0f,0xf0,0x62,0x00,0x00,0x5f,0x90,0xf4,0x00,0x00,0xcf,0x26,0xf4,0x00,0x03,0xfb,0x0a,0xf4,0x00,0x0b,0xf2,0x0a,0xf4,0x00,0x3f,0x90,0x0b,0xf5,0x00,0x8f,
  0xff,0xff,0xff,0xa0,0x48,0x88,0x8d,0xfa,0x50,0x00,0x00,0x0a,0xf4,0x00,0x00,0x00,0x0a,0xf4,0x00,0x07,0xff,0xff,0xfd,0x00,0x08,0xfd,0xcc,0xca,0x00,0x0a,0xf3,0x00,
  0x00,0x00,0x0b,0xf2,0x11,0x00,0x00,0x0c,0xfc,0xff,0xe4,0x00,0x0d,0xfc,0x7a,0xff,0x10,0x02,0x40,0x00,0xcf,0x50,0x16,0x50,0x00,0x9f,0x60,0x2f,0xe0,0x00,0xcf,0x40,
  0x0c,0xfc,0x7a,0xfe,0x00,0x01,0xbf,0xff,0xc2,0x00,0x00,0x01,0x21,0x00,0x00,0x00,0x00,0x21,0x00,0x00,0x00,0x7f,0xff,0xc2,0x00,0x05,0xfd,0x7a,0xfc,0x00,0x0c,0xf2,
  0x00,0xef,0x10,0x0f,0xe0,0x00,0x34,0x00,0x2f,0xd9,0xff,0xd4,0x00,0x2f,0xfe,0x9b,0xff,0x10,0x2f,0xf3,0x00,0xbf,0x60,0x1f,0xf0,0x00,0x7f,0x80,0x0e,0xf2,0x00,0xaf,
  0x70,0x07,0xfd,0x79,0xff,0x10,0x00,0x8f,0xff,0xd3,0x00,0x00,0x00,0x22,0x00,0x00,0x4f,0xff,0xff,0xff,0x80,0x3c,0xcc,0xcc,0xff,0x60,0x00,0x00,0x05,0xfa,0x00,0x00,
  0x00,0x1f,0xe0,0x00,0x00,0x00,0xaf,0x40,0x00,0x00,0x03,0xfb,0x00,0x00,0x00,0x0a,0xf4,0x00,0x00,0x00,0x1f,0xe0,0x00,0x00,0x00,0x5f,0xa0,0x00,0x00,0x00,0x8f,0x80,
  0x00,0x00,0x00,0xaf,0x70,0x00,0x00,0x00,0x00,0x21,0x00,0x00,0x01,0xaf,0xff,0xc2,0x00,0x0a,0xfc,0x7a,0xfd,0x00,0x0f,0xf0,0x00,0xdf,0x20,0x0e,0xf0,0x00,0xdf,0x20,
  0x07,0xfc,0x6a,0xfb,0x00,0x01,0xdf,0xff,0xf3,0x00,0x0d,0xf7,0x35,0xff,0x20,0x4f,0xc0,0x00,0x9f,0x70,0x4f,0xd0,0x00,0xaf,0x70,0x0e,0xfa,0x69,0xff,0x20,0x02,0xcf,
  0xff,0xe5,0x00,0x00,0x01,0x22,0x00,0x00,0x00,0x01,0x20,0x00,0x00,0x01,0xbf,0xff,0xa0,0x00,0x0c,0xfb,0x7b,0xfa,0x00,0x3f,0xe0,0x00,0xef,0x10,0x5f,0xb0,0x00,0xcf,
  0x40,0x3f,0xe0,0x00,0xef,0x60,0x0d,0xfc,0x8c,0xff,0x60,0x02,0xcf,0xfb,0xbf,0x50,0x03,0x30,0x00,0xbf,0x30,0x0e,0xf2,0x00,0xef,0x00,0x09,0xfc,0x6b,0xf9,0x00,0x00,
  0xbf,0xff,0xa0,0x00,0x00,0x01,0x21,0x00,0x00,0x02,0x64,0x00,0x05,0xfb,0x00,0x03,0xa7,0x00,0x00,0x00,0x00,0x00,0x00,0x00,0x00,0x00,0x00,0x00,0x00,0x00,0x05,0xfb,
  0x00,0x05,0xfb,0x00,0x01,0x64,0x00,0x04,0xfb,0x00,0x02,0xa7,0x00,0x00,0x00,0x00,0x00,0x00,0x00,0x00,0x00,0x00,0x00,0x00,0x00,0x04,0xfb,0x00,0x04,0xfb,0x00,0x00,
  0x5a,0x00,0x01,0xc5,0x00,0x03,0x40,0x00,0x00,0x00,0x00,0x00,0x10,0x00,0x00,0x00,0x5c,0xb0,0x00,0x01,0x8e,0xfe,0x70,0x04,0xbf,0xfb,0x50,0x00,0x0d,0xf8,0x20,0x00,
  0x00,0x0d,0xfd,0x71,0x00,0x00,0x00,0x6c,0xff,0xa4,0x00,0x00,0x00,0x39,0xff,0xa0,0x00,0x00,0x00,0x17,0x90,0x06,0x88,0x88,0x88,0x70,0x0b,0xff,0xff,0xff,0xd0,0x00,
  0x00,0x00,0x00,0x00,0x01,0x22,0x22,0x22,0x10,0x0b,0xff,0xff,0xff,0xd0,0x04,0x66,0x66,0x66,0x50,0x00,0x00,0x00,0x00,0x00,0x01,0x00,0x00,0x00,0x00,0x08,0xd6,0x00,
  0x00,0x00,0x05,0xef,0xf9,0x20,0x00,0x00,0x04,0xaf,0xfc,0x50,0x00,0x00,0x01,0x7e,0xf0,0x00,0x00,0x05,0xcf,0xf0,0x00,0x39,0xff,0xd7,0x10,0x07,0xff,0xb4,0x00,0x00,
  0x07,0x81,0x00,0x00,0x00,0x00,0x00,0x22,0x00,0x00,0x00,0x8f,0xff,0xf8,0x00,0x08,0xfe,0x9a,0xff,0x50,0x0e,0xf3,0x00,0x9f,0x90,0x09,0xa0,0x00,0xaf,0x80,0x00,0x00,
  0x08,0xff,0x20,0x00,0x00,0x8f,0xe3,0x00,0x00,0x00,0xff,0x10,0x00,0x00,0x01,0xea,0x00,0x00,0x00,0x00,0x00,0x00,0x00,0x00,0x03,0xfd,0x00,0x00,0x00,0x03,0xfd,0x00,
  0x00,0x00,0x00,0x00,0x02,0x21,0x00,0x00,0x00,0x00,0x01,0x7d,0xff,0xff,0xfa,0x30,0x00,0x00,0x3e,0xd6,0x20,0x01,0x4a,0xf8,0x00,0x02,0xf9,0x00,0x14,0x52,0x00,0x5f,
  0x50,0x0a,0xd0,0x05,0xff,0xff,0xa0,0x09,0xd0,0x0f,0x50,0x0d,0xf3,0x1c,0xf2,0x03,0xf2,0x3f,0x20,0x01,0x10,0x1a,0xf3,0x01,0xf3,0x4f,0x00,0x03,0xbf,0xff,0xf3,0x01,
  0xf3,0x4f,0x00,0x1f,0xe5,0x2a,0xf3,0x04,0xf1,0x2f,0x20,0x3f,0x90,0x0d,0xf3,0x0b,0xb0,0x0e,0x70,0x1f,0xfc,0xee,0xfd,0xde,0x20,0x07,0xe1,0x03,0x9a,0x60,0x7a,0x71,
  0x00,0x00,0xbe,0x40,0x00,0x00,0x10,0x00,0x00,0x00,0x08,0xfe,0xcb,0xce,0xa0,0x00,0x00,0x00,0x00,0x03,0x67,0x64,0x10,0x00,0x00,0x00,0x00,0xcf,0xf2,0x00,0x00,0x00,
  0x03,0xff,0xf8,0x00,0x00,0x00,0x09,0xf7,0xfe,0x00,0x00,0x00,0x0f,0xf0,0xcf,0x50,0x00,0x00,0x6f,0xa0,0x6f,0xb0,0x00,0x00,0xcf,0x40,0x1f,0xf1,0x00,0x02,0xfe,0x11,
  0x1b,0xf8,0x00,0x08,0xff,0xff,0xff,0xfe,0x00,0x0e,0xfa,0xaa,0xaa,0xff,0x40,0x5f,0xc0,0x00,0x00,0x8f,0xa0,0xbf,0x60,0x00,0x00,0x2f,0xf1,0x0c,0xff,0xff,0xff,0xb2,
  0x00,0x0c,0xfd,0xcc,0xcf,0xfe,0x00,0x0c,0xf4,0x00,0x01,0xff,0x30,0x0c,0xf4,0x00,0x00,0xef,0x20,0x0c,0xfa,0x88,0x8b,0xf8,0x00,0x0c,0xff,0xff,0xff,0xd3,0x00,0x0c,
  0xf7,0x44,0x46,0xff,0x20,0x0c,0xf4,0x00,0x00,0x9f,0x80,0x0c,0xf4,0x00,0x00,0xcf,0x80,0x0c,0xfd,0xcc,0xce,0xff,0x30,0x0c,0xff,0xff,0xff,0xc4,0x00,0x00,0x00,0x02,
  0x20,0x00,0x00,0x00,0x2b,0xff,0xff,0xa2,0x00,0x02,0xff,0xea,0xae,0xfe,0x20,0x0b,0xfb,0x00,0x00,0xcf,0xa0,0x1f,0xf2,0x00,0x00,0x4f,0xd0,0x3f,0xe0,0x00,0x00,0x01,
  0x10,0x4f,0xd0,0x00,0x00,0x00,0x00,0x3f,0xe0,0x00,0x00,0x00,0x00,0x1f,0xf2,0x00,0x00,0x3f,0xd0,0x0c,0xfa,0x00,0x00,0xaf,0xa0,0x03,0xff,0xd9,0x9d,0xff,0x20,0x00,
  0x3b,0xff,0xff,0xb2,0x00,0x00,0x00,0x02,0x20,0x00,0x00,0x0c,0xff,0xff,0xeb,0x50,0x00,0x0c,0xfd,0xcc,0xef,0xf9,0x00,0x0c,0xf4,0x00,0x05,0xff,0x40,0x0c,0xf4,0x00,
  0x00,0x8f,0xa0,0x0c,0xf4,0x00,0x00,0x4f,0xd0,0x0c,0xf4,0x00,0x00,0x3f,0xe0,0x0c,0xf4,0x00,0x00,0x4f,0xd0,0x0c,0xf4,0x00,0x00,0x8f,0xa0,0x0c,0xf4,0x00,0x05,0xff,
  0x50,0x0c,0xfd,0xcc,0xef,0xf9,0x00,0x0c,0xff,0xff,0xfc,0x50,0x00,0x0c,0xff,0xff,0xff,0xfc,0x00,0x0c,0xfd,0xcc,0xcc,0xc9,0x00,0x0c,0xf4,0x00,0x00,0x00,0x00,0x0c,
  0xf4,0x00,0x00,0x00,0x00,0x0c,0xfa,0x88,0x88,0x80,0x00,0x0c,0xff,0xff,0xff,0xf1,0x00,0x0c,0xf7,0x44,0x44,0x40,0x00,0x0c,0xf4,0x00,0x00,0x00,0x00,0x0c,0xf4,0x00,
  0x00,0x00,0x00,0x0c,0xfd,0xcc,0xcc,0xca,0x00,0x0c,0xff,0xff,0xff,0xfe,0x00,0x0c,0xff,0xff,0xff,0xf1,0x0c,0xfd,0xcc,0xcc,0xc1,0x0c,0xf4,0x00,0x00,0x00,0x0c,0xf4,
  0x00,0x00,0x00,0x0c,0xf7,0x44,0x44,0x20,0x0c,0xff,0xff,0xff,0x80,0x0c,0xfa,0x88,0x88,0x40,0x0c,0xf4,0x00,0x00,0x00,0x0c,0xf4,0x00,0x00,0x00,0x0c,0xf4,0x00,0x00,
  0x00,0x0c,0xf4,0x00,0x00,0x00,0x00,0x00,0x01,0x21,0x00,0x00,0x00,0x00,0x19,0xef,0xff,0xe8,0x00,0x00,0x01,0xdf,0xfb,0x9b,0xff,0xc0,0x00,0x08,0xfd,0x10,0x00,0x2e,
  0xf5,0x00,0x0e,0xf4,0x00,0x00,0x07,0xc6,0x00,0x1f,0xf0,0x00,0x00,0x00,0x00,0x00,0x2f,0xf0,0x00,0xee,0xee,0xe8,0x00,0x1f,0xf0,0x00,0xdd,0xde,0xf9,0x00,0x0f,0xf4,
  0x00,0x00,0x09,0xf9,0x00,0x0a,0xfc,0x00,0x00,0x2f,0xf9,0x00,0x01,0xef,0xea,0x9b,0xff,0xf9,0x00,0x00,0x1a,0xff,0xff,0xc3,0xf9,0x00,0x00,0x00,0x02,0x21,0x00,0x00,
  0x00,0x0c,0xf4,0x00,0x00,0x8f,0x70,0x0c,0xf4,0x00,0x00,0x9f,0x80,0x0c,0xf4,0x00,0x00,0x9f,0x80,0x0c,0xf4,0x00,0x00,0x9f,0x80,0x0c,0xfa,0x88,0x88,0xcf,0x80,0x0c,
  0xff,0xff,0xff,0xff,0x80,0x0c,0xf7,0x44,0x44,0xbf,0x80,0x0c,0xf4,0x00,0x00,0x9f,0x80,0x0c,0xf4,0x00,0x00,0x9f,0x80,0x0c,0xf4,0x00,0x00,0x9f,0x80,0x0c,0xf4,0x00,
  0x00,0x9f,0x80,0x0c,0xf4,0x00,0x0c,0xf4,0x00,0x0c,0xf4,0x00,0x0c,0xf4,0x00,0x0c,0xf4,0x00,0x0c,0xf4,0x00,0x0c,0xf4,0x00,0x0c,0xf4,0x00,0x0c,0xf4,0x00,0x0c,0xf4,
  0x00,0x0c,0xf4,0x00,0x00,0x00,0x00,0xdf,0x30,0x00,0x00,0x00,0xef,0x30,0x00,0x00,0x00,0xef,0x30,0x00,0x00,0x00,0xef,0x30,0x00,0x00,0x00,0xef,0x30,0x00,0x00,0x00,
  0xef,0x30,0x00,0x00,0x00,0xef,0x30,0x4a,0x60,0x00,0xef,0x30,0x6f,0xc0,0x02,0xff,0x10,0x1f,0xfb,0x9e,0xfb,0x00,0x04,0xdf,0xff,0xb1,0x00,0x00,0x01,0x21,0x00,0x00,
  0x0c,0xf4,0x00,0x04,0xff,0x40,0x0c,0xf4,0x00,0x4f,0xf4,0x00,0x0c,0xf4,0x04,0xff,0x50,0x00,0x0c,0xf4,0x3f,0xf6,0x00,0x00,0x0c,0xf7,0xef,0xa0,0x00,0x00,0x0c,0xff,
  0xff,0xf2,0x00,0x00,0x0c,0xff,0x69,0xfc,0x00,0x00,0x0c,0xf6,0x00,0xef,0x70,0x00,0x0c,0xf4,0x00,0x4f,0xf2,0x00,0x0c,0xf4,0x00,0x0a,0xfc,0x00,0x0c,0xf4,0x00,0x01,
  0xef,0x70,0x0c,0xf4,0x00,0x00,0x00,0x0c,0xf4,0x00,0x00,0x00,0x0c,0xf4,0x00,0x00,0x00,0x0c,0xf4,0x00,0x00,0x00,0x0c,0xf4,0x00,0x00,0x00,0x0c,0xf4,0x00,0x00,0x00,
  0x0c,0xf4,0x00,0x00,0x00,0x0c,0xf4,0x00,0x00,0x00,0x0c,0xf4,0x00,0x00,0x00,0x0c,0xfd,0xdd,0xdd,0xa0,0x0c,0xff,0xff,0xff,0xc0,0x0c,0xff,0x90,0x00,0x1f,0xff,0x40,
  0x0c,0xff,0xe0,0x00,0x6f,0xff,0x40,0x0c,0xfc,0xf3,0x00,0xaf,0xdf,0x40,0x0c,0xf9,0xf7,0x00,0xec,0xcf,0x40,0x0c,0xf5,0xfc,0x03,0xf8,0xcf,0x40,0x0c,0xf3,0xdf,0x08,
  0xf3,0xcf,0x40,0x0c,0xf3,0x8f,0x5c,0xf0,0xcf,0x40,0x0c,0xf3,0x4f,0x9f,0xa0,0xcf,0x40,0x0c,0xf3,0x0f,0xff,0x60,0xcf,0x40,0x0c,0xf3,0x0b,0xff,0x10,0xcf,0x40,0x0c,
  0xf3,0x06,0xfc,0x00,0xcf,0x40,0x0c,0xf8,0x00,0x00,0x7f,0x70,0x0c,0xff,0x40,0x00,0x8f,0x80,0x0c,0xff,0xe1,0x00,0x8f,0x80,0x0c,0xfe,0xfb,0x00,0x8f,0x80,0x0c,0xf6,
  0xff,0x70,0x8f,0x80,0x0c,0xf3,0x6f,0xf3,0x8f,0x80,0x0c,0xf3,0x0b,0xfd,0x8f,0x80,0x0c,0xf3,0x01,0xef,0xff,0x80,0x0c,0xf3,0x00,0x4f,0xff,0x80,0x0c,0xf3,0x00,0x08,
  0xff,0x80,0x0c,0xf3,0x00,0x00,0xcf,0x80,0x00,0x00,0x02,0x21,0x00,0x00,0x00,0x00,0x1a,0xff,0xff,0xd6,0x00,0x00,0x02,0xef,0xea,0x9c,0xff,0x80,0x00,0x0b,0xfc,0x10,
  0x00,0x5f,0xf3,0x00,0x0f,0xf2,0x00,0x00,0x0a,0xf8,0x00,0x3f,0xe0,0x00,0x00,0x06,0xfb,0x00,0x4f,0xd0,0x00,0x00,0x05,0xfc,0x00,0x3f,0xe0,0x00,0x00,0x06,0xfb,0x00,
  0x1f,0xf2,0x00,0x00,0x0a,0xf9,0x00,0x0b,0xfc,0x00,0x00,0x4f,0xf3,0x00,0x02,0xef,0xea,0x9c,0xff,0x90,0x00,0x00,0x1a,0xff,0xff,0xd6,0x00,0x00,0x00,0x00,0x02,0x21,
  0x00,0x00,0x00,0x0c,0xff,0xff,0xfe,0x91,0x00,0x0c,0xfd,0xcc,0xcf,0xfc,0x00,0x0c,0xf4,0x00,0x02,0xff,0x30,0x0c,0xf4,0x00,0x00,0xcf,0x40,0x0c,0xf4,0x00,0x01,0xff,
  0x30,0x0c,0xfc,0xbb,0xbe,0xfd,0x00,0x0c,0xff,0xff,0xff,0xb1,0x00,0x0c,0xf5,0x11,0x10,0x00,0x00,0x0c,0xf4,0x00,0x00,0x00,0x00,0x0c,0xf4,0x00,0x00,0x00,0x00,0x0c,
  0xf4,0x00,0x00,0x00,0x00,0x00,0x00,0x02,0x21,0x00,0x00,0x00,0x00,0x1a,0xff,0xff,0xd6,0x00,0x00,0x02,0xef,0xea,0x9c,0xff,0x80,0x00,0x0b,0xfc,0x10,0x00,0x5f,0xf3,
  0x00,0x0f,0xf2,0x00,0x00,0x0a,0xf8,0x00,0x3f,0xe0,0x00,0x00,0x06,0xfb,0x00,0x4f,0xd0,0x00,0x00,0x05,0xfc,0x00,0x3f,0xe0,0x00,0x00,0x06,0xfb,0x00,0x1f,0xf2,0x00,
  0x00,0x0a,0xf8,0x00,0x0b,0xfc,0x00,0x00,0x4f,0xf3,0x00,0x02,0xef,0xea,0x9c,0xff,0x80,0x00,0x00,0x1a,0xff,0xff,0xf6,0x00,0x00,0x00,0x00,0x02,0x3d,0xfb,0x00,0x00,
  0x00,0x00,0x00,0x01,0xdf,0xb0,0x00,0x00,0x00,0x00,0x00,0x01,0x10,0x00,0x0c,0xff,0xff,0xff,0xb3,0x00,0x0c,0xfd,0xcc,0xce,0xff,0x20,0x0c,0xf4,0x00,0x00,0xcf,0x80,
  0x0c,0xf4,0x00,0x00,0x8f,0x90,0x0c,0xf4,0x00,0x00,0xcf,0x70,0x0c,0xfe,0xdd,0xde,0xfe,0x10,0x0c,0xff,0xee,0xff,0xe2,0x00,0x0c,0xf4,0x00,0x1f,0xf3,0x00,0x0c,0xf4,
  0x00,0x08,0xfb,0x00,0x0c,0xf4,0x00,0x01,0xff,0x30,0x0c,0xf4,0x00,0x00,0x8f,0xb0,0x00,0x00,0x12,0x10,0x00,0x00,0x00,0x8e,0xff,0xfd,0x50,0x00,0x0a,0xff,0xa9,0xcf,
  0xf4,0x00,0x0f,0xf3,0x00,0x09,0xfa,0x00,0x0e,0xf8,0x00,0x01,0x32,0x00,0x07,0xff,0xfa,0x61,0x00,0x00,0x00,0x5c,0xff,0xff,0x90,0x00,0x00,0x00,0x15,0xaf,0xf9,0x00,
  0x28,0x60,0x00,0x05,0xfe,0x00,0x3f,0xf1,0x00,0x04,0xfe,0x00,0x0c,0xff,0xa9,0xbf,0xf7,0x00,0x00,0x9f,0xff,0xfe,0x70,0x00,0x00,0x00,0x22,0x10,0x00,0x00,0x9f,0xff,
  0xff,0xff,0xf7,0x7d,0xdd,0xff,0xdd,0xd6,0x00,0x01,0xff,0x00,0x00,0x00,0x01,0xff,0x00,0x00,0x00,0x01,0xff,0x00,0x00,0x00,0x01,0xff,0x00,0x00,0x00,0x01,0xff,0x00,
  0x00,0x00,0x01,0xff,0x00,0x00,0x00,0x01,0xff,0x00,0x00,0x00,0x01,0xff,0x00,0x00,0x00,0x01,0xff,0x00,0x00,0x0d,0xf3,0x00,0x00,0x9f,0x60,0x0d,0xf3,0x00,0x00,0xaf,
  0x70,0x0d,0xf3,0x00,0x00,0xaf,0x70,0x0d,0xf3,0x00,0x00,0xaf,0x70,0x0d,0xf3,0x00,0x00,0xaf,0x70,0x0d,0xf3,0x00,0x00,0xaf,0x70,0x0d,0xf3,0x00,0x00,0xaf,0x70,0x0c,
  0xf4,0x00,0x00,0xbf,0x60,0x09,0xfb,0x00,0x02,0xff,0x30,0x02,0xff,0xd9,0xaf,0xfb,0x00,0x00,0x3c,0xff,0xff,0x90,0x00,0x00,0x00,0x12,0x20,0x00,0x00,0xaf,0x90,0x00,
  0x00,0xbf,0x60,0x5f,0xe0,0x00,0x01,0xff,0x10,0x0e,0xf4,0x00,0x06,0xfa,0x00,0x09,0xf9,0x00,0x0c,0xf5,0x00,0x03,0xff,0x00,0x1f,0xe0,0x00,0x00,0xdf,0x50,0x7f,0x90,
  0x00,0x00,0x7f,0xa0,0xcf,0x30,0x00,0x00,0x2f,0xf2,0xfd,0x00,0x00,0x00,0x0c,0xfc,0xf7,0x00,0x00,0x00,0x06,0xff,0xf2,0x00,0x00,0x00,0x00,0xff,0xc0,0x00,0x00,0xbf,
  0x70,0x00,0xbf,0xf2,0x00,0x0e,0xe0,0x7f,0xc0,0x00,0xff,0xf6,0x00,0x3f,0xb0,0x2f,0xf0,0x03,0xfd,0xfa,0x00,0x7f,0x60,0x0e,0xf4,0x06,0xf8,0xfd,0x00,0xbf,0x20,0x0a,
  0xf8,0x0a,0xf3,0xef,0x10,0xfe,0x00,0x05,0xfc,0x0e,0xf0,0xaf,0x53,0xf9,0x00,0x01,0xff,0x2f,0xb0,0x6f,0x97,0xf5,0x00,0x00,0xdf,0x8f,0x70,0x2f,0xcb,0xf1,0x00,0x00,
  0x8f,0xef,0x30,0x0e,0xfe,0xc0,0x00,0x00,0x4f,0xff,0x00,0x0a,0xff,0x80,0x00,0x00,0x0f,0xfb,0x00,0x06,0xff,0x30,0x00,0x2f,0xf6,0x00,0x04,0xfe,0x20,0x07,0xff,0x10,
  0x0e,0xf6,0x00,0x00,0xcf,0xb0,0x9f,0xb0,0x00,0x00,0x2f,0xfa,0xfe,0x10,0x00,0x00,0x06,0xff,0xf5,0x00,0x00,0x00,0x01,0xff,0xf1,0x00,0x00,0x00,0x0b,0xff,0xfb,0x00,
  0x00,0x00,0x6f,0xd2,0xff,0x60,0x00,0x02,0xff,0x30,0x6f,0xf2,0x00,0x0c,0xf9,0x00,0x0b,0xfc,0x00,0x7f,0xd0,0x00,0x01,0xff,0x70,0x8f,0xd0,0x00,0x00,0xdf,0x50,0x0d,
  0xf7,0x00,0x08,0xfb,0x00,0x03,0xff,0x20,0x2f,0xf1,0x00,0x00,0x9f,0xb0,0xbf,0x60,0x00,0x00,0x0e,0xfa,0xfc,0x00,0x00,0x00,0x04,0xff,0xf2,0x00,0x00,0x00,0x00,0xbf,
  0x80,0x00,0x00,0x00,0x00,0x9f,0x70,0x00,0x00,0x00,0x00,0x9f,0x70,0x00,0x00,0x00,0x00,0x9f,0x70,0x00,0x00,0x00,0x00,0x9f,0x70,0x00,0x00,0x1f,0xff,0xff,0xff,0xf6,
  0x1c,0xcc,0xcc,0xff,0xf2,0x00,0x00,0x03,0xff,0x50,0x00,0x00,0x0d,0xfa,0x00,0x00,0x00,0x9f,0xd0,0x00,0x00,0x05,0xff,0x30,0x00,0x00,0x1e,0xf7,0x00,0x00,0x00,0xbf,
  0xc0,0x00,0x00,0x07,0xff,0x20,0x00,0x00,0x3f,0xfe,0xcc,0xcc,0xc6,0x8f,0xff,0xff,0xff,0xf8,0x03,0xcc,0xc0,0x04,0xfc,0x90,0x04,0xf6,0x00,0x04,0xf6,0x00,0x04,0xf6,
  0x00,0x04,0xf6,0x00,0x04,0xf6,0x00,0x04,0xf6,0x00,0x04,0xf6,0x00,0x04,0xf6,0x00,0x04,0xf6,0x00,0x04,0xf6,0x00,0x04,0xf6,0x00,0x04,0xfe,0xc0,0x02,0x99,0x90,0xb6,
  0x00,0x00,0xab,0x00,0x00,0x6f,0x00,0x00,0x2f,0x40,0x00,0x0d,0x80,0x00,0x09,0xd0,0x00,0x05,0xf1,0x00,0x01,0xf5,0x00,0x00,0xc9,0x00,0x00,0x8e,0x00,0x00,0x4f,0x20,
  0x00,0x0f,0x60,0x00,0x09,0x80,0x7c,0xc8,0x00,0x69,0xfb,0x00,0x00,0xfb,0x00,0x00,0xfb,0x00,0x00,0xfb,0x00,0x00,0xfb,0x00,0x00,0xfb,0x00,0x00,0xfb,0x00,0x00,0xfb,
  0x00,0x00,0xfb,0x00,0x00,0xfb,0x00,0x00,0xfb,0x00,0x00,0xfb,0x00,0x8c,0xfb,0x00,0x59,0x96,0x00,0x00,0x00,0xef,0x20,0x00,0x00,0x05,0xff,0x80,0x00,0x00,0x0c,0xca,
  0xe0,0x00,0x00,0x2f,0x64,0xf5,0x00,0x00,0x8f,0x10,0xeb,0x00,0x00,0xeb,0x00,0x8f,0x20,0x01,0x42,0x00,0x14,0x10,0x00,0x00,0x00,0x00,0x00,0x00,0x00,0x00,0x00,0x00,
  0x00,0x00,0x00,0x00,0x00,0x00,0x00,0x00,0x00,0x00,0x00,0x00,0x00,0x00,0x00,0xff,0xff,0xff,0xff,0x10,0x66,0x66,0x66,0x66,0x00,0x79,0x10,0x3f,0xb0,0x04,0x81,0x00,
  0x00,0x00,0x00,0x00,0x00,0x00,0x00,0x00,0x00,0x00,0x00,0x00,0x00,0x00,0x00,0x00,0x00,0x00,0x48,0x98,0x20,0x00,0x09,0xff,0xff,0xf4,0x00,0x0f,0xf1,0x06,0xfa,0x00,
  0x01,0x10,0x04,0xfc,0x00,0x03,0xbe,0xff,0xfc,0x00,0x2f,0xf8,0x56,0xfc,0x00,0x6f,0x90,0x06,0xfc,0x00,0x5f,0xe7,0x8f,0xfe,0x50,0x0b,0xff,0xf6,0xbf,0xc0,0x00,0x12,
  0x00,0x02,0x00,0x08,0x80,0x00,0x00,0x00,0x0f,0xf0,0x00,0x00,0x00,0x0f,0xf0,0x00,0x00,0x00,0x0f,0xf0,0x79,0x71,0x00,0x0f,0xfd,0xff,0xfe,0x10,0x0f,0xfb,0x22,0xcf,
  0x70,0x0f,0xf2,0x00,0x4f,0xb0,0x0f,0xf0,0x00,0x2f,0xd0,0x0f,0xf0,0x00,0x3f,0xd0,0x0f,0xf4,0x00,0x6f,0xa0,0x0f,0xfe,0x89,0xff,0x50,0x0f,0xb7,0xff,0xf8,0x00,0x00,
  0x00,0x02,0x10,0x00,0x00,0x28,0x98,0x30,0x00,0x06,0xff,0xff,0xf6,0x00,0x0f,0xf4,0x04,0xfe,0x00,0x4f,0xc0,0x00,0xab,0x10,0x5f,0xa0,0x00,0x00,0x00,0x5f,0xa0,0x00,
  0x12,0x00,0x2f,0xe0,0x00,0xef,0x00,0x0c,0xfb,0x6a,0xfb,0x00,0x02,0xcf,0xff,0xc1,0x00,0x00,0x01,0x21,0x00,0x00,0x00,0x00,0x00,0x49,0x30,0x00,0x00,0x00,0x8f,0x70,
  0x00,0x00,0x00,0x8f,0x70,0x00,0x49,0x83,0x8f,0x70,0x07,0xff,0xff,0xdf,0x70,0x1f,0xf5,0x15,0xff,0x70,0x4f,0xc0,0x00,0xaf,0x70,0x5f,0xa0,0x00,0x8f,0x70,0x5f,0xa0,
  0x00,0x9f,0x70,0x3f,0xe0,0x00,0xdf,0x70,0x0d,0xfc,0x8b,0xff,0x70,0x03,0xdf,0xfd,0x6f,0x70,0x00,0x02,0x20,0x00,0x00,0x00,0x27,0x98,0x30,0x00,0x05,0xff,0xff,0xf7,
  0x00,0x0f,0xf4,0x02,0xff,0x00,0x4f,0xc1,0x11,0xcf,0x40,0x5f,0xff,0xff,0xff,0x50,0x5f,0xc4,0x44,0x44,0x10,0x2f,0xd0,0x00,0x9f,0x40,0x0c,0xfa,0x58,0xff,0x10,0x01,
  0xbf,0xff,0xd3,0x00,0x00,0x01,0x21,0x00,0x00,0x00,0x7a,0x80,0x05,0xff,0xd0,0x08,0xf7,0x00,0x5b,0xfa,0x60,0xcf,0xff,0xe0,0x2a,0xf8,0x20,0x09,0xf6,0x00,0x09,0xf6,
  0x00,0x09,0xf6,0x00,0x09,0xf6,0x00,0x09,0xf6,0x00,0x09,0xf6,0x00,0x00,0x00,0x00,0x0a,0xd2,0x00,0x27,0x98,0x8f,0xb0,0x05,0xff,0xce,0xfc,0x00,0x0e,0xf2,0x00,0xdf,
  0x20,0x0f,0xf0,0x00,0xbf,0x40,0x0a,0xfa,0x47,0xff,0x00,0x04,0xff,0xff,0xd3,0x00,0x2f,0xd2,0x10,0x00,0x00,0x1f,0xfd,0xdd,0xdc,0x40,0x1d,0xfd,0xdd,0xef,0xf1,0xaf,
  0x50,0x00,0x0c,0xf3,0xaf,0xc8,0x88,0x9f,0xe0,0x1b,0xee,0xee,0xea,0x20,0x08,0x80,0x00,0x00,0x00,0x0f,0xf0,0x00,0x00,0x00,0x0f,0xf0,0x00,0x00,0x00,0x0f,0xf0,0x69,
  0x71,0x00,0x0f,0xfc,0xff,0xfe,0x00,0x0f,0xfb,0x23,0xef,0x40,0x0f,0xf1,0x00,0x9f,0x50,0x0f,0xf0,0x00,0x9f,0x60,0x0f,0xf0,0x00,0x9f,0x60,0x0f,0xf0,0x00,0x9f,0x60,
  0x0f,0xf0,0x00,0x9f,0x60,0x0f,0xf0,0x00,0x9f,0x60,0x08,0x80,0x0f,0xf0,0x04,0x40,0x06,0x60,0x0f,0xf0,0x0f,0xf0,0x0f,0xf0,0x0f,0xf0,0x0f,0xf0,0x0f,0xf0,0x0f,0xf0,
  0x0f,0xf0,0x00,0x88,0x00,0x00,0xff,0x00,0x00,0x44,0x00,0x00,0x66,0x00,0x00,0xff,0x00,0x00,0xff,0x00,0x00,0xff,0x00,0x00,0xff,0x00,0x00,0xff,0x00,0x00,0xff,0x00,
  0x00,0xff,0x00,0x00,0xff,0x00,0x00,0xff,0x00,0x5b,0xfd,0x00,0x5d,0xd4,0x00,0x08,0x80,0x00,0x00,0x00,0x0f,0xf0,0x00,0x00,0x00,0x0f,0xf0,0x00,0x00,0x00,0x0f,0xf0,
  0x01,0x66,0x00,0x0f,0xf0,0x0b,0xf8,0x00,0x0f,0xf0,0x9f,0xa0,0x00,0x0f,0xf7,0xfc,0x00,0x00,0x0f,0xff,0xfd,0x00,0x00,0x0f,0xfd,0xbf,0x70,0x00,0x0f,0xf1,0x2f,0xf1,
  0x00,0x0f,0xf0,0x09,0xf9,0x00,0x0f,0xf0,0x01,0xff,0x30,0x08,0x80,0x0f,0xf0,0x0f,0xf0,0x0f,0xf0,0x0f,0xf0,0x0f,0xf0,0x0f,0xf0,0x0f,0xf0,0x0f,0xf0,0x0f,0xf0,0x0f,
  0xf0,0x0f,0xf0,0x06,0x40,0x79,0x50,0x18,0x95,0x00,0x0f,0xdd,0xff,0xf9,0xff,0xff,0x60,0x0f,0xfa,0x27,0xff,0x92,0x8f,0xb0,0x0f,0xf1,0x01,0xff,0x00,0x2f,0xc0,0x0f,
  0xf0,0x00,0xfe,0x00,0x2f,0xc0,0x0f,0xf0,0x00,0xfe,0x00,0x2f,0xc0,0x0f,0xf0,0x00,0xfe,0x00,0x2f,0xc0,0x0f,0xf0,0x00,0xfe,0x00,0x2f,0xc0,0x0f,0xf0,0x00,0xfe,0x00,
  0x2f,0xc0,0x06,0x40,0x69,0x71,0x00,0x0f,0xdc,0xff,0xfe,0x00,0x0f,0xfb,0x23,0xef,0x40,0x0f,0xf1,0x00,0x9f,0x50,0x0f,0xf0,0x00,0x9f,0x60,0x0f,0xf0,0x00,0x9f,0x60,
  0x0f,0xf0,0x00,0x9f,0x60,0x0f,0xf0,0x00,0x9f,0x60,0x0f,0xf0,0x00,0x9f,0x60,0x00,0x27,0x98,0x50,0x00,0x05,0xff,0xff,0xfd,0x10,0x0f,0xf5,0x01,0xbf,0x80,0x4f,0xc0,
  0x00,0x3f,0xd0,0x5f,0xa0,0x00,0x1f,0xe0,0x5f,0xa0,0x00,0x1f,0xe0,0x2f,0xe0,0x00,0x5f,0xb0,0x0c,0xfc,0x68,0xff,0x50,0x01,0xbf,0xff,0xe7,0x00,0x00,0x01,0x22,0x00,
  0x00,0x06,0x41,0x79,0x71,0x00,0x0f,0xdd,0xff,0xfe,0x10,0x0f,0xfb,0x22,0xcf,0x80,0x0f,0xf2,0x00,0x4f,0xb0,0x0f,0xf0,0x00,0x2f,0xd0,0x0f,0xf0,0x00,0x3f,0xd0,0x0f,
  0xf4,0x00,0x6f,0xa0,0x0f,0xfe,0x89,0xff,0x40,0x0f,0xf7,0xff,0xf8,0x00,0x0f,0xf0,0x02,0x10,0x00,0x0f,0xf0,0x00,0x00,0x00,0x0b,0xc0,0x00,0x00,0x00,0x00,0x49,0x83,
  0x16,0x20,0x07,0xff,0xff,0xbf,0x70,0x1f,0xf5,0x15,0xff,0x70,0x4f,0xc0,0x00,0xaf,0x70,0x5f,0xa0,0x00,0x8f,0x70,0x5f,0xa0,0x00,0x9f,0x70,0x3f,0xe0,0x00,0xdf,0x70,
  0x0d,0xfc,0x8b,0xff,0x70,0x02,0xdf,0xfc,0x9f,0x70,0x00,0x02,0x20,0x8f,0x70,0x00,0x00,0x00,0x8f,0x70,0x00,0x00,0x00,0x6c,0x50,0x06,0x42,0x85,0x0f,0xcd,0xfa,0x0f,
  0xfe,0x73,0x0f,0xf3,0x00,0x0f,0xf0,0x00,0x0f,0xf0,0x00,0x0f,0xf0,0x00,0x0f,0xf0,0x00,0x0f,0xf0,0x00,0x00,0x48,0x97,0x20,0x00,0x09,0xff,0xff,0xf5,0x00,0x1f,0xe1,
  0x05,0xfc,0x00,0x1f,0xf8,0x30,0x00,0x00,0x06,0xff,0xfe,0x91,0x00,0x00,0x15,0xaf,0xfd,0x00,0x3a,0x60,0x01,0xff,0x00,0x2f,0xf7,0x59,0xfd,0x00,0x05,0xef,0xff,0xd3,
  0x00,0x00,0x02,0x21,0x00,0x00,0x05,0xc2,0x00,0x09,0xf2,0x00,0x5d,0xf8,0x40,0xcf,0xff,0xa0,0x2d,0xf5,0x10,0x0c,0xf2,0x00,0x0c,0xf2,0x00,0x0c,0xf2,0x00,0x0c,0xf2,
  0x00,0x0b,0xf9,0x40,0x05,0xff,0x90,0x00,0x12,0x00,0x06,0x60,0x00,0x46,0x10,0x0f,0xe0,0x00,0xaf,0x40,0x0f,0xe0,0x00,0xaf,0x40,0x0f,0xe0,0x00,0xaf,0x40,0x0f,0xe0,
  0x00,0xaf,0x40,0x0f,0xe0,0x00,0xaf,0x40,0x0f,0xf0,0x00,0xef,0x40,0x0d,0xfc,0x8d,0xff,0x40,0x04,0xef,0xfa,0x7f,0x40,0x00,0x02,0x10,0x00,0x00,0x56,0x10,0x00,0x46,
  0x20,0x9f,0x70,0x00,0xef,0x10,0x3f,0xd0,0x04,0xfa,0x00,0x0d,0xf2,0x0a,0xf4,0x00,0x07,0xf8,0x0f,0xe0,0x00,0x01,0xfd,0x4f,0x80,0x00,0x00,0xbf,0xbf,0x20,0x00,0x00,
  0x5f,0xfd,0x00,0x00,0x00,0x0f,0xf7,0x00,0x00,0x66,0x00,0x06,0x61,0x00,0x56,0x00,0xaf,0x40,0x2f,0xf6,0x00,0xfc,0x00,0x6f,0x80,0x6f,0xfa,0x04,0xf8,0x00,0x1f,0xd0,
  0xaf,0xce,0x08,0xf3,0x00,0x0c,0xf1,0xdb,0x8f,0x2c,0xe0,0x00,0x07,0xf6,0xf7,0x5f,0x6f,0x90,0x00,0x02,0xfd,0xf3,0x1f,0xdf,0x50,0x00,0x00,0xef,0xf0,0x0d,0xff,0x00,
  0x00,0x00,0x9f,0xc0,0x09,0xfb,0x00,0x00,0x36,0x50,0x00,0x66,0x10,0x1e,0xf5,0x06,0xfc,0x00,0x04,0xfe,0x2f,0xf2,0x00,0x00,0x9f,0xff,0x50,0x00,0x00,0x0f,0xfc,0x00,
  0x00,0x00,0x6f,0xff,0x30,0x00,0x02,0xfe,0x7f,0xd0,0x00,0x0c,0xf5,0x0b,0xf9,0x00,0x7f,0xb0,0x02,0xff,0x30,0x56,0x10,0x00,0x46,0x20,0x9f,0x70,0x00,0xef,0x10,0x2f,
  0xd0,0x03,0xfb,0x00,0x0c,0xf4,0x08,0xf5,0x00,0x06,0xfa,0x0d,0xf0,0x00,0x00,0xff,0x2f,0xa0,0x00,0x00,0x9f,0xaf,0x40,0x00,0x00,0x3f,0xfe,0x00,0x00,0x00,0x0d,0xf9,
  0x00,0x00,0x00,0x1e,0xf2,0x00,0x00,0x2a,0xef,0xa0,0x00,0x00,0x2d,0xe9,0x00,0x00,0x00,0x26,0x66,0x66,0x63,0x5f,0xff,0xff,0xf6,0x13,0x33,0xbf,0xb0,0x00,0x04,0xfe,
  0x10,0x00,0x1e,0xf5,0x00,0x00,0xbf,0x90,0x00,0x07,0xfd,0x00,0x00,0x3f,0xfb,0x99,0x96,0x9f,0xff,0xff,0xfa,0x00,0x08,0xb4,0x00,0xaf,0x92,0x00,0xdd,0x00,0x00,0xdd,
  0x00,0x00,0xdc,0x00,0x00,0xdb,0x00,0x17,0xf8,0x00,0x5f,0xb1,0x00,0x04,0xf9,0x00,0x00,0xdc,0x00,0x00,0xdc,0x00,0x00,0xdd,0x00,0x00,0xde,0x00,0x00,0x8f,0xc3,0x00,
  0x04,0x83,0x07,0x60,0x0c,0xb0,0x0c,0xb0,0x0c,0xb0,0x0c,0xb0,0x0c,0xb0,0x0c,0xb0,0x0c,0xb0,0x0c,0xb0,0x0c,0xb0,0x0c,0xb0,0x0c,0xb0,0x0c,0xb0,0x0c,0xb0,0x0c,0xb0,
  0x01,0x00,0x1b,0x92,0x00,0x07,0xee,0x00,0x00,0x8f,0x20,0x00,0x8f,0x20,0x00,0x7f,0x20,0x00,0x6f,0x20,0x00,0x3f,0xa3,0x00,0x07,0xe9,0x00,0x4f,0x71,0x00,0x7f,0x20,
  0x00,0x7f,0x20,0x00,0x8f,0x20,0x00,0x9f,0x10,0x1a,0xfd,0x00,0x08,0x60,0x00,0x00,0x02,0x00,0x00,0x00,0x07,0xff,0xe8,0x45,0xd1,0x0e,0xc9,0xdf,0xff,0xe0,0x05,0x00,
  0x03,0x87,0x10,0x00,0x00,0x00,0x00,0x00,0x00,0x00,0x00,0x00,0x00,0x00,0x00,0x00,0x00,0x00,0x04,0xb8,0x00,0x05,0xfb,0x00,0x01,0x53,0x00,0x00,0x00,0x00,0x00,0x00,
  0x00,0x00,0x00,0x00,0x00,0x00,0x00,0x11,0x11,0x11,0x11,0x11,0x11,0x11,0x11,0xff,0xff,0xff,0xff,0xff,0xff,0xff,0xff,0x66,0x66,0x66,0x66,0x66,0x66,0x66,0x66,0x00,
  0x00,0x00,0x00,0x00,0x00,0x00,0x00,0x00,0x00,0x00,0x00,0x00,0x00,0x00,0x00,0x00,0x00,0x00,0x00,0x00,0x00,0x00,0x00,0x00,0x00,0x00,0x00,0x00,0x00,0x00,0x00,0x0a,
  0xf6,0x00,0x4f,0xb0,0x00,0xff,0x00,0x0a,0xf6,0x00,0x4f,0xb0,0x00,0xff,0x00,0x00,0x69,0x40,0x00,0x07,0xff,0xf3,0x00,0x0b,0xff,0xf7,0x00,0x07,0xff,0xf3,0x00,0x00,
  0x69,0x40,0x00,0x00,0x00,0x00,0x00,0x00,0x00,0x00,0x00,0x00,0x00,0x00,0x00,0x02,0x33,0x33,0x33,0x30,0x0c,0xd9,0x99,0x9a,0xf3,0x0c,0xc2,0x00,0x0a,0xd3,0x0c,0x3b,
  0x00,0x5a,0x93,0x0c,0x08,0x61,0xd1,0x93,0x0c,0x00,0xcb,0x50,0x93,0x0c,0x00,0x7d,0x00,0x93,0x0c,0x01,0xd9,0x60,0x93,0x0c,0x0a,0x40,0xc2,0x93,0x0c,0x5a,0x00,0x3b,
  0x93,0x0c,0xd1,0x00,0x08,0xe3,0x0c,0xec,0xcc,0xcd,0xf3,0x0b,0xf4,0x0b,0xf5,0x00,0xc4,0x04,0xd0,0x07,0x10,0x00,0x00,0x00,0x00,0x00,0x00,0x00,0x00,0x00,0x00,0x00,
  0x00,
};
const sig_font_t sigf_4 = { 0, 600, 16.0f, 15, 4, 0, 101, sigf_4_ch, sigf_4_gl, sigf_4_bmp, 5313 };
// --- disp 700 normal 21px  (101 glyphs, 9255 bytes)
static const sig_glyph_t sigf_5_gl[] = {
  {0,0,0,0,0,4},
  {0,6,15,0,-15,6},
  {45,10,15,0,-15,10},
  {120,13,16,0,-15,13},
  {232,12,18,0,-16,12},
  {340,20,16,0,-15,20},
  {500,16,16,0,-15,16},
  {628,5,15,0,-15,5},
  {673,8,20,0,-16,8},
  {753,8,20,0,-16,8},
  {833,9,15,0,-15,9},
  {908,13,11,0,-11,13},
  {985,6,7,0,-3,6},
  {1006,7,7,0,-7,7},
  {1034,6,3,0,-3,6},
  {1043,7,18,0,-16,6},
  {1115,13,16,0,-15,12},
  {1227,13,15,0,-15,13},
  {1332,13,15,0,-15,13},
  {1437,13,16,0,-15,13},
  {1549,13,15,0,-15,13},
  {1654,13,16,0,-15,12},
  {1766,13,16,0,-15,13},
  {1878,13,15,0,-15,13},
  {1983,13,16,0,-15,13},
  {2095,13,16,0,-15,12},
  {2207,7,12,0,-12,7},
  {2255,7,16,0,-12,7},
  {2319,13,11,0,-11,13},
  {2396,13,9,0,-9,13},
  {2459,13,11,0,-11,13},
  {2536,13,15,0,-15,13},
  {2641,21,19,0,-15,21},
  {2850,16,15,0,-15,15},
  {2970,15,15,0,-15,15},
  {3090,15,16,0,-15,15},
  {3218,16,15,0,-15,16},
  {3338,14,15,0,-15,14},
  {3443,13,15,0,-15,13},
  {3548,17,16,0,-15,17},
  {3692,16,15,0,-15,16},
  {3812,6,15,0,-15,6},
  {3857,13,16,0,-15,13},
  {3969,15,15,0,-15,15},
  {4089,12,15,0,-15,12},
  {4179,18,15,0,-15,18},
  {4314,16,15,0,-15,16},
  {4434,17,16,0,-15,17},
  {4578,14,15,0,-15,14},
  {4683,17,18,0,-15,17},
  {4845,15,15,0,-15,15},
  {4965,14,16,0,-15,14},
  {5077,13,15,0,-15,13},
  {5182,16,16,0,-15,16},
  {5310,15,15,0,-15,15},
  {5430,21,15,0,-15,20},
  {5595,15,15,0,-15,15},
  {5715,15,15,0,-15,15},
  {5835,14,15,0,-15,14},
  {5940,7,20,0,-16,7},
  {6020,7,18,0,-16,6},
  {6092,7,20,0,-16,7},
  {6172,13,15,0,-15,13},
  {6277,11,4,0,0,11},
  {6301,5,16,0,-16,5},
  {6349,13,13,0,-12,12},
  {6440,13,17,0,-16,13},
  {6559,12,13,0,-12,12},
  {6637,13,17,0,-16,13},
  {6756,12,13,0,-12,12},
  {6834,7,16,0,-16,7},
  {6898,13,17,0,-13,13},
  {7017,13,16,0,-16,13},
  {7129,6,16,0,-16,6},
  {7177,7,20,-1,-16,6},
  {7257,12,16,0,-16,12},
  {7353,6,16,0,-16,6},
  {7401,19,12,0,-12,19},
  {7521,13,12,0,-12,13},
  {7605,13,13,0,-12,13},
  {7696,13,16,0,-12,13},
  {7808,13,16,0,-12,13},
  {7920,8,12,0,-12,8},
  {7968,12,13,0,-12,12},
  {8046,7,16,0,-15,7},
  {8110,13,13,0,-12,13},
  {8201,12,12,0,-12,11},
  {8273,17,12,0,-12,17},
  {8381,12,12,0,-12,12},
  {8453,12,16,0,-12,11},
  {8549,11,12,0,-12,11},
  {8621,8,20,0,-16,8},
  {8701,5,21,0,-16,5},
  {8764,8,20,0,-16,8},
  {8844,13,9,0,-9,13},
  {8907,7,9,0,-9,7},
  {8943,21,7,0,-7,21},
  {9020,20,3,0,-3,20},
  {9050,9,11,0,-11,9},
  {9105,14,15,0,-15,14},
  {9210,6,15,0,-15,6},
};
static const char sigf_5_ch[] = " !\"#$%&'()*+,-./0123456789:;<=>?@ABCDEFGHIJKLMNOPQRSTUVWXYZ[\\]^_`abcdefghijklmnopqrstuvwxyz{|}~·—…•→’";
static const uint8_t sigf_5_bmp[] = {
  0x03,0x66,0x50,0x06,0xff,0xb0,0x05,0xff,0xa0,0x04,0xff,0x90,0x03,0xff,0x80,0x01,0xff,0x70,0x00,0xff,0x60,0x00,0xff,0x50,0x00,0xef,0x30,0x00,0xdf,0x20,0x00,0x9c,
  0x10,0x00,0x00,0x00,0x04,0xff,0x90,0x05,0xff,0xa0,0x05,0xff,0xa0,0x04,0x66,0x03,0x66,0x20,0x0b,0xff,0x27,0xff,0x60,0x0b,0xff,0x27,0xff,0x60,0x0b,0xff,0x27,0xff,
  0x50,0x09,0xff,0x05,0xff,0x30,0x06,0xfc,0x02,0xff,0x00,0x02,0x84,0x00,0x86,0x00,0x00,0x00,0x00,0x00,0x00,0x00,0x00,0x00,0x00,0x00,0x00,0x00,0x00,0x00,0x00,0x00,
  0x00,0x00,0x00,0x00,0x00,0x00,0x00,0x00,0x00,0x00,0x00,0x00,0x00,0x00,0x00,0x00,0x00,0x00,0x00,0x00,0x00,0x00,0x00,0x00,0x00,0x00,0x6a,0x60,0x09,0xa2,0x00,0x00,
  0x00,0xcf,0x60,0x1f,0xf1,0x00,0x00,0x00,0xff,0x30,0x5f,0xe0,0x00,0x00,0x03,0xff,0x00,0x8f,0xa0,0x00,0x03,0x7a,0xfe,0x77,0xdf,0xb7,0x00,0x08,0xff,0xff,0xff,0xff,
  0xff,0x10,0x05,0xaf,0xfb,0xab,0xff,0xaa,0x10,0x00,0x1f,0xf1,0x05,0xfd,0x00,0x00,0x00,0x4f,0xe0,0x09,0xf9,0x00,0x00,0x49,0xcf,0xe9,0x9e,0xfc,0x91,0x00,0x8f,0xff,
  0xff,0xff,0xff,0xf3,0x00,0x48,0xff,0x98,0xaf,0xf8,0x81,0x00,0x02,0xff,0x10,0x6f,0xc0,0x00,0x00,0x05,0xfd,0x00,0xaf,0x90,0x00,0x00,0x08,0xfa,0x00,0xdf,0x50,0x00,
  0x00,0x02,0x42,0x00,0x34,0x00,0x00,0x00,0x00,0x00,0x03,0x20,0x00,0x00,0x00,0x00,0x0b,0x70,0x00,0x00,0x00,0x00,0x0b,0x70,0x00,0x00,0x00,0x29,0xdf,0xfd,0x81,0x00,
  0x04,0xff,0xff,0xff,0xfe,0x10,0x0c,0xff,0x62,0x3b,0xff,0x70,0x0e,0xff,0x30,0x02,0x88,0x40,0x0b,0xff,0xfc,0x84,0x00,0x00,0x02,0xdf,0xff,0xff,0xf8,0x00,0x00,0x05,
  0x9e,0xff,0xff,0x80,0x03,0x32,0x00,0x29,0xff,0xd0,0x2f,0xfc,0x00,0x01,0xff,0xd0,0x0d,0xff,0xd9,0x9d,0xff,0x90,0x02,0xcf,0xff,0xff,0xfb,0x00,0x00,0x03,0x7e,0xc6,
  0x20,0x00,0x00,0x00,0x0b,0x70,0x00,0x00,0x00,0x00,0x0b,0x70,0x00,0x00,0x00,0x00,0x01,0x00,0x00,0x00,0x00,0x05,0x9a,0x71,0x00,0x00,0x00,0x56,0x10,0x00,0x00,0x9f,
  0xff,0xfe,0x10,0x00,0x05,0xfb,0x00,0x00,0x01,0xff,0x20,0xbf,0x80,0x00,0x1e,0xe1,0x00,0x00,0x04,0xfe,0x00,0x7f,0xa0,0x00,0xbf,0x50,0x00,0x00,0x04,0xfd,0x00,0x6f,
  0xb0,0x07,0xf9,0x00,0x00,0x00,0x02,0xff,0x10,0x9f,0x90,0x3f,0xd0,0x00,0x00,0x00,0x00,0xcf,0xdb,0xff,0x30,0xdf,0x30,0x00,0x00,0x00,0x00,0x19,0xde,0xb4,0x09,0xf7,
  0x00,0x44,0x20,0x00,0x00,0x00,0x00,0x00,0x4f,0xc0,0x4f,0xff,0xfb,0x00,0x00,0x00,0x00,0x01,0xef,0x20,0xef,0x84,0xdf,0x70,0x00,0x00,0x00,0x0a,0xf5,0x02,0xff,0x00,
  0x7f,0xb0,0x00,0x00,0x00,0x6f,0xa0,0x03,0xfe,0x00,0x6f,0xc0,0x00,0x00,0x02,0xfe,0x10,0x02,0xff,0x00,0x7f,0xb0,0x00,0x00,0x0c,0xf4,0x00,0x00,0xef,0x95,0xdf,0x60,
  0x00,0x00,0x8f,0x80,0x00,0x00,0x3e,0xff,0xfa,0x00,0x00,0x00,0x00,0x00,0x00,0x00,0x00,0x33,0x10,0x00,0x00,0x00,0x37,0x9a,0x97,0x20,0x00,0x00,0x00,0x2c,0xff,0xff,
  0xff,0xfa,0x00,0x00,0x00,0xdf,0xff,0xb9,0xbf,0xff,0xa0,0x00,0x05,0xff,0xe1,0x00,0x01,0xef,0xf1,0x00,0x06,0xff,0x90,0x00,0x00,0x8d,0xd2,0x00,0x03,0xff,0xc0,0x00,
  0x00,0x00,0x00,0x00,0x00,0x8f,0xfc,0x76,0x20,0x46,0x66,0x62,0x00,0x07,0xff,0xff,0x60,0x9f,0xff,0xf5,0x00,0xaf,0xff,0xcc,0x50,0x9f,0xfd,0xc4,0x07,0xff,0xa0,0x00,
  0x00,0x9f,0xf3,0x00,0x0b,0xff,0x40,0x00,0x00,0x9f,0xf3,0x00,0x0b,0xff,0x50,0x00,0x00,0xbf,0xf2,0x00,0x07,0xff,0xe5,0x10,0x28,0xff,0xd0,0x00,0x00,0xcf,0xff,0xff,
  0xff,0xff,0x40,0x00,0x00,0x07,0xef,0xff,0xff,0xb3,0x00,0x00,0x00,0x00,0x01,0x33,0x20,0x00,0x00,0x00,0x04,0x66,0x00,0x0b,0xff,0x20,0x0b,0xff,0x20,0x0b,0xff,0x20,
  0x09,0xff,0x00,0x06,0xfc,0x00,0x02,0x84,0x00,0x00,0x00,0x00,0x00,0x00,0x00,0x00,0x00,0x00,0x00,0x00,0x00,0x00,0x00,0x00,0x00,0x00,0x00,0x00,0x00,0x00,0x00,0x00,
  0x00,0x00,0x00,0x27,0x40,0x00,0x00,0xdf,0x30,0x00,0x09,0xfb,0x00,0x00,0x2f,0xf4,0x00,0x00,0x9f,0xe0,0x00,0x00,0xff,0x90,0x00,0x04,0xff,0x50,0x00,0x07,0xff,0x20,
  0x00,0x09,0xff,0x00,0x00,0x0a,0xff,0x00,0x00,0x0a,0xff,0x00,0x00,0x09,0xff,0x00,0x00,0x07,0xff,0x20,0x00,0x03,0xff,0x60,0x00,0x00,0xef,0xa0,0x00,0x00,0x8f,0xe0,
  0x00,0x00,0x1f,0xf5,0x00,0x00,0x07,0xfc,0x00,0x00,0x00,0xbf,0x40,0x00,0x00,0x15,0x30,0x06,0x60,0x00,0x00,0x09,0xf7,0x00,0x00,0x01,0xff,0x30,0x00,0x00,0xaf,0xb0,
  0x00,0x00,0x4f,0xf3,0x00,0x00,0x0e,0xf9,0x00,0x00,0x0b,0xfe,0x00,0x00,0x08,0xff,0x10,0x00,0x05,0xff,0x40,0x00,0x05,0xff,0x50,0x00,0x05,0xff,0x50,0x00,0x06,0xff,
  0x40,0x00,0x08,0xff,0x10,0x00,0x0b,0xfd,0x00,0x00,0x0f,0xf9,0x00,0x00,0x4f,0xf2,0x00,0x00,0xaf,0xb0,0x00,0x02,0xff,0x20,0x00,0x0a,0xf6,0x00,0x00,0x04,0x40,0x00,
  0x00,0x00,0x03,0x60,0x00,0x00,0x01,0x07,0xf0,0x00,0x00,0x0e,0x86,0xf2,0xd7,0x00,0x19,0xff,0xff,0xd5,0x00,0x00,0x7f,0xfd,0x20,0x00,0x1d,0xfc,0xfc,0xf8,0x00,0x0a,
  0x36,0xf0,0x94,0x00,0x00,0x08,0xf0,0x00,0x00,0x00,0x01,0x20,0x00,0x00,0x00,0x00,0x00,0x00,0x00,0x00,0x00,0x00,0x00,0x00,0x00,0x00,0x00,0x00,0x00,0x00,0x00,0x00,
  0x00,0x00,0x00,0x00,0x00,0x00,0x00,0x00,0x00,0x00,0x00,0x00,0x00,0x00,0x04,0xda,0x00,0x00,0x00,0x00,0x00,0x06,0xfd,0x00,0x00,0x00,0x00,0x00,0x06,0xfd,0x00,0x00,
  0x00,0x00,0x00,0x06,0xfd,0x00,0x00,0x00,0x02,0x88,0x8b,0xfe,0x88,0x86,0x00,0x05,0xff,0xff,0xff,0xff,0xfd,0x00,0x03,0xbb,0xbd,0xff,0xbb,0xb9,0x00,0x00,0x00,0x06,
  0xfd,0x00,0x00,0x00,0x00,0x00,0x06,0xfd,0x00,0x00,0x00,0x00,0x00,0x06,0xfd,0x00,0x00,0x00,0x00,0x00,0x06,0xfd,0x00,0x00,0x00,0x04,0xff,0xc0,0x04,0xff,0xc0,0x04,
  0xff,0xb0,0x00,0x0d,0xb0,0x00,0x3f,0x60,0x05,0xfb,0x00,0x03,0x40,0x00,0x2f,0xff,0xff,0x20,0x2f,0xff,0xff,0x20,0x19,0x99,0x99,0x10,0x00,0x00,0x00,0x00,0x00,0x00,
  0x00,0x00,0x00,0x00,0x00,0x00,0x00,0x00,0x00,0x00,0x04,0xff,0xc0,0x04,0xff,0xc0,0x04,0xff,0xc0,0x00,0x00,0x57,0x10,0x00,0x00,0xef,0x10,0x00,0x03,0xfc,0x00,0x00,
  0x07,0xf8,0x00,0x00,0x0b,0xf4,0x00,0x00,0x0f,0xf0,0x00,0x00,0x3f,0xc0,0x00,0x00,0x8f,0x70,0x00,0x00,0xcf,0x30,0x00,0x00,0xff,0x00,0x00,0x04,0xfb,0x00,0x00,0x08,
  0xf7,0x00,0x00,0x0d,0xf2,0x00,0x00,0x1f,0xe0,0x00,0x00,0x5f,0xa0,0x00,0x00,0x9f,0x60,0x00,0x00,0xdf,0x20,0x00,0x00,0x00,0x00,0x00,0x00,0x00,0x01,0x69,0xa8,0x40,
  0x00,0x00,0x00,0x4f,0xff,0xff,0xfb,0x00,0x00,0x01,0xef,0xfb,0xae,0xff,0x70,0x00,0x07,0xff,0x90,0x01,0xff,0xe0,0x00,0x0b,0xff,0x30,0x00,0xbf,0xf3,0x00,0x0d,0xff,
  0x00,0x00,0x8f,0xf5,0x00,0x0f,0xff,0x00,0x00,0x7f,0xf7,0x00,0x0f,0xff,0x00,0x00,0x7f,0xf7,0x00,0x0f,0xff,0x00,0x00,0x7f,0xf7,0x00,0x0e,0xff,0x00,0x00,0x8f,0xf6,
  0x00,0x0c,0xff,0x10,0x00,0x9f,0xf4,0x00,0x09,0xff,0x40,0x00,0xdf,0xf1,0x00,0x04,0xff,0xd2,0x06,0xff,0xc0,0x00,0x00,0xbf,0xff,0xff,0xff,0x30,0x00,0x00,0x09,0xff,
  0xff,0xd4,0x00,0x00,0x00,0x00,0x03,0x32,0x00,0x00,0x00,0x00,0x00,0x00,0x16,0x30,0x00,0x00,0x00,0x00,0x39,0xff,0x70,0x00,0x00,0x00,0xae,0xff,0xff,0x70,0x00,0x00,
  0x00,0xef,0xff,0xff,0x70,0x00,0x00,0x00,0x22,0x28,0xff,0x70,0x00,0x00,0x00,0x00,0x07,0xff,0x70,0x00,0x00,0x00,0x00,0x07,0xff,0x70,0x00,0x00,0x00,0x00,0x07,0xff,
  0x70,0x00,0x00,0x00,0x00,0x07,0xff,0x70,0x00,0x00,0x00,0x00,0x07,0xff,0x70,0x00,0x00,0x00,0x00,0x07,0xff,0x70,0x00,0x00,0x00,0x00,0x07,0xff,0x70,0x00,0x00,0x00,
  0x55,0x5a,0xff,0xa5,0x54,0x00,0x00,0xef,0xff,0xff,0xff,0xfb,0x00,0x00,0xef,0xff,0xff,0xff,0xfb,0x00,0x00,0x01,0x69,0xa9,0x60,0x00,0x00,0x00,0x5f,0xff,0xff,0xfe,
  0x20,0x00,0x03,0xff,0xfc,0xae,0xff,0xd0,0x00,0x0a,0xff,0x70,0x00,0xdf,0xf4,0x00,0x0c,0xff,0x10,0x00,0x8f,0xf6,0x00,0x07,0x99,0x00,0x00,0xbf,0xf5,0x00,0x00,0x00,
  0x00,0x05,0xff,0xe0,0x00,0x00,0x00,0x00,0x6f,0xff,0x60,0x00,0x00,0x00,0x09,0xff,0xf8,0x00,0x00,0x00,0x01,0xcf,0xff,0x60,0x00,0x00,0x00,0x2e,0xff,0xd2,0x00,0x00,
  0x00,0x01,0xef,0xfa,0x00,0x00,0x00,0x00,0x08,0xff,0xf9,0x99,0x99,0x94,0x00,0x0d,0xff,0xff,0xff,0xff,0xf8,0x00,0x0e,0xff,0xff,0xff,0xff,0xf8,0x00,0x00,0x01,0x79,
  0xa8,0x50,0x00,0x00,0x00,0x6f,0xff,0xff,0xfd,0x20,0x00,0x04,0xff,0xfb,0xae,0xff,0xc0,0x00,0x0a,0xff,0x50,0x01,0xef,0xf2,0x00,0x09,0xdd,0x00,0x00,0xbf,0xf3,0x00,
  0x00,0x00,0x00,0x00,0xef,0xf0,0x00,0x00,0x00,0x07,0x7d,0xff,0x50,0x00,0x00,0x00,0x1f,0xff,0xf6,0x00,0x00,0x00,0x00,0x1c,0xcf,0xff,0x70,0x00,0x00,0x00,0x00,0x01,
  0xdf,0xf3,0x00,0x06,0x64,0x00,0x00,0x7f,0xf7,0x00,0x0f,0xfd,0x00,0x00,0x8f,0xf8,0x00,0x0c,0xff,0x81,0x04,0xef,0xf4,0x00,0x03,0xff,0xff,0xff,0xff,0xb0,0x00,0x00,
  0x3c,0xff,0xff,0xe8,0x00,0x00,0x00,0x00,0x13,0x32,0x00,0x00,0x00,0x00,0x00,0x6a,0xa4,0x00,0x00,0x00,0x00,0x00,0xcf,0xf3,0x00,0x00,0x00,0x00,0x01,0xff,0xd0,0x5a,
  0x00,0x00,0x00,0x07,0xff,0x70,0xcf,0x00,0x00,0x00,0x0d,0xff,0x12,0xff,0x00,0x00,0x00,0x4f,0xf8,0x0a,0xff,0x00,0x00,0x00,0xbf,0xe1,0x0e,0xff,0x00,0x00,0x03,0xff,
  0x60,0x0e,0xff,0x00,0x00,0x0c,0xfc,0x00,0x0e,0xff,0x00,0x00,0x5f,0xf9,0x77,0x7f,0xff,0x76,0x00,0x6f,0xff,0xff,0xff,0xff,0xfd,0x00,0x5d,0xdd,0xdd,0xdf,0xff,0xdb,
  0x00,0x00,0x00,0x00,0x0e,0xff,0x00,0x00,0x00,0x00,0x00,0x0e,0xff,0x00,0x00,0x00,0x00,0x00,0x0e,0xff,0x00,0x00,0x00,0x66,0x66,0x66,0x66,0x40,0x00,0x00,0xff,0xff,
  0xff,0xff,0xb0,0x00,0x01,0xff,0xff,0xff,0xff,0xb0,0x00,0x02,0xff,0x82,0x22,0x22,0x10,0x00,0x04,0xff,0x50,0x00,0x00,0x00,0x00,0x05,0xff,0x42,0x66,0x30,0x00,0x00,
  0x06,0xff,0xdf,0xff,0xfc,0x10,0x00,0x07,0xff,0xfe,0xdf,0xff,0xc0,0x00,0x05,0xbd,0x80,0x02,0xef,0xf4,0x00,0x00,0x00,0x00,0x00,0x9f,0xf7,0x00,0x08,0x86,0x00,0x00,
  0x7f,0xf8,0x00,0x0f,0xff,0x00,0x00,0xaf,0xf6,0x00,0x0a,0xff,0xa1,0x06,0xff,0xf1,0x00,0x02,0xef,0xff,0xff,0xff,0x70,0x00,0x00,0x2a,0xff,0xff,0xe6,0x00,0x00,0x00,
  0x00,0x03,0x32,0x00,0x00,0x00,0x00,0x00,0x69,0xa9,0x50,0x00,0x00,0x00,0x2e,0xff,0xff,0xfc,0x10,0x00,0x00,0xdf,0xfc,0x9d,0xff,0xa0,0x00,0x04,0xff,0x90,0x00,0xef,
  0xf0,0x00,0x09,0xff,0x30,0x00,0x9e,0xe2,0x00,0x0c,0xff,0x10,0x23,0x10,0x00,0x00,0x0e,0xff,0x6e,0xff,0xfa,0x10,0x00,0x0f,0xff,0xff,0xff,0xff,0xd0,0x00,0x0f,0xff,
  0xc1,0x02,0xef,0xf5,0x00,0x0e,0xff,0x40,0x00,0x6f,0xf9,0x00,0x0c,0xff,0x20,0x00,0x4f,0xfa,0x00,0x09,0xff,0x50,0x00,0x7f,0xf8,0x00,0x04,0xff,0xd3,0x04,0xef,0xf3,
  0x00,0x00,0xaf,0xff,0xff,0xff,0x90,0x00,0x00,0x08,0xff,0xff,0xe7,0x00,0x00,0x00,0x00,0x02,0x32,0x00,0x00,0x00,0x06,0x66,0x66,0x66,0x66,0x64,0x00,0x0f,0xff,0xff,
  0xff,0xff,0xfa,0x00,0x0f,0xff,0xff,0xff,0xff,0xf7,0x00,0x03,0x33,0x33,0x36,0xff,0xb0,0x00,0x00,0x00,0x00,0x0d,0xfe,0x10,0x00,0x00,0x00,0x00,0xaf,0xf4,0x00,0x00,
  0x00,0x00,0x04,0xff,0xa0,0x00,0x00,0x00,0x00,0x0c,0xff,0x20,0x00,0x00,0x00,0x00,0x5f,0xfa,0x00,0x00,0x00,0x00,0x00,0xcf,0xf3,0x00,0x00,0x00,0x00,0x01,0xff,0xd0,
  0x00,0x00,0x00,0x00,0x06,0xff,0x90,0x00,0x00,0x00,0x00,0x0a,0xff,0x60,0x00,0x00,0x00,0x00,0x0c,0xff,0x50,0x00,0x00,0x00,0x00,0x0d,0xff,0x50,0x00,0x00,0x00,0x00,
  0x01,0x79,0xa8,0x40,0x00,0x00,0x00,0x6f,0xff,0xff,0xfc,0x10,0x00,0x03,0xff,0xfa,0x9d,0xff,0xb0,0x00,0x09,0xff,0x60,0x00,0xdf,0xf1,0x00,0x0a,0xff,0x20,0x00,0xaf,
  0xf2,0x00,0x08,0xff,0x50,0x00,0xdf,0xf0,0x00,0x01,0xef,0xf9,0x7c,0xff,0x80,0x00,0x00,0x3f,0xff,0xff,0xfa,0x00,0x00,0x02,0xef,0xfd,0xcf,0xff,0x90,0x00,0x0c,0xff,
  0x60,0x01,0xdf,0xf4,0x00,0x0f,0xfe,0x00,0x00,0x7f,0xf8,0x00,0x1f,0xff,0x00,0x00,0x7f,0xf8,0x00,0x0d,0xff,0x91,0x04,0xef,0xf5,0x00,0x04,0xff,0xff,0xff,0xff,0xc0,
  0x00,0x00,0x4c,0xff,0xff,0xf9,0x00,0x00,0x00,0x00,0x13,0x32,0x00,0x00,0x00,0x00,0x02,0x7a,0xa8,0x30,0x00,0x00,0x00,0x8f,0xff,0xff,0xf9,0x00,0x00,0x06,0xff,0xfa,
  0xae,0xff,0x70,0x00,0x0e,0xff,0x40,0x02,0xff,0xe0,0x00,0x1f,0xfd,0x00,0x00,0xbf,0xf3,0x00,0x1f,0xfd,0x00,0x00,0xaf,0xf6,0x00,0x0f,0xff,0x20,0x00,0xef,0xf7,0x00,
  0x0a,0xff,0xd6,0x5c,0xff,0xf7,0x00,0x01,0xdf,0xff,0xff,0xef,0xf7,0x00,0x00,0x17,0xbc,0xa4,0x8f,0xf5,0x00,0x03,0x55,0x00,0x00,0xaf,0xf3,0x00,0x0a,0xff,0x40,0x00,
  0xdf,0xf0,0x00,0x06,0xff,0xb1,0x07,0xff,0xa0,0x00,0x00,0xdf,0xff,0xff,0xff,0x20,0x00,0x00,0x1b,0xff,0xff,0xc3,0x00,0x00,0x00,0x00,0x13,0x31,0x00,0x00,0x00,0x00,
  0x00,0x00,0x00,0x00,0xff,0xf0,0x00,0x00,0xff,0xf0,0x00,0x00,0xff,0xf0,0x00,0x00,0x00,0x00,0x00,0x00,0x00,0x00,0x00,0x00,0x00,0x00,0x00,0x00,0x00,0x00,0x00,0x00,
  0x00,0x00,0x00,0x00,0xff,0xf0,0x00,0x00,0xff,0xf0,0x00,0x00,0xff,0xf0,0x00,0x00,0x00,0x00,0x00,0x00,0xff,0xf1,0x00,0x00,0xff,0xf1,0x00,0x00,0xef,0xf1,0x00,0x00,
  0x00,0x00,0x00,0x00,0x00,0x00,0x00,0x00,0x00,0x00,0x00,0x00,0x00,0x00,0x00,0x00,0x00,0x00,0x00,0x00,0xff,0xf1,0x00,0x00,0xff,0xf1,0x00,0x00,0xff,0xf1,0x00,0x00,
  0x08,0xf0,0x00,0x00,0x0d,0xb0,0x00,0x01,0xee,0x20,0x00,0x00,0x60,0x00,0x00,0x00,0x00,0x00,0x00,0x01,0x78,0x00,0x00,0x00,0x00,0x04,0xaf,0xf9,0x00,0x00,0x00,0x17,
  0xdf,0xff,0xe6,0x00,0x00,0x3a,0xff,0xff,0xb5,0x00,0x00,0x08,0xff,0xfd,0x71,0x00,0x00,0x00,0x09,0xff,0x60,0x00,0x00,0x00,0x00,0x08,0xff,0xfc,0x60,0x00,0x00,0x00,
  0x00,0x4b,0xff,0xff,0xa4,0x00,0x00,0x00,0x00,0x18,0xef,0xff,0xd5,0x00,0x00,0x00,0x00,0x05,0xbf,0xf9,0x00,0x00,0x00,0x00,0x00,0x02,0x88,0x00,0x04,0xbb,0xbb,0xbb,
  0xbb,0xb9,0x00,0x05,0xff,0xff,0xff,0xff,0xfd,0x00,0x02,0x77,0x77,0x77,0x77,0x76,0x00,0x00,0x00,0x00,0x00,0x00,0x00,0x00,0x01,0x33,0x33,0x33,0x33,0x32,0x00,0x05,
  0xff,0xff,0xff,0xff,0xfd,0x00,0x05,0xff,0xff,0xff,0xff,0xfd,0x00,0x00,0x00,0x00,0x00,0x00,0x00,0x00,0x00,0x00,0x00,0x00,0x00,0x00,0x00,0x02,0xa4,0x00,0x00,0x00,
  0x00,0x00,0x02,0xff,0xd7,0x10,0x00,0x00,0x00,0x01,0xcf,0xff,0xfa,0x30,0x00,0x00,0x00,0x02,0x8e,0xff,0xfd,0x60,0x00,0x00,0x00,0x00,0x5b,0xff,0xff,0x00,0x00,0x00,
  0x00,0x00,0x2c,0xff,0x00,0x00,0x00,0x00,0x39,0xff,0xff,0x00,0x00,0x01,0x7d,0xff,0xfe,0x71,0x00,0x01,0xbf,0xff,0xfb,0x40,0x00,0x00,0x02,0xff,0xe8,0x10,0x00,0x00,
  0x00,0x02,0xb5,0x00,0x00,0x00,0x00,0x00,0x00,0x00,0x69,0xa9,0x61,0x00,0x00,0x00,0x5e,0xff,0xff,0xff,0x40,0x00,0x02,0xff,0xfd,0xce,0xff,0xf1,0x00,0x09,0xff,0x90,
  0x01,0xef,0xf6,0x00,0x0b,0xff,0x30,0x00,0xbf,0xf7,0x00,0x04,0x66,0x10,0x01,0xff,0xf4,0x00,0x00,0x00,0x00,0x2d,0xff,0xb0,0x00,0x00,0x00,0x02,0xef,0xfb,0x00,0x00,
  0x00,0x00,0x0b,0xff,0x80,0x00,0x00,0x00,0x00,0x0e,0xfd,0x00,0x00,0x00,0x00,0x00,0x0a,0xb7,0x00,0x00,0x00,0x00,0x00,0x00,0x00,0x00,0x00,0x00,0x00,0x00,0x1f,0xfc,
  0x00,0x00,0x00,0x00,0x00,0x2f,0xfd,0x00,0x00,0x00,0x00,0x00,0x2f,0xfd,0x00,0x00,0x00,0x00,0x00,0x00,0x04,0x79,0xaa,0x96,0x30,0x00,0x00,0x00,0x00,0x00,0x19,0xff,
  0xff,0xff,0xff,0xfd,0x60,0x00,0x00,0x00,0x04,0xef,0xd6,0x20,0x00,0x14,0x9f,0xfb,0x00,0x00,0x00,0x3f,0xf6,0x00,0x00,0x00,0x00,0x01,0xcf,0xa0,0x00,0x00,0xdf,0x50,
  0x01,0x8d,0xee,0xb4,0x00,0x0d,0xf4,0x00,0x05,0xfa,0x00,0x0d,0xff,0xff,0xff,0x40,0x04,0xfb,0x00,0x0b,0xf3,0x00,0x3f,0xf5,0x01,0xef,0xb0,0x00,0xfe,0x00,0x0e,0xf0,
  0x00,0x15,0x50,0x00,0xaf,0xc0,0x00,0xdf,0x00,0x0f,0xd0,0x00,0x00,0x49,0xbc,0xef,0xc0,0x00,0xcf,0x10,0x0f,0xc0,0x00,0x1c,0xff,0xff,0xff,0xc0,0x00,0xdf,0x00,0x0f,
  0xd0,0x00,0x9f,0xf5,0x00,0xbf,0xc0,0x01,0xfd,0x00,0x0e,0xf0,0x00,0xcf,0xb0,0x00,0xef,0xc0,0x07,0xf7,0x00,0x0b,0xf3,0x00,0xbf,0xf7,0x5c,0xff,0xe5,0x8f,0xe1,0x00,
  0x06,0xf9,0x00,0x3f,0xff,0xff,0x7f,0xff,0xfd,0x20,0x00,0x00,0xef,0x40,0x02,0x78,0x71,0x02,0x78,0x40,0x00,0x00,0x00,0x4f,0xf7,0x00,0x00,0x00,0x00,0x00,0x00,0x00,
  0x00,0x00,0x04,0xef,0xea,0x76,0x68,0xbe,0x00,0x00,0x00,0x00,0x00,0x00,0x17,0xcf,0xff,0xff,0xfc,0x00,0x00,0x00,0x00,0x00,0x00,0x00,0x00,0x23,0x32,0x00,0x00,0x00,
  0x00,0x00,0x00,0x00,0x02,0x66,0x63,0x00,0x00,0x00,0x00,0x00,0x0a,0xff,0xfd,0x00,0x00,0x00,0x00,0x00,0x1f,0xff,0xff,0x40,0x00,0x00,0x00,0x00,0x7f,0xfc,0xff,0xa0,
  0x00,0x00,0x00,0x00,0xdf,0xf2,0xff,0xf1,0x00,0x00,0x00,0x03,0xff,0xc0,0xbf,0xf6,0x00,0x00,0x00,0x09,0xff,0x60,0x5f,0xfc,0x00,0x00,0x00,0x0f,0xff,0x10,0x0f,0xff,
  0x30,0x00,0x00,0x5f,0xfb,0x00,0x0a,0xff,0x90,0x00,0x00,0xcf,0xfa,0x55,0x59,0xff,0xe0,0x00,0x02,0xff,0xff,0xff,0xff,0xff,0xf5,0x00,0x08,0xff,0xff,0xff,0xff,0xff,
  0xfb,0x00,0x0e,0xff,0x52,0x22,0x22,0x5f,0xff,0x10,0x4f,0xfe,0x00,0x00,0x00,0x0d,0xff,0x80,0xaf,0xf8,0x00,0x00,0x00,0x07,0xff,0xe0,0x02,0x66,0x66,0x66,0x66,0x51,
  0x00,0x00,0x06,0xff,0xff,0xff,0xff,0xff,0x80,0x00,0x06,0xff,0xff,0xff,0xff,0xff,0xf6,0x00,0x06,0xff,0xb1,0x11,0x13,0xdf,0xfc,0x00,0x06,0xff,0xb0,0x00,0x00,0x6f,
  0xfd,0x00,0x06,0xff,0xb0,0x00,0x00,0x9f,0xf9,0x00,0x06,0xff,0xe9,0x99,0x9b,0xff,0xd1,0x00,0x06,0xff,0xff,0xff,0xff,0xfd,0x20,0x00,0x06,0xff,0xfd,0xdd,0xde,0xff,
  0xf4,0x00,0x06,0xff,0xb0,0x00,0x00,0x6f,0xfe,0x00,0x06,0xff,0xb0,0x00,0x00,0x0f,0xff,0x30,0x06,0xff,0xb0,0x00,0x00,0x3f,0xff,0x30,0x06,0xff,0xe9,0x99,0x99,0xef,
  0xff,0x00,0x06,0xff,0xff,0xff,0xff,0xff,0xf6,0x00,0x06,0xff,0xff,0xff,0xff,0xfc,0x40,0x00,0x00,0x00,0x05,0x8a,0xa8,0x50,0x00,0x00,0x00,0x06,0xef,0xff,0xff,0xfe,
  0x50,0x00,0x00,0x7f,0xff,0xff,0xff,0xff,0xf6,0x00,0x02,0xff,0xfb,0x20,0x02,0xbf,0xff,0x10,0x09,0xff,0xd0,0x00,0x00,0x0e,0xff,0x50,0x0d,0xff,0x60,0x00,0x00,0x0a,
  0xff,0x70,0x0f,0xff,0x30,0x00,0x00,0x00,0x00,0x00,0x0f,0xff,0x20,0x00,0x00,0x00,0x00,0x00,0x0f,0xff,0x30,0x00,0x00,0x00,0x00,0x00,0x0f,0xff,0x40,0x00,0x00,0x03,
  0x66,0x30,0x0c,0xff,0x80,0x00,0x00,0x09,0xff,0x70,0x07,0xff,0xf2,0x00,0x00,0x2f,0xff,0x40,0x00,0xef,0xff,0x95,0x58,0xff,0xfd,0x00,0x00,0x3e,0xff,0xff,0xff,0xff,
  0xe2,0x00,0x00,0x01,0x9e,0xff,0xff,0xe9,0x10,0x00,0x00,0x00,0x00,0x23,0x32,0x00,0x00,0x00,0x02,0x66,0x66,0x66,0x53,0x00,0x00,0x00,0x06,0xff,0xff,0xff,0xff,0xe8,
  0x00,0x00,0x06,0xff,0xff,0xff,0xff,0xff,0xc0,0x00,0x06,0xff,0xc2,0x22,0x49,0xff,0xf9,0x00,0x06,0xff,0xb0,0x00,0x00,0x7f,0xff,0x10,0x06,0xff,0xb0,0x00,0x00,0x0e,
  0xff,0x50,0x06,0xff,0xb0,0x00,0x00,0x0b,0xff,0x70,0x06,0xff,0xb0,0x00,0x00,0x0a,0xff,0x90,0x06,0xff,0xb0,0x00,0x00,0x0a,0xff,0x80,0x06,0xff,0xb0,0x00,0x00,0x0c,
  0xff,0x70,0x06,0xff,0xb0,0x00,0x00,0x2f,0xff,0x30,0x06,0xff,0xb0,0x00,0x01,0xcf,0xfd,0x00,0x06,0xff,0xe9,0x99,0xbf,0xff,0xf4,0x00,0x06,0xff,0xff,0xff,0xff,0xff,
  0x60,0x00,0x06,0xff,0xff,0xff,0xfc,0x82,0x00,0x00,0x02,0x66,0x66,0x66,0x66,0x66,0x60,0x06,0xff,0xff,0xff,0xff,0xff,0xf1,0x06,0xff,0xff,0xff,0xff,0xff,0xf1,0x06,
  0xff,0xc2,0x22,0x22,0x22,0x20,0x06,0xff,0xc0,0x00,0x00,0x00,0x00,0x06,0xff,0xc0,0x00,0x00,0x00,0x00,0x06,0xff,0xea,0xaa,0xaa,0xaa,0x10,0x06,0xff,0xff,0xff,0xff,
  0xff,0x20,0x06,0xff,0xfe,0xee,0xee,0xee,0x20,0x06,0xff,0xc0,0x00,0x00,0x00,0x00,0x06,0xff,0xc0,0x00,0x00,0x00,0x00,0x06,0xff,0xc0,0x00,0x00,0x00,0x00,0x06,0xff,
  0xe9,0x99,0x99,0x99,0x92,0x06,0xff,0xff,0xff,0xff,0xff,0xf3,0x06,0xff,0xff,0xff,0xff,0xff,0xf3,0x02,0x66,0x66,0x66,0x66,0x66,0x10,0x06,0xff,0xff,0xff,0xff,0xff,
  0x30,0x06,0xff,0xff,0xff,0xff,0xff,0x30,0x06,0xff,0xc2,0x22,0x22,0x22,0x00,0x06,0xff,0xb0,0x00,0x00,0x00,0x00,0x06,0xff,0xb0,0x00,0x00,0x00,0x00,0x06,0xff,0xc4,
  0x44,0x44,0x41,0x00,0x06,0xff,0xff,0xff,0xff,0xf6,0x00,0x06,0xff,0xff,0xff,0xff,0xf6,0x00,0x06,0xff,0xc4,0x44,0x44,0x41,0x00,0x06,0xff,0xb0,0x00,0x00,0x00,0x00,
  0x06,0xff,0xb0,0x00,0x00,0x00,0x00,0x06,0xff,0xb0,0x00,0x00,0x00,0x00,0x06,0xff,0xb0,0x00,0x00,0x00,0x00,0x06,0xff,0xb0,0x00,0x00,0x00,0x00,0x00,0x00,0x03,0x79,
  0xa9,0x74,0x00,0x00,0x00,0x00,0x03,0xdf,0xff,0xff,0xff,0xd4,0x00,0x00,0x00,0x4f,0xff,0xff,0xef,0xff,0xff,0x50,0x00,0x00,0xef,0xfd,0x40,0x00,0x3c,0xff,0xe0,0x00,
  0x06,0xff,0xf1,0x00,0x00,0x01,0xff,0xf4,0x00,0x0b,0xff,0x90,0x00,0x00,0x00,0x79,0x93,0x00,0x0d,0xff,0x60,0x00,0x00,0x00,0x00,0x00,0x00,0x0e,0xff,0x50,0x00,0xcc,
  0xcc,0xcc,0xc5,0x00,0x0e,0xff,0x50,0x00,0xff,0xff,0xff,0xf6,0x00,0x0d,0xff,0x70,0x00,0x99,0x99,0xef,0xf6,0x00,0x0a,0xff,0xb0,0x00,0x00,0x00,0xcf,0xf6,0x00,0x05,
  0xff,0xf5,0x00,0x00,0x05,0xff,0xf6,0x00,0x00,0xcf,0xff,0xa6,0x56,0xbf,0xff,0xf6,0x00,0x00,0x2d,0xff,0xff,0xff,0xff,0xde,0xf6,0x00,0x00,0x00,0x8e,0xff,0xff,0xe8,
  0x1b,0xf6,0x00,0x00,0x00,0x00,0x13,0x32,0x00,0x00,0x00,0x00,0x02,0x66,0x40,0x00,0x00,0x05,0x66,0x10,0x06,0xff,0xb0,0x00,0x00,0x0e,0xff,0x30,0x06,0xff,0xb0,0x00,
  0x00,0x0e,0xff,0x30,0x06,0xff,0xb0,0x00,0x00,0x0e,0xff,0x30,0x06,0xff,0xb0,0x00,0x00,0x0e,0xff,0x30,0x06,0xff,0xb0,0x00,0x00,0x0e,0xff,0x30,0x06,0xff,0xeb,0xbb,
  0xbb,0xbf,0xff,0x30,0x06,0xff,0xff,0xff,0xff,0xff,0xff,0x30,0x06,0xff,0xff,0xff,0xff,0xff,0xff,0x30,0x06,0xff,0xb0,0x00,0x00,0x0e,0xff,0x30,0x06,0xff,0xb0,0x00,
  0x00,0x0e,0xff,0x30,0x06,0xff,0xb0,0x00,0x00,0x0e,0xff,0x30,0x06,0xff,0xb0,0x00,0x00,0x0e,0xff,0x30,0x06,0xff,0xb0,0x00,0x00,0x0e,0xff,0x30,0x06,0xff,0xb0,0x00,
  0x00,0x0e,0xff,0x30,0x02,0x66,0x40,0x06,0xff,0xb0,0x06,0xff,0xb0,0x06,0xff,0xb0,0x06,0xff,0xb0,0x06,0xff,0xb0,0x06,0xff,0xb0,0x06,0xff,0xb0,0x06,0xff,0xb0,0x06,
  0xff,0xb0,0x06,0xff,0xb0,0x06,0xff,0xb0,0x06,0xff,0xb0,0x06,0xff,0xb0,0x06,0xff,0xb0,0x00,0x00,0x00,0x00,0x66,0x60,0x00,0x00,0x00,0x00,0x00,0xff,0xf2,0x00,0x00,
  0x00,0x00,0x00,0xff,0xf2,0x00,0x00,0x00,0x00,0x00,0xff,0xf2,0x00,0x00,0x00,0x00,0x00,0xff,0xf2,0x00,0x00,0x00,0x00,0x00,0xff,0xf2,0x00,0x00,0x00,0x00,0x00,0xff,
  0xf2,0x00,0x00,0x00,0x00,0x00,0xff,0xf2,0x00,0x00,0x00,0x00,0x00,0xff,0xf2,0x00,0x00,0x00,0x00,0x00,0xff,0xf2,0x00,0x4e,0xea,0x00,0x00,0xff,0xf1,0x00,0x4f,0xfe,
  0x00,0x04,0xff,0xf0,0x00,0x1f,0xff,0xa5,0x6e,0xff,0xb0,0x00,0x08,0xff,0xff,0xff,0xff,0x20,0x00,0x00,0x6e,0xff,0xff,0xc3,0x00,0x00,0x00,0x00,0x23,0x31,0x00,0x00,
  0x00,0x02,0x66,0x40,0x00,0x00,0x26,0x66,0x30,0x06,0xff,0xb0,0x00,0x01,0xef,0xfc,0x00,0x06,0xff,0xb0,0x00,0x1d,0xff,0xd1,0x00,0x06,0xff,0xb0,0x00,0xcf,0xfe,0x10,
  0x00,0x06,0xff,0xb0,0x0c,0xff,0xe2,0x00,0x00,0x06,0xff,0xb0,0xbf,0xfe,0x20,0x00,0x00,0x06,0xff,0xba,0xff,0xf6,0x00,0x00,0x00,0x06,0xff,0xff,0xff,0xfd,0x00,0x00,
  0x00,0x06,0xff,0xff,0xfe,0xff,0x90,0x00,0x00,0x06,0xff,0xfe,0x26,0xff,0xf3,0x00,0x00,0x06,0xff,0xe1,0x00,0xbf,0xfd,0x00,0x00,0x06,0xff,0xb0,0x00,0x2f,0xff,0x80,
  0x00,0x06,0xff,0xb0,0x00,0x07,0xff,0xf3,0x00,0x06,0xff,0xb0,0x00,0x00,0xdf,0xfd,0x00,0x06,0xff,0xb0,0x00,0x00,0x3f,0xff,0x80,0x02,0x66,0x40,0x00,0x00,0x00,0x06,
  0xff,0xb0,0x00,0x00,0x00,0x06,0xff,0xb0,0x00,0x00,0x00,0x06,0xff,0xb0,0x00,0x00,0x00,0x06,0xff,0xb0,0x00,0x00,0x00,0x06,0xff,0xb0,0x00,0x00,0x00,0x06,0xff,0xb0,
  0x00,0x00,0x00,0x06,0xff,0xb0,0x00,0x00,0x00,0x06,0xff,0xb0,0x00,0x00,0x00,0x06,0xff,0xb0,0x00,0x00,0x00,0x06,0xff,0xb0,0x00,0x00,0x00,0x06,0xff,0xb0,0x00,0x00,
  0x00,0x06,0xff,0xea,0xaa,0xaa,0xaa,0x06,0xff,0xff,0xff,0xff,0xff,0x06,0xff,0xff,0xff,0xff,0xff,0x02,0x66,0x66,0x20,0x00,0x00,0x66,0x66,0x40,0x06,0xff,0xff,0x90,
  0x00,0x03,0xff,0xff,0xb0,0x06,0xff,0xff,0xe0,0x00,0x08,0xff,0xff,0xb0,0x06,0xff,0xff,0xf2,0x00,0x0c,0xff,0xff,0xb0,0x06,0xff,0xaf,0xf7,0x00,0x1f,0xfa,0xff,0xb0,
  0x06,0xff,0x8f,0xfb,0x00,0x5f,0xf6,0xff,0xb0,0x06,0xff,0x8b,0xff,0x00,0xaf,0xd5,0xff,0xb0,0x06,0xff,0x87,0xff,0x40,0xef,0x96,0xff,0xb0,0x06,0xff,0x82,0xff,0x92,
  0xff,0x46,0xff,0xb0,0x06,0xff,0x80,0xdf,0xd6,0xff,0x06,0xff,0xb0,0x06,0xff,0x80,0x9f,0xfa,0xfb,0x06,0xff,0xb0,0x06,0xff,0x80,0x4f,0xff,0xf6,0x06,0xff,0xb0,0x06,
  0xff,0x80,0x0f,0xff,0xf2,0x06,0xff,0xb0,0x06,0xff,0x80,0x0b,0xff,0xd0,0x06,0xff,0xb0,0x06,0xff,0x80,0x07,0xff,0x90,0x06,0xff,0xb0,0x02,0x66,0x40,0x00,0x00,0x04,
  0x66,0x10,0x06,0xff,0xf2,0x00,0x00,0x0b,0xff,0x30,0x06,0xff,0xfd,0x00,0x00,0x0b,0xff,0x30,0x06,0xff,0xff,0xa0,0x00,0x0b,0xff,0x30,0x06,0xff,0xff,0xf6,0x00,0x0b,
  0xff,0x30,0x06,0xff,0xff,0xff,0x20,0x0b,0xff,0x30,0x06,0xff,0x9e,0xff,0xd0,0x0b,0xff,0x30,0x06,0xff,0x93,0xff,0xfa,0x0b,0xff,0x30,0x06,0xff,0x90,0x7f,0xff,0x6b,
  0xff,0x30,0x06,0xff,0x90,0x0b,0xff,0xfd,0xff,0x30,0x06,0xff,0x90,0x01,0xef,0xff,0xff,0x30,0x06,0xff,0x90,0x00,0x4f,0xff,0xff,0x30,0x06,0xff,0x90,0x00,0x08,0xff,
  0xff,0x30,0x06,0xff,0x90,0x00,0x00,0xbf,0xff,0x30,0x06,0xff,0x90,0x00,0x00,0x1e,0xff,0x30,0x00,0x00,0x04,0x89,0xa9,0x62,0x00,0x00,0x00,0x00,0x04,0xef,0xff,0xff,
  0xff,0xb1,0x00,0x00,0x00,0x6f,0xff,0xff,0xef,0xff,0xfe,0x20,0x00,0x02,0xff,0xfc,0x30,0x00,0x6f,0xff,0xb0,0x00,0x08,0xff,0xd0,0x00,0x00,0x04,0xff,0xf3,0x00,0x0d,
  0xff,0x70,0x00,0x00,0x00,0xcf,0xf7,0x00,0x0f,0xff,0x30,0x00,0x00,0x00,0x9f,0xf9,0x00,0x0f,0xff,0x20,0x00,0x00,0x00,0x8f,0xfb,0x00,0x0f,0xff,0x20,0x00,0x00,0x00,
  0x8f,0xfa,0x00,0x0e,0xff,0x40,0x00,0x00,0x00,0xaf,0xf9,0x00,0x0b,0xff,0x90,0x00,0x00,0x00,0xef,0xf5,0x00,0x06,0xff,0xf4,0x00,0x00,0x09,0xff,0xf1,0x00,0x00,0xcf,
  0xff,0xa6,0x57,0xcf,0xff,0x70,0x00,0x00,0x1d,0xff,0xff,0xff,0xff,0xf9,0x00,0x00,0x00,0x00,0x7d,0xff,0xff,0xfb,0x40,0x00,0x00,0x00,0x00,0x00,0x13,0x32,0x00,0x00,
  0x00,0x00,0x02,0x66,0x66,0x66,0x66,0x40,0x00,0x06,0xff,0xff,0xff,0xff,0xfe,0x30,0x06,0xff,0xff,0xff,0xff,0xff,0xf1,0x06,0xff,0xc2,0x22,0x25,0xff,0xf8,0x06,0xff,
  0xb0,0x00,0x00,0x7f,0xfb,0x06,0xff,0xb0,0x00,0x00,0x6f,0xfc,0x06,0xff,0xb0,0x00,0x00,0xbf,0xfa,0x06,0xff,0xe9,0x99,0x9c,0xff,0xf5,0x06,0xff,0xff,0xff,0xff,0xff,
  0xb0,0x06,0xff,0xff,0xff,0xff,0xc7,0x00,0x06,0xff,0xb0,0x00,0x00,0x00,0x00,0x06,0xff,0xb0,0x00,0x00,0x00,0x00,0x06,0xff,0xb0,0x00,0x00,0x00,0x00,0x06,0xff,0xb0,
  0x00,0x00,0x00,0x00,0x06,0xff,0xb0,0x00,0x00,0x00,0x00,0x00,0x00,0x04,0x89,0xa9,0x62,0x00,0x00,0x00,0x00,0x04,0xef,0xff,0xff,0xff,0xb1,0x00,0x00,0x00,0x6f,0xff,
  0xff,0xef,0xff,0xfe,0x20,0x00,0x02,0xff,0xfc,0x30,0x00,0x6f,0xff,0xb0,0x00,0x08,0xff,0xd0,0x00,0x00,0x04,0xff,0xf3,0x00,0x0d,0xff,0x70,0x00,0x00,0x00,0xcf,0xf7,
  0x00,0x0f,0xff,0x30,0x00,0x00,0x00,0x9f,0xf9,0x00,0x0f,0xff,0x20,0x00,0x00,0x00,0x8f,0xfb,0x00,0x0f,0xff,0x20,0x00,0x00,0x00,0x8f,0xfa,0x00,0x0e,0xff,0x40,0x00,
  0x00,0x00,0xaf,0xf9,0x00,0x0b,0xff,0x90,0x00,0x00,0x00,0xef,0xf5,0x00,0x06,0xff,0xf4,0x00,0x00,0x09,0xff,0xf1,0x00,0x00,0xdf,0xff,0xa6,0x57,0xcf,0xff,0x70,0x00,
  0x00,0x1d,0xff,0xff,0xff,0xff,0xf9,0x00,0x00,0x00,0x00,0x7e,0xff,0xff,0xff,0x60,0x00,0x00,0x00,0x00,0x00,0x13,0x4d,0xff,0xd1,0x00,0x00,0x00,0x00,0x00,0x00,0x01,
  0xdf,0xfd,0x10,0x00,0x00,0x00,0x00,0x00,0x00,0x2b,0xbb,0x90,0x00,0x02,0x66,0x66,0x66,0x66,0x51,0x00,0x00,0x06,0xff,0xff,0xff,0xff,0xff,0x90,0x00,0x06,0xff,0xff,
  0xff,0xff,0xff,0xf9,0x00,0x06,0xff,0xc2,0x22,0x23,0xaf,0xff,0x00,0x06,0xff,0xb0,0x00,0x00,0x0f,0xff,0x30,0x06,0xff,0xb0,0x00,0x00,0x0f,0xff,0x30,0x06,0xff,0xb0,
  0x00,0x00,0x5f,0xff,0x10,0x06,0xff,0xeb,0xbb,0xbc,0xff,0xfa,0x00,0x06,0xff,0xff,0xff,0xff,0xff,0xc1,0x00,0x06,0xff,0xec,0xcc,0xcf,0xff,0x00,0x00,0x06,0xff,0xb0,
  0x00,0x0e,0xff,0x70,0x00,0x06,0xff,0xb0,0x00,0x06,0xff,0xe0,0x00,0x06,0xff,0xb0,0x00,0x00,0xef,0xf7,0x00,0x06,0xff,0xb0,0x00,0x00,0x7f,0xfe,0x00,0x06,0xff,0xb0,
  0x00,0x00,0x0e,0xff,0x70,0x00,0x00,0x48,0x9a,0x96,0x10,0x00,0x00,0x5e,0xff,0xff,0xff,0xf7,0x00,0x03,0xff,0xff,0xdd,0xff,0xff,0x60,0x09,0xff,0xc1,0x00,0x09,0xff,
  0xd0,0x0b,0xff,0x80,0x00,0x01,0xdd,0xc0,0x09,0xff,0xf8,0x20,0x00,0x00,0x00,0x02,0xff,0xff,0xfd,0x95,0x00,0x00,0x00,0x3d,0xff,0xff,0xff,0xe7,0x00,0x00,0x00,0x4a,
  0xef,0xff,0xff,0x90,0x00,0x00,0x00,0x02,0x7e,0xff,0xf2,0x0b,0xbb,0x00,0x00,0x01,0xff,0xf5,0x0f,0xff,0x40,0x00,0x00,0xef,0xf4,0x0a,0xff,0xf8,0x54,0x6c,0xff,0xf0,
  0x01,0xef,0xff,0xff,0xff,0xff,0x60,0x00,0x18,0xef,0xff,0xff,0xb3,0x00,0x00,0x00,0x01,0x33,0x20,0x00,0x00,0x36,0x66,0x66,0x66,0x66,0x66,0x60,0x7f,0xff,0xff,0xff,
  0xff,0xff,0xf0,0x7f,0xff,0xff,0xff,0xff,0xff,0xf0,0x13,0x33,0x3e,0xff,0x73,0x33,0x30,0x00,0x00,0x0d,0xff,0x40,0x00,0x00,0x00,0x00,0x0d,0xff,0x40,0x00,0x00,0x00,
  0x00,0x0d,0xff,0x40,0x00,0x00,0x00,0x00,0x0d,0xff,0x40,0x00,0x00,0x00,0x00,0x0d,0xff,0x40,0x00,0x00,0x00,0x00,0x0d,0xff,0x40,0x00,0x00,0x00,0x00,0x0d,0xff,0x40,
  0x00,0x00,0x00,0x00,0x0d,0xff,0x40,0x00,0x00,0x00,0x00,0x0d,0xff,0x40,0x00,0x00,0x00,0x00,0x0d,0xff,0x40,0x00,0x00,0x00,0x00,0x0d,0xff,0x40,0x00,0x00,0x03,0x66,
  0x40,0x00,0x00,0x06,0x66,0x10,0x07,0xff,0xa0,0x00,0x00,0x0f,0xff,0x20,0x07,0xff,0xa0,0x00,0x00,0x0f,0xff,0x20,0x07,0xff,0xa0,0x00,0x00,0x0f,0xff,0x20,0x07,0xff,
  0xa0,0x00,0x00,0x0f,0xff,0x20,0x07,0xff,0xa0,0x00,0x00,0x0f,0xff,0x20,0x07,0xff,0xa0,0x00,0x00,0x0f,0xff,0x20,0x07,0xff,0xa0,0x00,0x00,0x0f,0xff,0x20,0x07,0xff,
  0xa0,0x00,0x00,0x0f,0xff,0x20,0x07,0xff,0xa0,0x00,0x00,0x0f,0xff,0x20,0x06,0xff,0xc0,0x00,0x00,0x1f,0xff,0x10,0x03,0xff,0xf3,0x00,0x00,0x8f,0xfe,0x00,0x00,0xdf,
  0xff,0x85,0x6a,0xff,0xf8,0x00,0x00,0x2e,0xff,0xff,0xff,0xff,0xc0,0x00,0x00,0x01,0xaf,0xff,0xff,0xe7,0x00,0x00,0x00,0x00,0x00,0x23,0x31,0x00,0x00,0x00,0x46,0x64,
  0x00,0x00,0x00,0x06,0x66,0x10,0x6f,0xfe,0x00,0x00,0x00,0x3f,0xff,0x00,0x1f,0xff,0x40,0x00,0x00,0x8f,0xfa,0x00,0x0b,0xff,0x90,0x00,0x00,0xef,0xf4,0x00,0x05,0xff,
  0xe0,0x00,0x03,0xff,0xe0,0x00,0x00,0xff,0xf4,0x00,0x09,0xff,0x90,0x00,0x00,0x9f,0xfa,0x00,0x0e,0xff,0x30,0x00,0x00,0x4f,0xff,0x00,0x3f,0xfd,0x00,0x00,0x00,0x0e,
  0xff,0x40,0x9f,0xf7,0x00,0x00,0x00,0x08,0xff,0xa0,0xef,0xf1,0x00,0x00,0x00,0x02,0xff,0xf4,0xff,0xb0,0x00,0x00,0x00,0x00,0xdf,0xfd,0xff,0x60,0x00,0x00,0x00,0x00,
  0x7f,0xff,0xff,0x00,0x00,0x00,0x00,0x00,0x1f,0xff,0xfa,0x00,0x00,0x00,0x00,0x00,0x0b,0xff,0xf4,0x00,0x00,0x00,0x46,0x63,0x00,0x00,0x46,0x66,0x00,0x00,0x06,0x66,
  0x00,0x9f,0xfb,0x00,0x00,0xdf,0xff,0x40,0x00,0x2f,0xfd,0x00,0x5f,0xff,0x00,0x01,0xff,0xff,0x80,0x00,0x6f,0xf8,0x00,0x1f,0xff,0x30,0x04,0xff,0xff,0xc0,0x00,0xaf,
  0xf4,0x00,0x0c,0xff,0x70,0x08,0xff,0xcf,0xf0,0x00,0xef,0xf0,0x00,0x08,0xff,0xb0,0x0c,0xfe,0x8f,0xf3,0x02,0xff,0xc0,0x00,0x04,0xff,0xf0,0x0f,0xfa,0x5f,0xf7,0x06,
  0xff,0x80,0x00,0x00,0xff,0xf3,0x3f,0xf6,0x1f,0xfb,0x0a,0xff,0x30,0x00,0x00,0xbf,0xf7,0x7f,0xf3,0x0e,0xfe,0x0d,0xff,0x00,0x00,0x00,0x7f,0xfa,0xaf,0xf0,0x0a,0xff,
  0x4f,0xfb,0x00,0x00,0x00,0x3f,0xfd,0xdf,0xb0,0x06,0xff,0xaf,0xf7,0x00,0x00,0x00,0x0f,0xff,0xff,0x70,0x02,0xff,0xff,0xf2,0x00,0x00,0x00,0x0b,0xff,0xff,0x30,0x00,
  0xef,0xff,0xe0,0x00,0x00,0x00,0x06,0xff,0xff,0x00,0x00,0xaf,0xff,0xa0,0x00,0x00,0x00,0x02,0xff,0xfc,0x00,0x00,0x6f,0xff,0x60,0x00,0x00,0x16,0x66,0x40,0x00,0x00,
  0x36,0x66,0x00,0x0b,0xff,0xf2,0x00,0x01,0xef,0xf8,0x00,0x01,0xef,0xfc,0x00,0x0a,0xff,0xd0,0x00,0x00,0x5f,0xff,0x60,0x5f,0xff,0x20,0x00,0x00,0x0a,0xff,0xf2,0xef,
  0xf7,0x00,0x00,0x00,0x01,0xef,0xff,0xff,0xc0,0x00,0x00,0x00,0x00,0x4f,0xff,0xff,0x20,0x00,0x00,0x00,0x00,0x0c,0xff,0xfa,0x00,0x00,0x00,0x00,0x00,0x5f,0xff,0xff,
  0x30,0x00,0x00,0x00,0x01,0xff,0xfe,0xff,0xd0,0x00,0x00,0x00,0x0b,0xff,0xb2,0xff,0xf9,0x00,0x00,0x00,0x6f,0xff,0x10,0x7f,0xff,0x40,0x00,0x02,0xff,0xf6,0x00,0x0c,
  0xff,0xe0,0x00,0x0c,0xff,0xc0,0x00,0x02,0xff,0xf9,0x00,0x7f,0xff,0x20,0x00,0x00,0x8f,0xff,0x40,0x46,0x66,0x00,0x00,0x00,0x06,0x66,0x20,0x3f,0xff,0x60,0x00,0x00,
  0x8f,0xfd,0x00,0x09,0xff,0xe1,0x00,0x02,0xff,0xf3,0x00,0x00,0xef,0xf9,0x00,0x0b,0xff,0x90,0x00,0x00,0x4f,0xff,0x30,0x5f,0xfe,0x00,0x00,0x00,0x0a,0xff,0xd1,0xef,
  0xf4,0x00,0x00,0x00,0x01,0xef,0xfd,0xff,0xa0,0x00,0x00,0x00,0x00,0x5f,0xff,0xfe,0x10,0x00,0x00,0x00,0x00,0x0a,0xff,0xf6,0x00,0x00,0x00,0x00,0x00,0x03,0xff,0xe0,
  0x00,0x00,0x00,0x00,0x00,0x03,0xff,0xe0,0x00,0x00,0x00,0x00,0x00,0x03,0xff,0xe0,0x00,0x00,0x00,0x00,0x00,0x03,0xff,0xe0,0x00,0x00,0x00,0x00,0x00,0x03,0xff,0xe0,
  0x00,0x00,0x00,0x00,0x00,0x03,0xff,0xe0,0x00,0x00,0x00,0x05,0x66,0x66,0x66,0x66,0x66,0x50,0x0e,0xff,0xff,0xff,0xff,0xff,0xc0,0x0e,0xff,0xff,0xff,0xff,0xff,0x60,
  0x02,0x22,0x22,0x25,0xff,0xfa,0x00,0x00,0x00,0x00,0x0d,0xff,0xe1,0x00,0x00,0x00,0x00,0x9f,0xff,0x40,0x00,0x00,0x00,0x05,0xff,0xf8,0x00,0x00,0x00,0x00,0x1e,0xff,
  0xc0,0x00,0x00,0x00,0x00,0xbf,0xff,0x20,0x00,0x00,0x00,0x07,0xff,0xf6,0x00,0x00,0x00,0x00,0x3f,0xff,0xa0,0x00,0x00,0x00,0x00,0xdf,0xfe,0x10,0x00,0x00,0x00,0x09,
  0xff,0xfc,0x99,0x99,0x99,0x80,0x4f,0xff,0xff,0xff,0xff,0xff,0xf0,0x6f,0xff,0xff,0xff,0xff,0xff,0xf0,0x00,0x67,0x77,0x50,0x00,0xdf,0xff,0xc0,0x00,0xdf,0xc7,0x50,
  0x00,0xdf,0x90,0x00,0x00,0xdf,0x90,0x00,0x00,0xdf,0x90,0x00,0x00,0xdf,0x90,0x00,0x00,0xdf,0x90,0x00,0x00,0xdf,0x90,0x00,0x00,0xdf,0x90,0x00,0x00,0xdf,0x90,0x00,
  0x00,0xdf,0x90,0x00,0x00,0xdf,0x90,0x00,0x00,0xdf,0x90,0x00,0x00,0xdf,0x90,0x00,0x00,0xdf,0x90,0x00,0x00,0xdf,0x90,0x00,0x00,0xdf,0xc8,0x60,0x00,0xdf,0xff,0xc0,
  0x00,0x56,0x66,0x40,0x67,0x00,0x00,0x00,0xcf,0x30,0x00,0x00,0x7f,0x80,0x00,0x00,0x3f,0xc0,0x00,0x00,0x0f,0xf0,0x00,0x00,0x0b,0xf4,0x00,0x00,0x07,0xf8,0x00,0x00,
  0x02,0xfd,0x00,0x00,0x00,0xef,0x10,0x00,0x00,0xaf,0x50,0x00,0x00,0x6f,0x90,0x00,0x00,0x2f,0xd0,0x00,0x00,0x0e,0xf1,0x00,0x00,0x09,0xf6,0x00,0x00,0x05,0xfa,0x00,
  0x00,0x01,0xfe,0x00,0x00,0x00,0xdf,0x20,0x00,0x00,0x00,0x00,0x37,0x77,0x71,0x00,0x7f,0xff,0xf3,0x00,0x37,0x9f,0xf3,0x00,0x00,0x3f,0xf3,0x00,0x00,0x3f,0xf3,0x00,
  0x00,0x3f,0xf3,0x00,0x00,0x3f,0xf3,0x00,0x00,0x3f,0xf3,0x00,0x00,0x3f,0xf3,0x00,0x00,0x3f,0xf3,0x00,0x00,0x3f,0xf3,0x00,0x00,0x3f,0xf3,0x00,0x00,0x3f,0xf3,0x00,
  0x00,0x3f,0xf3,0x00,0x00,0x3f,0xf3,0x00,0x00,0x3f,0xf3,0x00,0x00,0x3f,0xf3,0x00,0x37,0x9f,0xf3,0x00,0x7f,0xff,0xf3,0x00,0x26,0x66,0x61,0x00,0x00,0x00,0x03,0x66,
  0x00,0x00,0x00,0x00,0x00,0x0d,0xff,0x50,0x00,0x00,0x00,0x00,0x4f,0xff,0xb0,0x00,0x00,0x00,0x00,0xbf,0x9f,0xf2,0x00,0x00,0x00,0x02,0xff,0x2a,0xf9,0x00,0x00,0x00,
  0x08,0xfb,0x04,0xff,0x00,0x00,0x00,0x0e,0xf5,0x00,0xef,0x60,0x00,0x00,0x5f,0xf0,0x00,0x7f,0xd0,0x00,0x00,0x7a,0x60,0x00,0x1a,0xa1,0x00,0x00,0x00,0x00,0x00,0x00,
  0x00,0x00,0x00,0x00,0x00,0x00,0x00,0x00,0x00,0x00,0x00,0x00,0x00,0x00,0x00,0x00,0x00,0x00,0x00,0x00,0x00,0x00,0x00,0x00,0x00,0x00,0x00,0x00,0x00,0x00,0x00,0x00,
  0x00,0x00,0x00,0x00,0x00,0x00,0x00,0x00,0x00,0x00,0x00,0xaa,0xaa,0xaa,0xaa,0xaa,0x90,0xff,0xff,0xff,0xff,0xff,0xe0,0x44,0x44,0x44,0x44,0x44,0x30,0x23,0x30,0x00,
  0x6f,0xf7,0x00,0x08,0xff,0x20,0x00,0x79,0x50,0x00,0x00,0x00,0x00,0x00,0x00,0x00,0x00,0x00,0x00,0x00,0x00,0x00,0x00,0x00,0x00,0x00,0x00,0x00,0x00,0x00,0x00,0x00,
  0x00,0x00,0x00,0x00,0x00,0x00,0x00,0x00,0x00,0x00,0x00,0x00,0x00,0x00,0x00,0x24,0x42,0x00,0x00,0x00,0x00,0x7e,0xff,0xff,0xe5,0x00,0x00,0x06,0xff,0xfe,0xef,0xff,
  0x30,0x00,0x0c,0xff,0x40,0x08,0xff,0x90,0x00,0x03,0x44,0x00,0x04,0xff,0xa0,0x00,0x00,0x04,0x79,0xbc,0xff,0xa0,0x00,0x03,0xdf,0xff,0xff,0xff,0xa0,0x00,0x0e,0xff,
  0xa4,0x25,0xff,0xa0,0x00,0x4f,0xfb,0x00,0x06,0xff,0xa0,0x00,0x4f,0xfd,0x10,0x4e,0xff,0xc0,0x00,0x1f,0xff,0xff,0xff,0xff,0xff,0x10,0x05,0xef,0xff,0xc3,0x7f,0xff,
  0x10,0x00,0x02,0x32,0x00,0x01,0x31,0x00,0x02,0x33,0x00,0x00,0x00,0x00,0x00,0x0a,0xff,0x40,0x00,0x00,0x00,0x00,0x0a,0xff,0x40,0x00,0x00,0x00,0x00,0x0a,0xff,0x40,
  0x00,0x00,0x00,0x00,0x0a,0xff,0x40,0x24,0x30,0x00,0x00,0x0a,0xff,0x6c,0xff,0xfd,0x30,0x00,0x0a,0xff,0xff,0xff,0xff,0xe1,0x00,0x0a,0xff,0xf6,0x13,0xdf,0xf8,0x00,
  0x0a,0xff,0x80,0x00,0x4f,0xfc,0x00,0x0a,0xff,0x40,0x00,0x0f,0xfe,0x00,0x0a,0xff,0x30,0x00,0x0f,0xff,0x00,0x0a,0xff,0x40,0x00,0x1f,0xfe,0x00,0x0a,0xff,0x80,0x00,
  0x4f,0xfc,0x00,0x0a,0xff,0xf6,0x24,0xdf,0xf8,0x00,0x0a,0xff,0xdf,0xff,0xff,0xe1,0x00,0x0a,0xfd,0x2c,0xff,0xfd,0x30,0x00,0x00,0x00,0x00,0x23,0x20,0x00,0x00,0x00,
  0x00,0x14,0x43,0x00,0x00,0x00,0x3c,0xff,0xff,0xe6,0x00,0x02,0xff,0xff,0xff,0xff,0x70,0x0b,0xff,0x90,0x05,0xff,0xe0,0x0f,0xff,0x00,0x00,0xcf,0xf2,0x2f,0xfc,0x00,
  0x00,0x12,0x20,0x3f,0xfc,0x00,0x00,0x00,0x00,0x2f,0xfd,0x00,0x00,0x23,0x30,0x0f,0xff,0x00,0x00,0xaf,0xf2,0x0a,0xff,0xa1,0x05,0xff,0xe0,0x02,0xff,0xff,0xff,0xff,
  0x50,0x00,0x2b,0xff,0xff,0xd5,0x00,0x00,0x00,0x13,0x32,0x00,0x00,0x00,0x00,0x00,0x00,0x13,0x31,0x00,0x00,0x00,0x00,0x00,0x8f,0xf6,0x00,0x00,0x00,0x00,0x00,0x8f,
  0xf6,0x00,0x00,0x00,0x00,0x00,0x8f,0xf6,0x00,0x00,0x00,0x34,0x10,0x8f,0xf6,0x00,0x00,0x5f,0xff,0xfa,0x8f,0xf6,0x00,0x04,0xff,0xff,0xff,0xff,0xf6,0x00,0x0c,0xff,
  0xa2,0x28,0xff,0xf6,0x00,0x0f,0xff,0x00,0x00,0xcf,0xf6,0x00,0x2f,0xfd,0x00,0x00,0x8f,0xf6,0x00,0x3f,0xfc,0x00,0x00,0x7f,0xf6,0x00,0x2f,0xfd,0x00,0x00,0x8f,0xf6,
  0x00,0x0f,0xff,0x10,0x00,0xcf,0xf6,0x00,0x0b,0xff,0xb3,0x29,0xff,0xf6,0x00,0x03,0xff,0xff,0xff,0xdf,0xf6,0x00,0x00,0x5e,0xff,0xfa,0x1f,0xf6,0x00,0x00,0x00,0x33,
  0x10,0x00,0x00,0x00,0x00,0x00,0x14,0x43,0x00,0x00,0x00,0x2c,0xff,0xff,0xe7,0x00,0x02,0xff,0xff,0xef,0xff,0x70,0x0a,0xff,0x80,0x03,0xff,0xf0,0x0f,0xff,0x00,0x00,
  0xaf,0xf4,0x2f,0xff,0xbb,0xbb,0xdf,0xf6,0x3f,0xff,0xff,0xff,0xff,0xf7,0x2f,0xfd,0x22,0x22,0x22,0x20,0x0f,0xff,0x00,0x00,0x6e,0xe6,0x0a,0xff,0x90,0x02,0xdf,0xf3,
  0x02,0xef,0xff,0xef,0xff,0xb0,0x00,0x2b,0xff,0xff,0xf8,0x00,0x00,0x00,0x03,0x32,0x00,0x00,0x00,0x02,0x55,0x20,0x00,0x6f,0xff,0xc0,0x00,0xff,0xfe,0xb0,0x02,0xff,
  0xd0,0x00,0x03,0xff,0xc0,0x00,0xbf,0xff,0xff,0xc0,0xbf,0xff,0xff,0xc0,0x25,0xff,0xd3,0x20,0x02,0xff,0xc0,0x00,0x02,0xff,0xc0,0x00,0x02,0xff,0xc0,0x00,0x02,0xff,
  0xc0,0x00,0x02,0xff,0xc0,0x00,0x02,0xff,0xc0,0x00,0x02,0xff,0xc0,0x00,0x02,0xff,0xc0,0x00,0x00,0x00,0x00,0x00,0x05,0xff,0x60,0x00,0x00,0x14,0x43,0x2d,0xff,0x20,
  0x00,0x3c,0xff,0xff,0xff,0xc3,0x00,0x02,0xff,0xfb,0x9d,0xff,0xa0,0x00,0x09,0xff,0x60,0x00,0xdf,0xf1,0x00,0x0b,0xff,0x30,0x00,0xaf,0xf3,0x00,0x08,0xff,0x90,0x01,
  0xef,0xf1,0x00,0x01,0xdf,0xfe,0xcf,0xff,0x90,0x00,0x01,0xaf,0xff,0xff,0xd7,0x00,0x00,0x0d,0xff,0x31,0x10,0x00,0x00,0x00,0x0f,0xff,0x98,0x88,0x88,0x50,0x00,0x08,
  0xff,0xff,0xff,0xff,0xfc,0x00,0x0a,0xff,0xdd,0xdd,0xdf,0xff,0x50,0x8f,0xf5,0x00,0x00,0x08,0xff,0x70,0xaf,0xf7,0x00,0x00,0x0b,0xff,0x50,0x6f,0xff,0xff,0xff,0xff,
  0xfc,0x00,0x07,0xdf,0xff,0xff,0xfd,0x80,0x00,0x02,0x33,0x00,0x00,0x00,0x00,0x00,0x0a,0xff,0x40,0x00,0x00,0x00,0x00,0x0a,0xff,0x40,0x00,0x00,0x00,0x00,0x0a,0xff,
  0x40,0x00,0x00,0x00,0x00,0x0a,0xff,0x40,0x24,0x30,0x00,0x00,0x0a,0xff,0x5b,0xff,0xfe,0x40,0x00,0x0a,0xff,0xff,0xff,0xff,0xe0,0x00,0x0a,0xff,0xf6,0x25,0xff,0xf4,
  0x00,0x0a,0xff,0x70,0x00,0xaf,0xf5,0x00,0x0a,0xff,0x40,0x00,0x9f,0xf5,0x00,0x0a,0xff,0x40,0x00,0x9f,0xf5,0x00,0x0a,0xff,0x40,0x00,0x9f,0xf5,0x00,0x0a,0xff,0x40,
  0x00,0x9f,0xf5,0x00,0x0a,0xff,0x40,0x00,0x9f,0xf5,0x00,0x0a,0xff,0x40,0x00,0x9f,0xf5,0x00,0x0a,0xff,0x40,0x00,0x9f,0xf5,0x00,0x02,0x33,0x00,0x0a,0xff,0x40,0x0a,
  0xff,0x40,0x03,0x55,0x10,0x00,0x00,0x00,0x0a,0xff,0x40,0x0a,0xff,0x40,0x0a,0xff,0x40,0x0a,0xff,0x40,0x0a,0xff,0x40,0x0a,0xff,0x40,0x0a,0xff,0x40,0x0a,0xff,0x40,
  0x0a,0xff,0x40,0x0a,0xff,0x40,0x0a,0xff,0x40,0x00,0x23,0x30,0x00,0x00,0xaf,0xf4,0x00,0x00,0xaf,0xf4,0x00,0x00,0x35,0x51,0x00,0x00,0x00,0x00,0x00,0x00,0xaf,0xf4,
  0x00,0x00,0xaf,0xf4,0x00,0x00,0xaf,0xf4,0x00,0x00,0xaf,0xf4,0x00,0x00,0xaf,0xf4,0x00,0x00,0xaf,0xf4,0x00,0x00,0xaf,0xf4,0x00,0x00,0xaf,0xf4,0x00,0x00,0xaf,0xf4,
  0x00,0x00,0xaf,0xf4,0x00,0x00,0xaf,0xf4,0x00,0x00,0xaf,0xf4,0x00,0x35,0xef,0xf3,0x00,0xbf,0xff,0xe0,0x00,0x7e,0xfc,0x30,0x00,0x02,0x33,0x00,0x00,0x00,0x00,0x0a,
  0xff,0x40,0x00,0x00,0x00,0x0a,0xff,0x40,0x00,0x00,0x00,0x0a,0xff,0x40,0x00,0x00,0x00,0x0a,0xff,0x40,0x00,0x00,0x00,0x0a,0xff,0x40,0x05,0xff,0xe2,0x0a,0xff,0x40,
  0x3f,0xff,0x30,0x0a,0xff,0x41,0xef,0xf5,0x00,0x0a,0xff,0x5c,0xff,0x70,0x00,0x0a,0xff,0xef,0xfe,0x00,0x00,0x0a,0xff,0xff,0xff,0x70,0x00,0x0a,0xff,0xfb,0xff,0xf1,
  0x00,0x0a,0xff,0xa0,0x8f,0xfa,0x00,0x0a,0xff,0x40,0x0e,0xff,0x40,0x0a,0xff,0x40,0x06,0xff,0xd0,0x0a,0xff,0x40,0x00,0xdf,0xf7,0x02,0x33,0x00,0x0a,0xff,0x40,0x0a,
  0xff,0x40,0x0a,0xff,0x40,0x0a,0xff,0x40,0x0a,0xff,0x40,0x0a,0xff,0x40,0x0a,0xff,0x40,0x0a,0xff,0x40,0x0a,0xff,0x40,0x0a,0xff,0x40,0x0a,0xff,0x40,0x0a,0xff,0x40,
  0x0a,0xff,0x40,0x0a,0xff,0x40,0x0a,0xff,0x40,0x00,0x00,0x00,0x24,0x20,0x00,0x14,0x41,0x00,0x00,0x0a,0xfd,0x1c,0xff,0xfa,0x07,0xff,0xff,0x60,0x00,0x0a,0xff,0xdf,
  0xff,0xff,0xcf,0xff,0xff,0xf1,0x00,0x0a,0xff,0xf5,0x29,0xff,0xfb,0x23,0xef,0xf5,0x00,0x0a,0xff,0x70,0x01,0xff,0xf1,0x00,0x8f,0xf7,0x00,0x0a,0xff,0x40,0x01,0xff,
  0xd0,0x00,0x7f,0xf7,0x00,0x0a,0xff,0x40,0x01,0xff,0xd0,0x00,0x7f,0xf7,0x00,0x0a,0xff,0x40,0x01,0xff,0xd0,0x00,0x7f,0xf7,0x00,0x0a,0xff,0x40,0x01,0xff,0xd0,0x00,
  0x7f,0xf7,0x00,0x0a,0xff,0x40,0x01,0xff,0xd0,0x00,0x7f,0xf7,0x00,0x0a,0xff,0x40,0x01,0xff,0xd0,0x00,0x7f,0xf7,0x00,0x0a,0xff,0x40,0x01,0xff,0xd0,0x00,0x7f,0xf7,
  0x00,0x00,0x00,0x00,0x24,0x30,0x00,0x00,0x0a,0xfd,0x1b,0xff,0xfe,0x40,0x00,0x0a,0xff,0xdf,0xff,0xff,0xe0,0x00,0x0a,0xff,0xf6,0x25,0xff,0xf4,0x00,0x0a,0xff,0x70,
  0x00,0xaf,0xf5,0x00,0x0a,0xff,0x40,0x00,0x9f,0xf5,0x00,0x0a,0xff,0x40,0x00,0x9f,0xf5,0x00,0x0a,0xff,0x40,0x00,0x9f,0xf5,0x00,0x0a,0xff,0x40,0x00,0x9f,0xf5,0x00,
  0x0a,0xff,0x40,0x00,0x9f,0xf5,0x00,0x0a,0xff,0x40,0x00,0x9f,0xf5,0x00,0x0a,0xff,0x40,0x00,0x9f,0xf5,0x00,0x00,0x00,0x13,0x43,0x00,0x00,0x00,0x00,0x2b,0xff,0xff,
  0xfa,0x10,0x00,0x02,0xef,0xff,0xff,0xff,0xd1,0x00,0x0a,0xff,0xa1,0x02,0xcf,0xf8,0x00,0x0f,0xff,0x10,0x00,0x2f,0xfd,0x00,0x2f,0xfd,0x00,0x00,0x0f,0xff,0x00,0x3f,
  0xfc,0x00,0x00,0x0e,0xff,0x10,0x2f,0xfd,0x00,0x00,0x0f,0xff,0x00,0x0f,0xff,0x10,0x00,0x3f,0xfd,0x00,0x0a,0xff,0xb2,0x02,0xcf,0xf8,0x00,0x01,0xef,0xff,0xff,0xff,
  0xd0,0x00,0x00,0x2a,0xff,0xff,0xf9,0x10,0x00,0x00,0x00,0x03,0x32,0x00,0x00,0x00,0x00,0x00,0x00,0x24,0x30,0x00,0x00,0x0a,0xfd,0x2d,0xff,0xfd,0x30,0x00,0x0a,0xff,
  0xdf,0xff,0xff,0xf1,0x00,0x0a,0xff,0xf6,0x13,0xdf,0xf8,0x00,0x0a,0xff,0x80,0x00,0x4f,0xfc,0x00,0x0a,0xff,0x40,0x00,0x0f,0xfe,0x00,0x0a,0xff,0x30,0x00,0x0f,0xff,
  0x00,0x0a,0xff,0x40,0x00,0x1f,0xfe,0x00,0x0a,0xff,0x90,0x00,0x4f,0xfc,0x00,0x0a,0xff,0xf6,0x24,0xdf,0xf7,0x00,0x0a,0xff,0xff,0xff,0xff,0xe1,0x00,0x0a,0xff,0x5c,
  0xff,0xfd,0x30,0x00,0x0a,0xff,0x40,0x23,0x20,0x00,0x00,0x0a,0xff,0x40,0x00,0x00,0x00,0x00,0x0a,0xff,0x40,0x00,0x00,0x00,0x00,0x07,0xbb,0x30,0x00,0x00,0x00,0x00,
  0x00,0x00,0x34,0x10,0x00,0x00,0x00,0x00,0x6f,0xff,0xfb,0x1f,0xf6,0x00,0x04,0xff,0xff,0xff,0xdf,0xf6,0x00,0x0c,0xff,0xa2,0x28,0xff,0xf6,0x00,0x0f,0xff,0x00,0x00,
  0xcf,0xf6,0x00,0x2f,0xfd,0x00,0x00,0x8f,0xf6,0x00,0x3f,0xfc,0x00,0x00,0x7f,0xf6,0x00,0x2f,0xfd,0x00,0x00,0x8f,0xf6,0x00,0x0f,0xff,0x10,0x00,0xcf,0xf6,0x00,0x0b,
  0xff,0xb3,0x29,0xff,0xf6,0x00,0x03,0xff,0xff,0xff,0xff,0xf6,0x00,0x00,0x5e,0xff,0xf9,0x8f,0xf6,0x00,0x00,0x00,0x33,0x10,0x8f,0xf6,0x00,0x00,0x00,0x00,0x00,0x8f,
  0xf6,0x00,0x00,0x00,0x00,0x00,0x8f,0xf6,0x00,0x00,0x00,0x00,0x00,0x5b,0xb4,0x00,0x00,0x00,0x01,0x42,0x0a,0xfd,0x3e,0xfc,0x0a,0xff,0xcf,0xfc,0x0a,0xff,0xfd,0x96,
  0x0a,0xff,0xc0,0x00,0x0a,0xff,0x50,0x00,0x0a,0xff,0x40,0x00,0x0a,0xff,0x40,0x00,0x0a,0xff,0x40,0x00,0x0a,0xff,0x40,0x00,0x0a,0xff,0x40,0x00,0x0a,0xff,0x40,0x00,
  0x00,0x00,0x24,0x42,0x00,0x00,0x00,0x7e,0xff,0xff,0xd5,0x00,0x07,0xff,0xfd,0xef,0xff,0x30,0x0d,0xff,0x20,0x07,0xff,0x80,0x0e,0xff,0x81,0x00,0x33,0x10,0x09,0xff,
  0xff,0xd9,0x40,0x00,0x00,0x8f,0xff,0xff,0xfd,0x20,0x00,0x00,0x48,0xdf,0xff,0xb0,0x18,0x85,0x00,0x04,0xff,0xe0,0x1f,0xfe,0x20,0x04,0xff,0xc0,0x0a,0xff,0xfe,0xef,
  0xff,0x60,0x00,0x7e,0xff,0xff,0xd6,0x00,0x00,0x00,0x23,0x31,0x00,0x00,0x00,0x23,0x20,0x00,0x00,0xcf,0xa0,0x00,0x00,0xff,0xa0,0x00,0x02,0xff,0xa0,0x00,0xaf,0xff,
  0xff,0xa0,0xaf,0xff,0xff,0xa0,0x27,0xff,0xb3,0x20,0x04,0xff,0xa0,0x00,0x04,0xff,0xa0,0x00,0x04,0xff,0xa0,0x00,0x04,0xff,0xa0,0x00,0x04,0xff,0xa0,0x00,0x04,0xff,
  0xc0,0x00,0x02,0xff,0xff,0xa0,0x00,0x8f,0xff,0xa0,0x00,0x01,0x32,0x00,0x00,0x00,0x00,0x00,0x00,0x00,0x00,0x0b,0xff,0x20,0x00,0xaf,0xf4,0x00,0x0b,0xff,0x20,0x00,
  0xaf,0xf4,0x00,0x0b,0xff,0x20,0x00,0xaf,0xf4,0x00,0x0b,0xff,0x20,0x00,0xaf,0xf4,0x00,0x0b,0xff,0x20,0x00,0xaf,0xf4,0x00,0x0b,0xff,0x20,0x00,0xaf,0xf4,0x00,0x0b,
  0xff,0x20,0x00,0xaf,0xf4,0x00,0x0b,0xff,0x40,0x00,0xef,0xf4,0x00,0x0a,0xff,0xc4,0x3b,0xff,0xf4,0x00,0x05,0xff,0xff,0xff,0xcf,0xf4,0x00,0x00,0x8f,0xff,0xf7,0x2f,
  0xf4,0x00,0x00,0x00,0x33,0x00,0x00,0x00,0x00,0x00,0x00,0x00,0x00,0x00,0x00,0xbf,0xf5,0x00,0x00,0xbf,0xf3,0x5f,0xfb,0x00,0x01,0xff,0xd0,0x0f,0xff,0x10,0x06,0xff,
  0x70,0x09,0xff,0x60,0x0c,0xff,0x10,0x03,0xff,0xb0,0x1f,0xfb,0x00,0x00,0xdf,0xf1,0x6f,0xf5,0x00,0x00,0x7f,0xf5,0xbf,0xe0,0x00,0x00,0x1f,0xfb,0xff,0x90,0x00,0x00,
  0x0b,0xff,0xff,0x30,0x00,0x00,0x05,0xff,0xfd,0x00,0x00,0x00,0x00,0xff,0xf7,0x00,0x00,0x00,0x00,0x00,0x00,0x00,0x00,0x00,0x00,0x00,0xcf,0xf4,0x00,0x2f,0xff,0x20,
  0x03,0xff,0x80,0x7f,0xf8,0x00,0x6f,0xff,0x60,0x07,0xff,0x30,0x2f,0xfc,0x00,0xaf,0xff,0xa0,0x0b,0xfe,0x00,0x0d,0xff,0x00,0xef,0xdf,0xe0,0x0f,0xf9,0x00,0x08,0xff,
  0x42,0xff,0x7f,0xf2,0x3f,0xf4,0x00,0x03,0xff,0x86,0xfe,0x1f,0xf6,0x7f,0xf0,0x00,0x00,0xef,0xb9,0xfa,0x0d,0xfa,0xbf,0xa0,0x00,0x00,0x9f,0xfd,0xf6,0x09,0xfe,0xef,
  0x50,0x00,0x00,0x4f,0xff,0xf2,0x05,0xff,0xff,0x10,0x00,0x00,0x0f,0xff,0xe0,0x01,0xff,0xfb,0x00,0x00,0x00,0x0a,0xff,0xa0,0x00,0xdf,0xf6,0x00,0x00,0x00,0x00,0x00,
  0x00,0x00,0x00,0x2f,0xff,0x50,0x01,0xff,0xf3,0x06,0xff,0xe1,0x0a,0xff,0x80,0x00,0xbf,0xf9,0x5f,0xfc,0x00,0x00,0x1e,0xff,0xff,0xf2,0x00,0x00,0x05,0xff,0xff,0x60,
  0x00,0x00,0x01,0xff,0xff,0x10,0x00,0x00,0x0a,0xff,0xff,0xb0,0x00,0x00,0x5f,0xfb,0xdf,0xf6,0x00,0x02,0xff,0xf1,0x3f,0xff,0x20,0x0c,0xff,0x70,0x09,0xff,0xc0,0x7f,
  0xfc,0x00,0x00,0xef,0xf7,0x00,0x00,0x00,0x00,0x00,0x00,0xbf,0xf6,0x00,0x00,0xbf,0xf3,0x5f,0xfb,0x00,0x00,0xff,0xd0,0x0e,0xff,0x10,0x05,0xff,0x70,0x08,0xff,0x70,
  0x09,0xff,0x20,0x02,0xff,0xd0,0x0e,0xfc,0x00,0x00,0xcf,0xf3,0x3f,0xf6,0x00,0x00,0x5f,0xf8,0x8f,0xf1,0x00,0x00,0x0e,0xfc,0xcf,0xb0,0x00,0x00,0x09,0xff,0xff,0x50,
  0x00,0x00,0x02,0xff,0xff,0x00,0x00,0x00,0x00,0xcf,0xfa,0x00,0x00,0x00,0x00,0xdf,0xf3,0x00,0x00,0x04,0x5c,0xff,0xc0,0x00,0x00,0x0f,0xff,0xfe,0x20,0x00,0x00,0x0c,
  0xfe,0xa2,0x00,0x00,0x00,0x00,0x00,0x00,0x00,0x00,0x00,0x3f,0xff,0xff,0xff,0xff,0x10,0x3f,0xff,0xff,0xff,0xfd,0x00,0x03,0x33,0x38,0xff,0xf2,0x00,0x00,0x00,0x1e,
  0xff,0x60,0x00,0x00,0x00,0xcf,0xfb,0x00,0x00,0x00,0x07,0xff,0xe1,0x00,0x00,0x00,0x3f,0xff,0x40,0x00,0x00,0x00,0xdf,0xf9,0x00,0x00,0x00,0x09,0xff,0xe4,0x44,0x44,
  0x10,0x4f,0xff,0xff,0xff,0xff,0x50,0x8f,0xff,0xff,0xff,0xff,0x50,0x00,0x00,0x25,0x61,0x00,0x08,0xff,0xf2,0x00,0x2f,0xfb,0x30,0x00,0x3f,0xf3,0x00,0x00,0x4f,0xf2,
  0x00,0x00,0x4f,0xf2,0x00,0x00,0x4f,0xf1,0x00,0x00,0x4f,0xf0,0x00,0x00,0x9f,0xe0,0x00,0x2f,0xfb,0x30,0x00,0x2e,0xfd,0x40,0x00,0x00,0x8f,0xe0,0x00,0x00,0x4f,0xf0,
  0x00,0x00,0x4f,0xf1,0x00,0x00,0x4f,0xf2,0x00,0x00,0x4f,0xf2,0x00,0x00,0x3f,0xf3,0x00,0x00,0x1f,0xfc,0x50,0x00,0x07,0xff,0xf2,0x00,0x00,0x13,0x50,0x01,0x32,0x00,
  0x06,0xfb,0x00,0x06,0xfb,0x00,0x06,0xfb,0x00,0x06,0xfb,0x00,0x06,0xfb,0x00,0x06,0xfb,0x00,0x06,0xfb,0x00,0x06,0xfb,0x00,0x06,0xfb,0x00,0x06,0xfb,0x00,0x06,0xfb,
  0x00,0x06,0xfb,0x00,0x06,0xfb,0x00,0x06,0xfb,0x00,0x06,0xfb,0x00,0x06,0xfb,0x00,0x06,0xfb,0x00,0x06,0xfb,0x00,0x06,0xfb,0x00,0x00,0x11,0x00,0x06,0x53,0x00,0x00,
  0x0e,0xff,0xc0,0x00,0x03,0x8f,0xf5,0x00,0x00,0x0f,0xf7,0x00,0x00,0x0e,0xf8,0x00,0x00,0x0d,0xf8,0x00,0x00,0x0d,0xf8,0x00,0x00,0x0c,0xf8,0x00,0x00,0x09,0xfc,0x10,
  0x00,0x01,0xae,0xf6,0x00,0x02,0xcf,0xf5,0x00,0x0a,0xfb,0x00,0x00,0x0c,0xf8,0x00,0x00,0x0d,0xf8,0x00,0x00,0x0d,0xf8,0x00,0x00,0x0e,0xf8,0x00,0x00,0x0f,0xf7,0x00,
  0x04,0x9f,0xf5,0x00,0x0e,0xff,0xa0,0x00,0x04,0x41,0x00,0x00,0x00,0x00,0x10,0x00,0x00,0x00,0x00,0x01,0xaf,0xff,0x93,0x00,0x3c,0x30,0x0a,0xff,0xff,0xff,0xee,0xff,
  0x30,0x0b,0xd6,0x46,0xcf,0xff,0xfa,0x00,0x05,0x00,0x00,0x03,0x78,0x30,0x00,0x00,0x00,0x00,0x00,0x00,0x00,0x00,0x00,0x00,0x00,0x00,0x00,0x00,0x00,0x00,0x00,0x00,
  0x00,0x00,0x00,0x00,0x00,0x00,0x00,0x00,0x00,0x00,0x00,0x00,0xcd,0xc0,0x00,0x00,0xff,0xf0,0x00,0x00,0xff,0xf0,0x00,0x00,0x22,0x20,0x00,0x00,0x00,0x00,0x00,0x00,
  0x00,0x00,0x00,0x00,0x00,0x00,0x00,0x00,0x00,0x00,0x00,0x00,0x00,0x00,0x00,0xbb,0xbb,0xbb,0xbb,0xbb,0xbb,0xbb,0xbb,0xbb,0xbb,0xb0,0xff,0xff,0xff,0xff,0xff,0xff,
  0xff,0xff,0xff,0xff,0xf0,0x66,0x66,0x66,0x66,0x66,0x66,0x66,0x66,0x66,0x66,0x60,0x00,0x00,0x00,0x00,0x00,0x00,0x00,0x00,0x00,0x00,0x00,0x00,0x00,0x00,0x00,0x00,
  0x00,0x00,0x00,0x00,0x00,0x00,0x00,0x00,0x00,0x00,0x00,0x00,0x00,0x00,0x00,0x00,0x00,0x00,0x00,0x00,0x00,0x00,0x00,0x00,0x00,0x00,0x00,0x00,0x04,0xff,0xb0,0x00,
  0x5f,0xfb,0x00,0x05,0xff,0xb0,0x04,0xff,0xb0,0x00,0x5f,0xfb,0x00,0x05,0xff,0xb0,0x04,0xff,0xb0,0x00,0x5f,0xfb,0x00,0x05,0xff,0xb0,0x00,0x00,0x10,0x00,0x00,0x00,
  0x4e,0xff,0x70,0x00,0x00,0xef,0xff,0xf3,0x00,0x03,0xff,0xff,0xf8,0x00,0x02,0xff,0xff,0xf7,0x00,0x00,0xbf,0xff,0xe1,0x00,0x00,0x07,0xa8,0x10,0x00,0x00,0x00,0x00,
  0x00,0x00,0x00,0x00,0x00,0x00,0x00,0x00,0x00,0x00,0x00,0x00,0x00,0x00,0x00,0x00,0x00,0x04,0xbb,0xbb,0xbb,0xbb,0xbb,0x10,0x06,0xfa,0x55,0x55,0x55,0xdf,0x10,0x06,
  0xde,0x10,0x00,0x05,0xdf,0x10,0x06,0xa9,0xb0,0x00,0x1e,0x3f,0x10,0x06,0xa0,0xd6,0x00,0xb9,0x0f,0x10,0x06,0xa0,0x3e,0x15,0xd0,0x0f,0x10,0x06,0xa0,0x09,0xbe,0x30,
  0x0f,0x10,0x06,0xa0,0x00,0xea,0x00,0x0f,0x10,0x06,0xa0,0x05,0xee,0x10,0x0f,0x10,0x06,0xa0,0x1e,0x38,0xb0,0x0f,0x10,0x06,0xa0,0xb9,0x00,0xd6,0x0f,0x10,0x06,0xa5,
  0xd0,0x00,0x3e,0x1f,0x10,0x06,0xbe,0x40,0x00,0x08,0xbf,0x10,0x06,0xf9,0x00,0x00,0x01,0xdf,0x10,0x06,0xff,0xff,0xff,0xff,0xff,0x10,0x03,0x66,0x20,0x07,0xff,0x70,
  0x07,0xff,0x70,0x03,0x8f,0x70,0x00,0x3f,0x40,0x02,0xcd,0x00,0x09,0xa1,0x00,0x00,0x00,0x00,0x00,0x00,0x00,0x00,0x00,0x00,0x00,0x00,0x00,0x00,0x00,0x00,0x00,0x00,
  0x00,0x00,0x00,0x00,0x00,0x00,0x00,
};
const sig_font_t sigf_5 = { 0, 700, 21.0f, 19, 5, 0, 101, sigf_5_ch, sigf_5_gl, sigf_5_bmp, 9255 };
// --- disp 700 normal 22px  (38 glyphs, 4598 bytes)
static const sig_glyph_t sigf_6_gl[] = {
  {0,0,0,0,0,4},
  {0,16,16,0,-16,16},
  {128,16,16,0,-16,16},
  {256,16,17,0,-16,16},
  {392,16,16,0,-16,16},
  {520,15,16,0,-16,15},
  {648,14,16,0,-16,14},
  {760,18,17,0,-16,18},
  {913,17,16,0,-16,17},
  {1057,7,16,0,-16,7},
  {1121,13,17,0,-16,13},
  {1240,16,16,0,-16,16},
  {1368,13,16,0,-16,13},
  {1480,19,16,0,-16,19},
  {1640,17,16,0,-16,17},
  {1784,17,17,0,-16,17},
  {1937,15,16,0,-16,15},
  {2065,17,19,0,-16,17},
  {2236,16,16,0,-16,16},
  {2364,15,17,0,-16,15},
  {2500,14,16,0,-16,14},
  {2612,16,17,0,-16,16},
  {2748,16,16,0,-16,15},
  {2876,22,16,0,-16,21},
  {3052,16,16,0,-16,16},
  {3180,16,16,0,-16,15},
  {3308,14,16,0,-16,14},
  {3420,13,17,0,-16,13},
  {3539,13,16,0,-16,13},
  {3651,13,16,0,-16,13},
  {3763,13,17,0,-16,13},
  {3882,13,16,0,-16,13},
  {3994,13,17,0,-16,13},
  {4113,13,17,0,-16,13},
  {4232,13,16,0,-16,13},
  {4344,13,17,0,-16,13},
  {4463,13,17,0,-16,13},
  {4582,7,4,0,-4,7},
};
static const char sigf_6_ch[] = " ABCDEFGHIJKLMNOPQRSTUVWXYZ0123456789.";
static const uint8_t sigf_6_bmp[] = {
  0x00,0x00,0x00,0x11,0x11,0x00,0x00,0x00,0x00,0x00,0x04,0xff,0xff,0x30,0x00,0x00,0x00,0x00,0x0a,0xff,0xff,0x90,0x00,0x00,0x00,0x00,0x1f,0xff,0xff,0xf0,0x00,0x00,
  0x00,0x00,0x7f,0xf9,0xdf,0xf5,0x00,0x00,0x00,0x00,0xdf,0xf4,0x8f,0xfc,0x00,0x00,0x00,0x03,0xff,0xe0,0x2f,0xff,0x20,0x00,0x00,0x09,0xff,0x90,0x0d,0xff,0x80,0x00,
  0x00,0x0f,0xff,0x30,0x07,0xff,0xe0,0x00,0x00,0x5f,0xfd,0x00,0x01,0xff,0xf4,0x00,0x00,0xcf,0xfd,0x99,0x99,0xef,0xfa,0x00,0x02,0xff,0xff,0xff,0xff,0xff,0xff,0x10,
  0x08,0xff,0xff,0xff,0xff,0xff,0xff,0x70,0x0e,0xff,0x60,0x00,0x00,0x0a,0xff,0xd0,0x4f,0xff,0x10,0x00,0x00,0x04,0xff,0xf3,0xaf,0xfb,0x00,0x00,0x00,0x00,0xef,0xf9,
  0x00,0x11,0x11,0x11,0x11,0x10,0x00,0x00,0x05,0xff,0xff,0xff,0xff,0xff,0x90,0x00,0x05,0xff,0xff,0xff,0xff,0xff,0xfc,0x00,0x05,0xff,0xf8,0x88,0x88,0xdf,0xff,0x50,
  0x05,0xff,0xf0,0x00,0x00,0x1f,0xff,0x70,0x05,0xff,0xf0,0x00,0x00,0x0e,0xff,0x60,0x05,0xff,0xf0,0x00,0x00,0x6f,0xfe,0x10,0x05,0xff,0xff,0xff,0xff,0xff,0xd3,0x00,
  0x05,0xff,0xff,0xff,0xff,0xff,0xb2,0x00,0x05,0xff,0xf8,0x88,0x88,0xcf,0xff,0x30,0x05,0xff,0xf0,0x00,0x00,0x0b,0xff,0xb0,0x05,0xff,0xf0,0x00,0x00,0x07,0xff,0xe0,
  0x05,0xff,0xf0,0x00,0x00,0x0b,0xff,0xd0,0x05,0xff,0xfb,0xbb,0xbb,0xdf,0xff,0x90,0x05,0xff,0xff,0xff,0xff,0xff,0xfe,0x10,0x05,0xff,0xff,0xff,0xff,0xfe,0x91,0x00,
  0x00,0x00,0x00,0x25,0x54,0x20,0x00,0x00,0x00,0x00,0x8e,0xff,0xff,0xfd,0x50,0x00,0x00,0x1d,0xff,0xff,0xff,0xff,0xfa,0x00,0x00,0xcf,0xff,0xb6,0x57,0xdf,0xff,0x60,
  0x05,0xff,0xf7,0x00,0x00,0x0b,0xff,0xe0,0x0a,0xff,0xd0,0x00,0x00,0x03,0xff,0xf2,0x0d,0xff,0x80,0x00,0x00,0x00,0x99,0x91,0x0f,0xff,0x60,0x00,0x00,0x00,0x00,0x00,
  0x0f,0xff,0x60,0x00,0x00,0x00,0x00,0x00,0x0f,0xff,0x60,0x00,0x00,0x00,0x00,0x00,0x0d,0xff,0x80,0x00,0x00,0x00,0xaa,0xa2,0x0a,0xff,0xd0,0x00,0x00,0x02,0xff,0xf1,
  0x04,0xff,0xf8,0x00,0x00,0x0b,0xff,0xe0,0x00,0xcf,0xff,0xc8,0x68,0xdf,0xff,0x60,0x00,0x1d,0xff,0xff,0xff,0xff,0xf9,0x00,0x00,0x00,0x7d,0xff,0xff,0xfc,0x50,0x00,
  0x00,0x00,0x00,0x13,0x43,0x00,0x00,0x00,0x00,0x11,0x11,0x11,0x10,0x00,0x00,0x00,0x05,0xff,0xff,0xff,0xff,0xc6,0x00,0x00,0x05,0xff,0xff,0xff,0xff,0xff,0xd2,0x00,
  0x05,0xff,0xf9,0x99,0xae,0xff,0xfd,0x00,0x05,0xff,0xf0,0x00,0x00,0x7f,0xff,0x80,0x05,0xff,0xf0,0x00,0x00,0x0a,0xff,0xe0,0x05,0xff,0xf0,0x00,0x00,0x04,0xff,0xf1,
  0x05,0xff,0xf0,0x00,0x00,0x02,0xff,0xf3,0x05,0xff,0xf0,0x00,0x00,0x02,0xff,0xf4,0x05,0xff,0xf0,0x00,0x00,0x02,0xff,0xf3,0x05,0xff,0xf0,0x00,0x00,0x05,0xff,0xf1,
  0x05,0xff,0xf0,0x00,0x00,0x0b,0xff,0xd0,0x05,0xff,0xf0,0x00,0x00,0x8f,0xff,0x70,0x05,0xff,0xfb,0xbb,0xcf,0xff,0xfd,0x00,0x05,0xff,0xff,0xff,0xff,0xff,0xc1,0x00,
  0x05,0xff,0xff,0xff,0xfd,0xa5,0x00,0x00,0x00,0x11,0x11,0x11,0x11,0x11,0x11,0x00,0x05,0xff,0xff,0xff,0xff,0xff,0xfb,0x00,0x05,0xff,0xff,0xff,0xff,0xff,0xfb,0x00,
  0x05,0xff,0xf9,0x99,0x99,0x99,0x97,0x00,0x05,0xff,0xf0,0x00,0x00,0x00,0x00,0x00,0x05,0xff,0xf0,0x00,0x00,0x00,0x00,0x00,0x05,0xff,0xf0,0x00,0x00,0x00,0x00,0x00,
  0x05,0xff,0xff,0xff,0xff,0xff,0xb0,0x00,0x05,0xff,0xff,0xff,0xff,0xff,0xb0,0x00,0x05,0xff,0xfa,0xaa,0xaa,0xaa,0x70,0x00,0x05,0xff,0xf0,0x00,0x00,0x00,0x00,0x00,
  0x05,0xff,0xf0,0x00,0x00,0x00,0x00,0x00,0x05,0xff,0xf0,0x00,0x00,0x00,0x00,0x00,0x05,0xff,0xfb,0xbb,0xbb,0xbb,0xb9,0x00,0x05,0xff,0xff,0xff,0xff,0xff,0xfd,0x00,
  0x05,0xff,0xff,0xff,0xff,0xff,0xfd,0x00,0x00,0x11,0x11,0x11,0x11,0x11,0x10,0x05,0xff,0xff,0xff,0xff,0xff,0xc0,0x05,0xff,0xff,0xff,0xff,0xff,0xc0,0x05,0xff,0xf9,
  0x99,0x99,0x99,0x70,0x05,0xff,0xf0,0x00,0x00,0x00,0x00,0x05,0xff,0xf0,0x00,0x00,0x00,0x00,0x05,0xff,0xf0,0x00,0x00,0x00,0x00,0x05,0xff,0xfa,0xaa,0xaa,0xaa,0x00,
  0x05,0xff,0xff,0xff,0xff,0xff,0x00,0x05,0xff,0xff,0xff,0xff,0xff,0x00,0x05,0xff,0xf0,0x00,0x00,0x00,0x00,0x05,0xff,0xf0,0x00,0x00,0x00,0x00,0x05,0xff,0xf0,0x00,
  0x00,0x00,0x00,0x05,0xff,0xf0,0x00,0x00,0x00,0x00,0x05,0xff,0xf0,0x00,0x00,0x00,0x00,0x05,0xff,0xf0,0x00,0x00,0x00,0x00,0x00,0x00,0x00,0x14,0x55,0x41,0x00,0x00,
  0x00,0x00,0x00,0x5d,0xff,0xff,0xff,0xc5,0x00,0x00,0x00,0x0b,0xff,0xff,0xff,0xff,0xff,0xa0,0x00,0x00,0x9f,0xff,0xd8,0x55,0x8e,0xff,0xf7,0x00,0x02,0xff,0xfa,0x00,
  0x00,0x00,0xcf,0xfe,0x00,0x08,0xff,0xf1,0x00,0x00,0x00,0x4f,0xff,0x10,0x0b,0xff,0xa0,0x00,0x00,0x00,0x02,0x22,0x00,0x0d,0xff,0x80,0x00,0x12,0x22,0x22,0x22,0x00,
  0x0d,0xff,0x80,0x00,0xaf,0xff,0xff,0xff,0x20,0x0d,0xff,0x80,0x00,0xaf,0xff,0xff,0xff,0x20,0x0b,0xff,0xb0,0x00,0x35,0x55,0x6f,0xff,0x20,0x08,0xff,0xf1,0x00,0x00,
  0x00,0x4f,0xff,0x20,0x02,0xff,0xfb,0x00,0x00,0x01,0xdf,0xff,0x20,0x00,0xaf,0xff,0xe9,0x77,0xaf,0xff,0xff,0x20,0x00,0x0b,0xff,0xff,0xff,0xff,0xfb,0xff,0x20,0x00,
  0x00,0x6d,0xff,0xff,0xfc,0x41,0xff,0x20,0x00,0x00,0x00,0x13,0x43,0x10,0x00,0x00,0x00,0x00,0x11,0x10,0x00,0x00,0x00,0x11,0x10,0x00,0x05,0xff,0xf0,0x00,0x00,0x05,
  0xff,0xe0,0x00,0x05,0xff,0xf0,0x00,0x00,0x05,0xff,0xe0,0x00,0x05,0xff,0xf0,0x00,0x00,0x05,0xff,0xe0,0x00,0x05,0xff,0xf0,0x00,0x00,0x05,0xff,0xe0,0x00,0x05,0xff,
  0xf0,0x00,0x00,0x05,0xff,0xe0,0x00,0x05,0xff,0xf1,0x11,0x11,0x16,0xff,0xe0,0x00,0x05,0xff,0xff,0xff,0xff,0xff,0xff,0xe0,0x00,0x05,0xff,0xff,0xff,0xff,0xff,0xff,
  0xe0,0x00,0x05,0xff,0xfa,0xaa,0xaa,0xac,0xff,0xe0,0x00,0x05,0xff,0xf0,0x00,0x00,0x05,0xff,0xe0,0x00,0x05,0xff,0xf0,0x00,0x00,0x05,0xff,0xe0,0x00,0x05,0xff,0xf0,
  0x00,0x00,0x05,0xff,0xe0,0x00,0x05,0xff,0xf0,0x00,0x00,0x05,0xff,0xe0,0x00,0x05,0xff,0xf0,0x00,0x00,0x05,0xff,0xe0,0x00,0x05,0xff,0xf0,0x00,0x00,0x05,0xff,0xe0,
  0x00,0x00,0x11,0x10,0x00,0x05,0xff,0xf0,0x00,0x05,0xff,0xf0,0x00,0x05,0xff,0xf0,0x00,0x05,0xff,0xf0,0x00,0x05,0xff,0xf0,0x00,0x05,0xff,0xf0,0x00,0x05,0xff,0xf0,
  0x00,0x05,0xff,0xf0,0x00,0x05,0xff,0xf0,0x00,0x05,0xff,0xf0,0x00,0x05,0xff,0xf0,0x00,0x05,0xff,0xf0,0x00,0x05,0xff,0xf0,0x00,0x05,0xff,0xf0,0x00,0x05,0xff,0xf0,
  0x00,0x00,0x00,0x00,0x00,0x01,0x11,0x00,0x00,0x00,0x00,0x00,0xaf,0xfa,0x00,0x00,0x00,0x00,0x00,0xaf,0xfa,0x00,0x00,0x00,0x00,0x00,0xaf,0xfa,0x00,0x00,0x00,0x00,
  0x00,0xaf,0xfa,0x00,0x00,0x00,0x00,0x00,0xaf,0xfa,0x00,0x00,0x00,0x00,0x00,0xaf,0xfa,0x00,0x00,0x00,0x00,0x00,0xaf,0xfa,0x00,0x00,0x00,0x00,0x00,0xaf,0xfa,0x00,
  0x00,0x00,0x00,0x00,0xaf,0xfa,0x00,0x01,0x11,0x00,0x00,0xaf,0xfa,0x00,0x4f,0xff,0x00,0x00,0xbf,0xf9,0x00,0x3f,0xff,0x20,0x01,0xef,0xf7,0x00,0x0e,0xff,0xd8,0x7d,
  0xff,0xf2,0x00,0x06,0xff,0xff,0xff,0xff,0x90,0x00,0x00,0x5d,0xff,0xff,0xe7,0x00,0x00,0x00,0x00,0x13,0x42,0x00,0x00,0x00,0x00,0x11,0x10,0x00,0x00,0x01,0x11,0x10,
  0x05,0xff,0xf0,0x00,0x00,0x3f,0xff,0xc0,0x05,0xff,0xf0,0x00,0x02,0xef,0xfd,0x10,0x05,0xff,0xf0,0x00,0x2e,0xff,0xe1,0x00,0x05,0xff,0xf0,0x01,0xef,0xfe,0x20,0x00,
  0x05,0xff,0xf0,0x1d,0xff,0xe2,0x00,0x00,0x05,0xff,0xf0,0xcf,0xff,0x30,0x00,0x00,0x05,0xff,0xfc,0xff,0xfe,0x10,0x00,0x00,0x05,0xff,0xff,0xff,0xff,0x90,0x00,0x00,
  0x05,0xff,0xff,0xfa,0xff,0xf4,0x00,0x00,0x05,0xff,0xfe,0x20,0xdf,0xfe,0x00,0x00,0x05,0xff,0xf2,0x00,0x3f,0xff,0x90,0x00,0x05,0xff,0xf0,0x00,0x09,0xff,0xf3,0x00,
  0x05,0xff,0xf0,0x00,0x01,0xef,0xfd,0x00,0x05,0xff,0xf0,0x00,0x00,0x5f,0xff,0x80,0x05,0xff,0xf0,0x00,0x00,0x0b,0xff,0xf3,0x00,0x11,0x10,0x00,0x00,0x00,0x00,0x05,
  0xff,0xf0,0x00,0x00,0x00,0x00,0x05,0xff,0xf0,0x00,0x00,0x00,0x00,0x05,0xff,0xf0,0x00,0x00,0x00,0x00,0x05,0xff,0xf0,0x00,0x00,0x00,0x00,0x05,0xff,0xf0,0x00,0x00,
  0x00,0x00,0x05,0xff,0xf0,0x00,0x00,0x00,0x00,0x05,0xff,0xf0,0x00,0x00,0x00,0x00,0x05,0xff,0xf0,0x00,0x00,0x00,0x00,0x05,0xff,0xf0,0x00,0x00,0x00,0x00,0x05,0xff,
  0xf0,0x00,0x00,0x00,0x00,0x05,0xff,0xf0,0x00,0x00,0x00,0x00,0x05,0xff,0xf0,0x00,0x00,0x00,0x00,0x05,0xff,0xfc,0xcc,0xcc,0xcc,0x70,0x05,0xff,0xff,0xff,0xff,0xff,
  0x90,0x05,0xff,0xff,0xff,0xff,0xff,0x90,0x00,0x11,0x11,0x10,0x00,0x00,0x01,0x11,0x10,0x00,0x05,0xff,0xff,0xd0,0x00,0x00,0x8f,0xff,0xf8,0x00,0x05,0xff,0xff,0xf1,
  0x00,0x00,0xdf,0xff,0xf8,0x00,0x05,0xff,0xff,0xf6,0x00,0x01,0xff,0xff,0xf8,0x00,0x05,0xff,0xcf,0xfa,0x00,0x06,0xff,0xcf,0xf8,0x00,0x05,0xff,0xad,0xff,0x00,0x0a,
  0xfd,0xbf,0xf8,0x00,0x05,0xff,0xba,0xff,0x30,0x0f,0xf9,0xbf,0xf8,0x00,0x05,0xff,0xb5,0xff,0x80,0x3f,0xf5,0xbf,0xf8,0x00,0x05,0xff,0xc1,0xff,0xc0,0x8f,0xf1,0xbf,
  0xf8,0x00,0x05,0xff,0xc0,0xcf,0xf1,0xcf,0xc0,0xbf,0xf8,0x00,0x05,0xff,0xc0,0x7f,0xf5,0xff,0x70,0xbf,0xf8,0x00,0x05,0xff,0xc0,0x3f,0xfc,0xff,0x30,0xbf,0xf8,0x00,
  0x05,0xff,0xc0,0x0e,0xff,0xfe,0x00,0xbf,0xf8,0x00,0x05,0xff,0xc0,0x0a,0xff,0xfa,0x00,0xbf,0xf8,0x00,0x05,0xff,0xc0,0x05,0xff,0xf5,0x00,0xbf,0xf8,0x00,0x05,0xff,
  0xc0,0x01,0xff,0xf1,0x00,0xbf,0xf8,0x00,0x00,0x11,0x10,0x00,0x00,0x00,0x11,0x10,0x00,0x05,0xff,0xf2,0x00,0x00,0x03,0xff,0xe0,0x00,0x05,0xff,0xfd,0x00,0x00,0x03,
  0xff,0xe0,0x00,0x05,0xff,0xff,0xa0,0x00,0x03,0xff,0xe0,0x00,0x05,0xff,0xff,0xf5,0x00,0x03,0xff,0xe0,0x00,0x05,0xff,0xff,0xff,0x20,0x03,0xff,0xe0,0x00,0x05,0xff,
  0xef,0xff,0xd0,0x03,0xff,0xe0,0x00,0x05,0xff,0xc6,0xff,0xf9,0x03,0xff,0xe0,0x00,0x05,0xff,0xc0,0xaf,0xff,0x53,0xff,0xe0,0x00,0x05,0xff,0xc0,0x0d,0xff,0xf5,0xff,
  0xe0,0x00,0x05,0xff,0xc0,0x03,0xff,0xfe,0xff,0xe0,0x00,0x05,0xff,0xc0,0x00,0x7f,0xff,0xff,0xe0,0x00,0x05,0xff,0xc0,0x00,0x0b,0xff,0xff,0xe0,0x00,0x05,0xff,0xc0,
  0x00,0x01,0xef,0xff,0xe0,0x00,0x05,0xff,0xc0,0x00,0x00,0x3f,0xff,0xe0,0x00,0x05,0xff,0xc0,0x00,0x00,0x07,0xff,0xe0,0x00,0x00,0x00,0x00,0x24,0x55,0x30,0x00,0x00,
  0x00,0x00,0x00,0x7d,0xff,0xff,0xff,0xa2,0x00,0x00,0x00,0x1c,0xff,0xff,0xff,0xff,0xff,0x50,0x00,0x00,0xbf,0xff,0xc7,0x56,0x9f,0xff,0xf3,0x00,0x04,0xff,0xf8,0x00,
  0x00,0x02,0xef,0xfb,0x00,0x0a,0xff,0xd0,0x00,0x00,0x00,0x6f,0xff,0x10,0x0d,0xff,0x80,0x00,0x00,0x00,0x1f,0xff,0x40,0x0f,0xff,0x60,0x00,0x00,0x00,0x0f,0xff,0x60,
  0x0f,0xff,0x60,0x00,0x00,0x00,0x0e,0xff,0x70,0x0f,0xff,0x60,0x00,0x00,0x00,0x0f,0xff,0x60,0x0d,0xff,0x90,0x00,0x00,0x00,0x1f,0xff,0x40,0x09,0xff,0xe0,0x00,0x00,
  0x00,0x7f,0xff,0x00,0x03,0xff,0xfa,0x00,0x00,0x04,0xff,0xfa,0x00,0x00,0xaf,0xff,0xd8,0x67,0xbf,0xff,0xf2,0x00,0x00,0x0b,0xff,0xff,0xff,0xff,0xfe,0x40,0x00,0x00,
  0x00,0x5c,0xff,0xff,0xfe,0x91,0x00,0x00,0x00,0x00,0x00,0x03,0x43,0x10,0x00,0x00,0x00,0x00,0x11,0x11,0x11,0x11,0x00,0x00,0x00,0x05,0xff,0xff,0xff,0xff,0xfc,0x40,
  0x00,0x05,0xff,0xff,0xff,0xff,0xff,0xf6,0x00,0x05,0xff,0xf9,0x99,0x9a,0xff,0xff,0x00,0x05,0xff,0xf0,0x00,0x00,0x3f,0xff,0x50,0x05,0xff,0xf0,0x00,0x00,0x0e,0xff,
  0x70,0x05,0xff,0xf0,0x00,0x00,0x0f,0xff,0x60,0x05,0xff,0xf0,0x00,0x00,0x8f,0xff,0x30,0x05,0xff,0xff,0xff,0xff,0xff,0xfc,0x00,0x05,0xff,0xff,0xff,0xff,0xff,0xd2,
  0x00,0x05,0xff,0xfb,0xbb,0xbb,0xa6,0x00,0x00,0x05,0xff,0xf0,0x00,0x00,0x00,0x00,0x00,0x05,0xff,0xf0,0x00,0x00,0x00,0x00,0x00,0x05,0xff,0xf0,0x00,0x00,0x00,0x00,
  0x00,0x05,0xff,0xf0,0x00,0x00,0x00,0x00,0x00,0x05,0xff,0xf0,0x00,0x00,0x00,0x00,0x00,0x00,0x00,0x00,0x24,0x55,0x30,0x00,0x00,0x00,0x00,0x00,0x7d,0xff,0xff,0xff,
  0xa2,0x00,0x00,0x00,0x1c,0xff,0xff,0xff,0xff,0xff,0x50,0x00,0x00,0xbf,0xff,0xc7,0x56,0x9f,0xff,0xf3,0x00,0x04,0xff,0xf8,0x00,0x00,0x02,0xef,0xfb,0x00,0x0a,0xff,
  0xd0,0x00,0x00,0x00,0x6f,0xff,0x10,0x0d,0xff,0x80,0x00,0x00,0x00,0x1f,0xff,0x40,0x0f,0xff,0x60,0x00,0x00,0x00,0x0f,0xff,0x60,0x0f,0xff,0x60,0x00,0x00,0x00,0x0e,
  0xff,0x70,0x0f,0xff,0x60,0x00,0x00,0x00,0x0f,0xff,0x60,0x0d,0xff,0x90,0x00,0x00,0x00,0x1f,0xff,0x40,0x09,0xff,0xe0,0x00,0x00,0x00,0x7f,0xff,0x10,0x03,0xff,0xfa,
  0x00,0x00,0x04,0xff,0xfa,0x00,0x00,0xaf,0xff,0xd8,0x67,0xbf,0xff,0xf2,0x00,0x00,0x0b,0xff,0xff,0xff,0xff,0xfe,0x30,0x00,0x00,0x00,0x5c,0xff,0xff,0xff,0xd1,0x00,
  0x00,0x00,0x00,0x00,0x13,0x48,0xff,0xf8,0x00,0x00,0x00,0x00,0x00,0x00,0x00,0x9f,0xff,0x90,0x00,0x00,0x00,0x00,0x00,0x00,0x09,0xdd,0xd7,0x00,0x00,0x11,0x11,0x11,
  0x11,0x10,0x00,0x00,0x05,0xff,0xff,0xff,0xff,0xfe,0x91,0x00,0x05,0xff,0xff,0xff,0xff,0xff,0xfd,0x10,0x05,0xff,0xf9,0x99,0x99,0xcf,0xff,0x80,0x05,0xff,0xf0,0x00,
  0x00,0x0b,0xff,0xd0,0x05,0xff,0xf0,0x00,0x00,0x06,0xff,0xe0,0x05,0xff,0xf0,0x00,0x00,0x08,0xff,0xd0,0x05,0xff,0xf1,0x11,0x11,0x5f,0xff,0x90,0x05,0xff,0xff,0xff,
  0xff,0xff,0xff,0x20,0x05,0xff,0xff,0xff,0xff,0xff,0xd3,0x00,0x05,0xff,0xf8,0x88,0x8d,0xff,0xa0,0x00,0x05,0xff,0xf0,0x00,0x05,0xff,0xf2,0x00,0x05,0xff,0xf0,0x00,
  0x00,0xdf,0xfa,0x00,0x05,0xff,0xf0,0x00,0x00,0x6f,0xff,0x20,0x05,0xff,0xf0,0x00,0x00,0x0e,0xff,0xa0,0x05,0xff,0xf0,0x00,0x00,0x06,0xff,0xf3,0x00,0x00,0x02,0x55,
  0x52,0x00,0x00,0x00,0x00,0x08,0xef,0xff,0xff,0xe7,0x00,0x00,0x00,0xcf,0xff,0xff,0xff,0xff,0xb0,0x00,0x06,0xff,0xfa,0x53,0x5b,0xff,0xf4,0x00,0x0a,0xff,0xb0,0x00,
  0x00,0xcf,0xf8,0x00,0x0a,0xff,0xe2,0x00,0x00,0x35,0x53,0x00,0x06,0xff,0xff,0xa6,0x20,0x00,0x00,0x00,0x00,0xbf,0xff,0xff,0xfd,0x82,0x00,0x00,0x00,0x06,0xef,0xff,
  0xff,0xff,0x80,0x00,0x00,0x00,0x03,0x8c,0xff,0xff,0xf7,0x00,0x00,0x00,0x00,0x00,0x17,0xff,0xfd,0x00,0x0e,0xee,0x30,0x00,0x00,0x7f,0xff,0x00,0x0e,0xff,0x90,0x00,
  0x00,0x8f,0xfe,0x00,0x09,0xff,0xfb,0x76,0x7b,0xff,0xf9,0x00,0x00,0xcf,0xff,0xff,0xff,0xff,0xd1,0x00,0x00,0x07,0xdf,0xff,0xff,0xe8,0x00,0x00,0x00,0x00,0x01,0x34,
  0x31,0x00,0x00,0x00,0x01,0x11,0x11,0x11,0x11,0x11,0x10,0x7f,0xff,0xff,0xff,0xff,0xff,0xf8,0x7f,0xff,0xff,0xff,0xff,0xff,0xf8,0x4a,0xaa,0xad,0xff,0xea,0xaa,0xa5,
  0x00,0x00,0x09,0xff,0xb0,0x00,0x00,0x00,0x00,0x09,0xff,0xb0,0x00,0x00,0x00,0x00,0x09,0xff,0xb0,0x00,0x00,0x00,0x00,0x09,0xff,0xb0,0x00,0x00,0x00,0x00,0x09,0xff,
  0xb0,0x00,0x00,0x00,0x00,0x09,0xff,0xb0,0x00,0x00,0x00,0x00,0x09,0xff,0xb0,0x00,0x00,0x00,0x00,0x09,0xff,0xb0,0x00,0x00,0x00,0x00,0x09,0xff,0xb0,0x00,0x00,0x00,
  0x00,0x09,0xff,0xb0,0x00,0x00,0x00,0x00,0x09,0xff,0xb0,0x00,0x00,0x00,0x00,0x09,0xff,0xb0,0x00,0x00,0x00,0x11,0x10,0x00,0x00,0x00,0x11,0x10,0x06,0xff,0xe0,0x00,
  0x00,0x07,0xff,0xd0,0x06,0xff,0xe0,0x00,0x00,0x07,0xff,0xd0,0x06,0xff,0xe0,0x00,0x00,0x07,0xff,0xd0,0x06,0xff,0xe0,0x00,0x00,0x07,0xff,0xd0,0x06,0xff,0xe0,0x00,
  0x00,0x07,0xff,0xd0,0x06,0xff,0xe0,0x00,0x00,0x07,0xff,0xd0,0x06,0xff,0xe0,0x00,0x00,0x07,0xff,0xd0,0x06,0xff,0xe0,0x00,0x00,0x07,0xff,0xd0,0x06,0xff,0xe0,0x00,
  0x00,0x07,0xff,0xd0,0x06,0xff,0xe0,0x00,0x00,0x07,0xff,0xd0,0x05,0xff,0xf1,0x00,0x00,0x0a,0xff,0xb0,0x01,0xff,0xf9,0x00,0x00,0x3f,0xff,0x80,0x00,0xaf,0xff,0xc7,
  0x79,0xff,0xff,0x20,0x00,0x1d,0xff,0xff,0xff,0xff,0xf5,0x00,0x00,0x00,0x8e,0xff,0xff,0xfb,0x30,0x00,0x00,0x00,0x00,0x23,0x43,0x00,0x00,0x00,0x11,0x11,0x00,0x00,
  0x00,0x00,0x11,0x10,0x8f,0xff,0x00,0x00,0x00,0x09,0xff,0xd0,0x2f,0xff,0x50,0x00,0x00,0x0e,0xff,0x70,0x0c,0xff,0xa0,0x00,0x00,0x4f,0xff,0x10,0x07,0xff,0xf0,0x00,
  0x00,0x9f,0xfb,0x00,0x01,0xff,0xf5,0x00,0x00,0xef,0xf5,0x00,0x00,0xbf,0xfb,0x00,0x04,0xff,0xf0,0x00,0x00,0x5f,0xff,0x00,0x09,0xff,0xa0,0x00,0x00,0x0f,0xff,0x60,
  0x0e,0xff,0x40,0x00,0x00,0x0a,0xff,0xb0,0x4f,0xfe,0x00,0x00,0x00,0x04,0xff,0xf1,0x9f,0xf8,0x00,0x00,0x00,0x00,0xef,0xf6,0xef,0xf2,0x00,0x00,0x00,0x00,0x8f,0xfe,
  0xff,0xd0,0x00,0x00,0x00,0x00,0x2f,0xff,0xff,0x70,0x00,0x00,0x00,0x00,0x0d,0xff,0xff,0x10,0x00,0x00,0x00,0x00,0x07,0xff,0xfb,0x00,0x00,0x00,0x11,0x11,0x00,0x00,
  0x01,0x11,0x10,0x00,0x00,0x11,0x10,0xaf,0xfd,0x00,0x00,0x6f,0xff,0xc0,0x00,0x04,0xff,0xd0,0x6f,0xff,0x10,0x00,0x9f,0xff,0xf0,0x00,0x08,0xff,0x90,0x1f,0xff,0x40,
  0x00,0xdf,0xff,0xf4,0x00,0x0c,0xff,0x50,0x0d,0xff,0x80,0x01,0xff,0xef,0xf8,0x00,0x0f,0xff,0x10,0x09,0xff,0xc0,0x04,0xff,0x9f,0xfb,0x00,0x4f,0xfc,0x00,0x05,0xff,
  0xf0,0x08,0xff,0x4f,0xff,0x00,0x7f,0xf8,0x00,0x01,0xff,0xf4,0x0c,0xff,0x0c,0xff,0x30,0xbf,0xf4,0x00,0x00,0xcf,0xf8,0x0f,0xfc,0x08,0xff,0x70,0xff,0xf0,0x00,0x00,
  0x8f,0xfc,0x3f,0xf8,0x04,0xff,0xa3,0xff,0xb0,0x00,0x00,0x4f,0xff,0x6f,0xf5,0x00,0xff,0xe7,0xff,0x70,0x00,0x00,0x0f,0xff,0xbf,0xf1,0x00,0xcf,0xfb,0xff,0x30,0x00,
  0x00,0x0c,0xff,0xff,0xd0,0x00,0x8f,0xff,0xff,0x00,0x00,0x00,0x08,0xff,0xff,0x90,0x00,0x5f,0xff,0xfb,0x00,0x00,0x00,0x03,0xff,0xff,0x50,0x00,0x1f,0xff,0xf6,0x00,
  0x00,0x00,0x00,0xff,0xff,0x20,0x00,0x0d,0xff,0xf2,0x00,0x00,0x01,0x11,0x10,0x00,0x00,0x01,0x11,0x10,0x0d,0xff,0xf2,0x00,0x00,0x5f,0xff,0x60,0x03,0xff,0xfc,0x00,
  0x01,0xef,0xfb,0x00,0x00,0x8f,0xff,0x60,0x09,0xff,0xf1,0x00,0x00,0x0c,0xff,0xf2,0x4f,0xff,0x50,0x00,0x00,0x02,0xff,0xfc,0xdf,0xfa,0x00,0x00,0x00,0x00,0x7f,0xff,
  0xff,0xe1,0x00,0x00,0x00,0x00,0x0c,0xff,0xff,0x40,0x00,0x00,0x00,0x00,0x0a,0xff,0xff,0x30,0x00,0x00,0x00,0x00,0x5f,0xff,0xff,0xd0,0x00,0x00,0x00,0x01,0xff,0xfb,
  0xff,0xf9,0x00,0x00,0x00,0x0b,0xff,0xd0,0x9f,0xff,0x40,0x00,0x00,0x6f,0xff,0x30,0x0e,0xff,0xe0,0x00,0x02,0xff,0xf9,0x00,0x04,0xff,0xf9,0x00,0x0c,0xff,0xe0,0x00,
  0x00,0xaf,0xff,0x40,0x7f,0xff,0x40,0x00,0x00,0x1e,0xff,0xe1,0x11,0x11,0x00,0x00,0x00,0x00,0x11,0x10,0x6f,0xff,0x50,0x00,0x00,0x0c,0xff,0xc0,0x0c,0xff,0xe1,0x00,
  0x00,0x6f,0xff,0x20,0x02,0xff,0xf9,0x00,0x01,0xef,0xf7,0x00,0x00,0x7f,0xff,0x30,0x09,0xff,0xd0,0x00,0x00,0x0c,0xff,0xd0,0x3f,0xff,0x30,0x00,0x00,0x03,0xff,0xf7,
  0xdf,0xf8,0x00,0x00,0x00,0x00,0x8f,0xff,0xff,0xd0,0x00,0x00,0x00,0x00,0x0d,0xff,0xff,0x40,0x00,0x00,0x00,0x00,0x03,0xff,0xf9,0x00,0x00,0x00,0x00,0x00,0x00,0xff,
  0xf5,0x00,0x00,0x00,0x00,0x00,0x00,0xff,0xf5,0x00,0x00,0x00,0x00,0x00,0x00,0xff,0xf5,0x00,0x00,0x00,0x00,0x00,0x00,0xff,0xf5,0x00,0x00,0x00,0x00,0x00,0x00,0xff,
  0xf5,0x00,0x00,0x00,0x00,0x00,0x00,0xff,0xf5,0x00,0x00,0x00,0x01,0x11,0x11,0x11,0x11,0x11,0x10,0x0d,0xff,0xff,0xff,0xff,0xff,0xf6,0x0d,0xff,0xff,0xff,0xff,0xff,
  0xf3,0x07,0x99,0x99,0x99,0xef,0xff,0x80,0x00,0x00,0x00,0x03,0xff,0xfc,0x00,0x00,0x00,0x00,0x0d,0xff,0xf2,0x00,0x00,0x00,0x00,0x9f,0xff,0x60,0x00,0x00,0x00,0x05,
  0xff,0xfb,0x00,0x00,0x00,0x00,0x1e,0xff,0xe1,0x00,0x00,0x00,0x00,0xbf,0xff,0x40,0x00,0x00,0x00,0x07,0xff,0xf8,0x00,0x00,0x00,0x00,0x3f,0xff,0xd0,0x00,0x00,0x00,
  0x00,0xdf,0xff,0x20,0x00,0x00,0x00,0x09,0xff,0xfe,0xbb,0xbb,0xbb,0xb6,0x4f,0xff,0xff,0xff,0xff,0xff,0xf9,0x6f,0xff,0xff,0xff,0xff,0xff,0xf9,0x00,0x00,0x14,0x54,
  0x10,0x00,0x00,0x00,0x09,0xff,0xff,0xfa,0x10,0x00,0x00,0xaf,0xff,0xff,0xff,0xb0,0x00,0x03,0xff,0xf4,0x03,0xef,0xf4,0x00,0x08,0xff,0x80,0x00,0x7f,0xf9,0x00,0x0b,
  0xff,0x40,0x00,0x3f,0xfd,0x00,0x0d,0xff,0x30,0x00,0x1f,0xff,0x00,0x0e,0xff,0x20,0x00,0x1f,0xff,0x00,0x0f,0xff,0x20,0x00,0x1f,0xff,0x00,0x0e,0xff,0x20,0x00,0x1f,
  0xff,0x00,0x0d,0xff,0x30,0x00,0x1f,0xfe,0x00,0x0b,0xff,0x40,0x00,0x3f,0xfc,0x00,0x07,0xff,0x80,0x00,0x7f,0xf9,0x00,0x02,0xff,0xf5,0x25,0xef,0xf4,0x00,0x00,0x9f,
  0xff,0xff,0xff,0xa0,0x00,0x00,0x08,0xff,0xff,0xf9,0x00,0x00,0x00,0x00,0x02,0x43,0x00,0x00,0x00,0x00,0x00,0x00,0x01,0x10,0x00,0x00,0x00,0x00,0x02,0x9f,0xe0,0x00,
  0x00,0x00,0x37,0xcf,0xff,0xe0,0x00,0x00,0x00,0xdf,0xff,0xff,0xe0,0x00,0x00,0x00,0x8a,0xab,0xff,0xe0,0x00,0x00,0x00,0x00,0x03,0xff,0xe0,0x00,0x00,0x00,0x00,0x03,
  0xff,0xe0,0x00,0x00,0x00,0x00,0x03,0xff,0xe0,0x00,0x00,0x00,0x00,0x03,0xff,0xe0,0x00,0x00,0x00,0x00,0x03,0xff,0xe0,0x00,0x00,0x00,0x00,0x03,0xff,0xe0,0x00,0x00,
  0x00,0x00,0x03,0xff,0xe0,0x00,0x00,0x00,0x00,0x03,0xff,0xe0,0x00,0x00,0x00,0x67,0x79,0xff,0xf7,0x77,0x10,0x00,0xcf,0xff,0xff,0xff,0xff,0x40,0x00,0xcf,0xff,0xff,
  0xff,0xff,0x40,0x00,0x00,0x03,0x55,0x20,0x00,0x00,0x00,0x19,0xff,0xff,0xfd,0x30,0x00,0x00,0xcf,0xff,0xff,0xff,0xf2,0x00,0x06,0xff,0xe4,0x13,0xcf,0xfa,0x00,0x0a,
  0xff,0x60,0x00,0x3f,0xfe,0x00,0x0b,0xff,0x40,0x00,0x3f,0xff,0x00,0x01,0x22,0x00,0x00,0x9f,0xfc,0x00,0x00,0x00,0x00,0x05,0xff,0xf5,0x00,0x00,0x00,0x00,0x7f,0xff,
  0xa0,0x00,0x00,0x00,0x1b,0xff,0xfa,0x00,0x00,0x00,0x02,0xdf,0xff,0x70,0x00,0x00,0x00,0x3f,0xff,0xd3,0x00,0x00,0x00,0x01,0xef,0xfa,0x00,0x00,0x00,0x00,0x08,0xff,
  0xfb,0xbb,0xbb,0xbb,0x00,0x0d,0xff,0xff,0xff,0xff,0xff,0x10,0x0e,0xff,0xff,0xff,0xff,0xff,0x10,0x00,0x00,0x14,0x54,0x20,0x00,0x00,0x00,0x1a,0xff,0xff,0xfc,0x20,
  0x00,0x00,0xdf,0xff,0xff,0xff,0xf1,0x00,0x07,0xff,0xd3,0x03,0xdf,0xf9,0x00,0x0a,0xff,0x50,0x00,0x6f,0xfb,0x00,0x03,0x55,0x10,0x00,0x6f,0xfa,0x00,0x00,0x00,0x00,
  0x01,0xdf,0xf4,0x00,0x00,0x00,0x0b,0xdf,0xff,0x70,0x00,0x00,0x00,0x0d,0xff,0xfc,0x30,0x00,0x00,0x00,0x06,0x79,0xff,0xf4,0x00,0x00,0x00,0x00,0x00,0x5f,0xfd,0x00,
  0x09,0x98,0x00,0x00,0x0f,0xff,0x10,0x0f,0xff,0x10,0x00,0x2f,0xff,0x00,0x0a,0xff,0xc3,0x24,0xdf,0xfc,0x00,0x02,0xef,0xff,0xff,0xff,0xf3,0x00,0x00,0x2a,0xff,0xff,
  0xfb,0x20,0x00,0x00,0x00,0x03,0x43,0x00,0x00,0x00,0x00,0x00,0x15,0x54,0x00,0x00,0x00,0x00,0x00,0x8f,0xfa,0x00,0x00,0x00,0x00,0x00,0xcf,0xf5,0x04,0x20,0x00,0x00,
  0x02,0xff,0xe0,0x3f,0x70,0x00,0x00,0x08,0xff,0x80,0x9f,0x70,0x00,0x00,0x0e,0xff,0x11,0xff,0x70,0x00,0x00,0x5f,0xf8,0x07,0xff,0x70,0x00,0x00,0xdf,0xe1,0x09,0xff,
  0x70,0x00,0x05,0xff,0x60,0x09,0xff,0x70,0x00,0x0d,0xfc,0x00,0x09,0xff,0x70,0x00,0x5f,0xfd,0xbb,0xbe,0xff,0xdb,0x40,0x5f,0xff,0xff,0xff,0xff,0xff,0x60,0x4b,0xbb,
  0xbb,0xbd,0xff,0xdb,0x40,0x00,0x00,0x00,0x09,0xff,0x70,0x00,0x00,0x00,0x00,0x09,0xff,0x70,0x00,0x00,0x00,0x00,0x09,0xff,0x70,0x00,0x00,0x11,0x11,0x11,0x11,0x10,
  0x00,0x00,0xef,0xff,0xff,0xff,0xf3,0x00,0x00,0xff,0xff,0xff,0xff,0xf3,0x00,0x00,0xff,0xe9,0x99,0x99,0x92,0x00,0x02,0xff,0x90,0x00,0x00,0x00,0x00,0x03,0xff,0x80,
  0x00,0x00,0x00,0x00,0x04,0xff,0x98,0xcd,0xc7,0x00,0x00,0x05,0xff,0xff,0xff,0xff,0xc0,0x00,0x06,0xff,0xfa,0x7a,0xff,0xf8,0x00,0x02,0x68,0x50,0x00,0x7f,0xfe,0x00,
  0x00,0x00,0x00,0x00,0x1f,0xff,0x00,0x0b,0xbb,0x00,0x00,0x1f,0xff,0x00,0x0e,0xff,0x30,0x00,0x5f,0xfe,0x00,0x08,0xff,0xd4,0x15,0xef,0xf8,0x00,0x01,0xdf,0xff,0xff,
  0xff,0xd1,0x00,0x00,0x19,0xff,0xff,0xf9,0x10,0x00,0x00,0x00,0x03,0x43,0x00,0x00,0x00,0x00,0x00,0x04,0x55,0x20,0x00,0x00,0x00,0x07,0xff,0xff,0xfb,0x10,0x00,0x00,
  0x7f,0xff,0xff,0xff,0xd0,0x00,0x01,0xff,0xf4,0x02,0xdf,0xf6,0x00,0x06,0xff,0x90,0x00,0x5f,0xfa,0x00,0x0a,0xff,0x50,0x00,0x16,0x64,0x00,0x0c,0xff,0x33,0x9a,0x95,
  0x00,0x00,0x0e,0xff,0xcf,0xff,0xff,0xb0,0x00,0x0e,0xff,0xfd,0x9b,0xff,0xf9,0x00,0x0e,0xff,0xc0,0x00,0x5f,0xff,0x00,0x0d,0xff,0x60,0x00,0x0f,0xff,0x20,0x0b,0xff,
  0x50,0x00,0x0e,0xff,0x30,0x07,0xff,0x90,0x00,0x1f,0xff,0x00,0x02,0xff,0xf6,0x23,0xcf,0xfb,0x00,0x00,0x7f,0xff,0xff,0xff,0xe2,0x00,0x00,0x06,0xef,0xff,0xfb,0x20,
  0x00,0x00,0x00,0x02,0x43,0x10,0x00,0x00,0x01,0x11,0x11,0x11,0x11,0x11,0x00,0x0f,0xff,0xff,0xff,0xff,0xff,0x30,0x0f,0xff,0xff,0xff,0xff,0xff,0x20,0x0a,0xaa,0xaa,
  0xaa,0xef,0xf9,0x00,0x00,0x00,0x00,0x03,0xff,0xc0,0x00,0x00,0x00,0x00,0x1e,0xff,0x20,0x00,0x00,0x00,0x00,0x9f,0xf7,0x00,0x00,0x00,0x00,0x03,0xff,0xd0,0x00,0x00,
  0x00,0x00,0x0c,0xff,0x50,0x00,0x00,0x00,0x00,0x3f,0xfd,0x00,0x00,0x00,0x00,0x00,0xaf,0xf7,0x00,0x00,0x00,0x00,0x00,0xff,0xf2,0x00,0x00,0x00,0x00,0x04,0xff,0xd0,
  0x00,0x00,0x00,0x00,0x07,0xff,0xb0,0x00,0x00,0x00,0x00,0x0a,0xff,0xa0,0x00,0x00,0x00,0x00,0x0b,0xff,0xa0,0x00,0x00,0x00,0x00,0x00,0x14,0x54,0x10,0x00,0x00,0x00,
  0x1a,0xff,0xff,0xfb,0x10,0x00,0x00,0xdf,0xff,0xff,0xff,0xe1,0x00,0x06,0xff,0xd2,0x02,0xcf,0xf7,0x00,0x09,0xff,0x60,0x00,0x4f,0xfb,0x00,0x08,0xff,0x60,0x00,0x4f,
  0xfa,0x00,0x04,0xff,0xc1,0x01,0xbf,0xf5,0x00,0x00,0x9f,0xff,0xef,0xff,0xa0,0x00,0x00,0x3e,0xff,0xff,0xff,0x40,0x00,0x04,0xff,0xf9,0x79,0xff,0xf5,0x00,0x0d,0xff,
  0x60,0x00,0x4f,0xfe,0x00,0x0f,0xff,0x10,0x00,0x0f,0xff,0x10,0x0f,0xff,0x30,0x00,0x2f,0xff,0x10,0x0b,0xff,0xd4,0x13,0xcf,0xfd,0x00,0x03,0xff,0xff,0xff,0xff,0xf4,
  0x00,0x00,0x2b,0xff,0xff,0xfc,0x30,0x00,0x00,0x00,0x03,0x43,0x10,0x00,0x00,0x00,0x00,0x24,0x54,0x10,0x00,0x00,0x00,0x2b,0xff,0xff,0xf9,0x00,0x00,0x02,0xef,0xff,
  0xff,0xff,0xb0,0x00,0x0a,0xff,0xc2,0x04,0xef,0xf4,0x00,0x0f,0xff,0x30,0x00,0x7f,0xfa,0x00,0x1f,0xff,0x00,0x00,0x4f,0xfd,0x00,0x0f,0xff,0x10,0x00,0x5f,0xff,0x00,
  0x0d,0xff,0x90,0x00,0xcf,0xff,0x00,0x06,0xff,0xfd,0xbe,0xff,0xff,0x00,0x00,0x8f,0xff,0xff,0xbf,0xff,0x00,0x00,0x02,0x78,0x73,0x2f,0xfe,0x00,0x05,0x88,0x30,0x00,
  0x4f,0xfb,0x00,0x08,0xff,0x80,0x00,0x8f,0xf7,0x00,0x04,0xff,0xe4,0x25,0xff,0xf2,0x00,0x00,0xbf,0xff,0xff,0xff,0x80,0x00,0x00,0x09,0xff,0xff,0xe7,0x00,0x00,0x00,
  0x00,0x03,0x42,0x00,0x00,0x00,0x00,0x22,0x20,0x00,0x03,0xff,0xf0,0x00,0x03,0xff,0xf0,0x00,0x03,0xff,0xf0,0x00,
};
const sig_font_t sigf_6 = { 0, 700, 22.0f, 20, 5, 0, 38, sigf_6_ch, sigf_6_gl, sigf_6_bmp, 4598 };
// --- disp 800 normal 36px  (38 glyphs, 12228 bytes)
static const sig_glyph_t sigf_7_gl[] = {
  {0,0,0,0,0,7},
  {0,27,25,0,-25,27},
  {350,27,25,0,-25,27},
  {700,27,27,0,-26,27},
  {1078,27,25,0,-25,27},
  {1428,25,25,0,-25,25},
  {1753,23,25,0,-25,23},
  {2053,29,27,0,-26,29},
  {2458,28,25,0,-25,28},
  {2808,12,25,0,-25,12},
  {2958,23,26,0,-25,23},
  {3270,28,25,0,-25,28},
  {3620,22,25,0,-25,22},
  {3895,33,25,0,-25,33},
  {4320,28,25,0,-25,28},
  {4670,29,27,0,-26,29},
  {5075,25,25,0,-25,25},
  {5400,29,31,0,-26,29},
  {5865,27,25,0,-25,27},
  {6215,25,27,0,-26,25},
  {6566,24,25,0,-25,24},
  {6866,28,26,0,-25,28},
  {7230,26,25,0,-25,26},
  {7555,35,25,0,-25,35},
  {8005,27,25,0,-25,26},
  {8355,27,25,0,-25,26},
  {8705,25,25,0,-25,25},
  {9030,23,27,0,-26,22},
  {9354,23,25,0,-25,22},
  {9654,23,26,0,-26,22},
  {9966,23,27,0,-26,22},
  {10290,23,26,0,-26,23},
  {10602,23,26,0,-25,22},
  {10914,23,27,0,-26,22},
  {11238,23,25,0,-25,22},
  {11538,23,27,0,-26,22},
  {11862,23,27,0,-26,22},
  {12186,11,7,0,-7,11},
};
static const char sigf_7_ch[] = " ABCDEFGHIJKLMNOPQRSTUVWXYZ0123456789.";
static const uint8_t sigf_7_bmp[] = {
  0x00,0x00,0x00,0x00,0x06,0xbb,0xbb,0xbb,0xb5,0x00,0x00,0x00,0x00,0x00,0x00,0x00,0x00,0x00,0x0e,0xff,0xff,0xff,0xfc,0x00,0x00,0x00,0x00,0x00,0x00,0x00,0x00,0x00,
  0x4f,0xff,0xff,0xff,0xff,0x20,0x00,0x00,0x00,0x00,0x00,0x00,0x00,0x00,0xaf,0xff,0xff,0xff,0xff,0x80,0x00,0x00,0x00,0x00,0x00,0x00,0x00,0x00,0xff,0xff,0xff,0xff,
  0xff,0xe0,0x00,0x00,0x00,0x00,0x00,0x00,0x00,0x06,0xff,0xff,0xff,0xff,0xff,0xf4,0x00,0x00,0x00,0x00,0x00,0x00,0x00,0x0c,0xff,0xff,0xf6,0xff,0xff,0xfa,0x00,0x00,
  0x00,0x00,0x00,0x00,0x00,0x2f,0xff,0xff,0xb1,0xff,0xff,0xff,0x10,0x00,0x00,0x00,0x00,0x00,0x00,0x8f,0xff,0xff,0x60,0xdf,0xff,0xff,0x60,0x00,0x00,0x00,0x00,0x00,
  0x00,0xef,0xff,0xff,0x10,0x8f,0xff,0xff,0xc0,0x00,0x00,0x00,0x00,0x00,0x04,0xff,0xff,0xfc,0x00,0x2f,0xff,0xff,0xf2,0x00,0x00,0x00,0x00,0x00,0x0a,0xff,0xff,0xf7,
  0x00,0x0d,0xff,0xff,0xf8,0x00,0x00,0x00,0x00,0x00,0x0f,0xff,0xff,0xf1,0x00,0x07,0xff,0xff,0xfe,0x00,0x00,0x00,0x00,0x00,0x6f,0xff,0xff,0xc0,0x00,0x02,0xff,0xff,
  0xff,0x40,0x00,0x00,0x00,0x00,0xcf,0xff,0xff,0x60,0x00,0x00,0xcf,0xff,0xff,0xa0,0x00,0x00,0x00,0x02,0xff,0xff,0xff,0x31,0x11,0x11,0x8f,0xff,0xff,0xf1,0x00,0x00,
  0x00,0x08,0xff,0xff,0xff,0xff,0xff,0xff,0xff,0xff,0xff,0xf6,0x00,0x00,0x00,0x0e,0xff,0xff,0xff,0xff,0xff,0xff,0xff,0xff,0xff,0xfc,0x00,0x00,0x00,0x4f,0xff,0xff,
  0xff,0xff,0xff,0xff,0xff,0xff,0xff,0xff,0x20,0x00,0x00,0xaf,0xff,0xff,0xff,0xff,0xff,0xff,0xff,0xff,0xff,0xff,0x80,0x00,0x01,0xff,0xff,0xff,0xdb,0xbb,0xbb,0xbb,
  0xbb,0xef,0xff,0xff,0xe0,0x00,0x06,0xff,0xff,0xff,0x10,0x00,0x00,0x00,0x00,0x7f,0xff,0xff,0xf4,0x00,0x0c,0xff,0xff,0xfc,0x00,0x00,0x00,0x00,0x00,0x2f,0xff,0xff,
  0xfa,0x00,0x2f,0xff,0xff,0xf6,0x00,0x00,0x00,0x00,0x00,0x0c,0xff,0xff,0xff,0x10,0x8f,0xff,0xff,0xf1,0x00,0x00,0x00,0x00,0x00,0x07,0xff,0xff,0xff,0x60,0x00,0x3b,
  0xbb,0xbb,0xbb,0xbb,0xbb,0xbb,0xbb,0xb9,0x40,0x00,0x00,0x00,0x00,0x4f,0xff,0xff,0xff,0xff,0xff,0xff,0xff,0xff,0xfd,0x30,0x00,0x00,0x00,0x4f,0xff,0xff,0xff,0xff,
  0xff,0xff,0xff,0xff,0xff,0xf3,0x00,0x00,0x00,0x4f,0xff,0xff,0xff,0xff,0xff,0xff,0xff,0xff,0xff,0xfe,0x00,0x00,0x00,0x4f,0xff,0xff,0xff,0xff,0xff,0xff,0xff,0xff,
  0xff,0xff,0x50,0x00,0x00,0x4f,0xff,0xff,0xf3,0x11,0x11,0x11,0x3c,0xff,0xff,0xff,0x90,0x00,0x00,0x4f,0xff,0xff,0xf2,0x00,0x00,0x00,0x01,0xff,0xff,0xff,0xa0,0x00,
  0x00,0x4f,0xff,0xff,0xf2,0x00,0x00,0x00,0x00,0xef,0xff,0xff,0x90,0x00,0x00,0x4f,0xff,0xff,0xf2,0x00,0x00,0x00,0x01,0xff,0xff,0xff,0x50,0x00,0x00,0x4f,0xff,0xff,
  0xf2,0x00,0x00,0x00,0x1b,0xff,0xff,0xfd,0x00,0x00,0x00,0x4f,0xff,0xff,0xfe,0xee,0xee,0xee,0xff,0xff,0xff,0xf3,0x00,0x00,0x00,0x4f,0xff,0xff,0xff,0xff,0xff,0xff,
  0xff,0xff,0xfb,0x20,0x00,0x00,0x00,0x4f,0xff,0xff,0xff,0xff,0xff,0xff,0xff,0xff,0xe7,0x10,0x00,0x00,0x00,0x4f,0xff,0xff,0xff,0xff,0xff,0xff,0xff,0xff,0xff,0xf5,
  0x00,0x00,0x00,0x4f,0xff,0xff,0xfb,0xaa,0xaa,0xaa,0xbf,0xff,0xff,0xff,0x30,0x00,0x00,0x4f,0xff,0xff,0xf2,0x00,0x00,0x00,0x01,0xdf,0xff,0xff,0xc0,0x00,0x00,0x4f,
  0xff,0xff,0xf2,0x00,0x00,0x00,0x00,0x6f,0xff,0xff,0xf1,0x00,0x00,0x4f,0xff,0xff,0xf2,0x00,0x00,0x00,0x00,0x4f,0xff,0xff,0xf4,0x00,0x00,0x4f,0xff,0xff,0xf2,0x00,
  0x00,0x00,0x00,0x7f,0xff,0xff,0xf4,0x00,0x00,0x4f,0xff,0xff,0xf2,0x00,0x00,0x00,0x05,0xff,0xff,0xff,0xf3,0x00,0x00,0x4f,0xff,0xff,0xff,0xff,0xff,0xff,0xff,0xff,
  0xff,0xff,0xf0,0x00,0x00,0x4f,0xff,0xff,0xff,0xff,0xff,0xff,0xff,0xff,0xff,0xff,0x80,0x00,0x00,0x4f,0xff,0xff,0xff,0xff,0xff,0xff,0xff,0xff,0xff,0xfc,0x00,0x00,
  0x00,0x4f,0xff,0xff,0xff,0xff,0xff,0xff,0xff,0xff,0xff,0xb1,0x00,0x00,0x00,0x4f,0xff,0xff,0xff,0xff,0xff,0xff,0xff,0xfd,0xa4,0x00,0x00,0x00,0x00,0x00,0x00,0x00,
  0x00,0x00,0x12,0x21,0x00,0x00,0x00,0x00,0x00,0x00,0x00,0x00,0x00,0x00,0x49,0xdf,0xff,0xff,0xfd,0x93,0x00,0x00,0x00,0x00,0x00,0x00,0x00,0x4d,0xff,0xff,0xff,0xff,
  0xff,0xff,0xc3,0x00,0x00,0x00,0x00,0x00,0x08,0xff,0xff,0xff,0xff,0xff,0xff,0xff,0xff,0x70,0x00,0x00,0x00,0x00,0x9f,0xff,0xff,0xff,0xff,0xff,0xff,0xff,0xff,0xf6,
  0x00,0x00,0x00,0x05,0xff,0xff,0xff,0xff,0xfe,0xef,0xff,0xff,0xff,0xff,0x20,0x00,0x00,0x0e,0xff,0xff,0xff,0xd5,0x00,0x00,0x5d,0xff,0xff,0xff,0xa0,0x00,0x00,0x5f,
  0xff,0xff,0xfc,0x00,0x00,0x00,0x01,0xdf,0xff,0xff,0xf1,0x00,0x00,0xbf,0xff,0xff,0xf2,0x00,0x00,0x00,0x00,0x4f,0xff,0xff,0xf4,0x00,0x00,0xff,0xff,0xff,0xb0,0x00,
  0x00,0x00,0x00,0x0f,0xff,0xff,0xf7,0x00,0x02,0xff,0xff,0xff,0x70,0x00,0x00,0x00,0x00,0x0c,0xff,0xff,0xf7,0x00,0x04,0xff,0xff,0xff,0x50,0x00,0x00,0x00,0x00,0x00,
  0x00,0x00,0x00,0x00,0x05,0xff,0xff,0xff,0x40,0x00,0x00,0x00,0x00,0x00,0x00,0x00,0x00,0x00,0x05,0xff,0xff,0xff,0x40,0x00,0x00,0x00,0x00,0x00,0x00,0x00,0x00,0x00,
  0x05,0xff,0xff,0xff,0x40,0x00,0x00,0x00,0x00,0x00,0x00,0x00,0x00,0x00,0x04,0xff,0xff,0xff,0x40,0x00,0x00,0x00,0x00,0x00,0x00,0x00,0x00,0x00,0x03,0xff,0xff,0xff,
  0x60,0x00,0x00,0x00,0x00,0x05,0x99,0x99,0x95,0x00,0x00,0xff,0xff,0xff,0xa0,0x00,0x00,0x00,0x00,0x0a,0xff,0xff,0xf7,0x00,0x00,0xcf,0xff,0xff,0xf0,0x00,0x00,0x00,
  0x00,0x0e,0xff,0xff,0xf5,0x00,0x00,0x7f,0xff,0xff,0xf9,0x00,0x00,0x00,0x00,0x7f,0xff,0xff,0xf2,0x00,0x00,0x1f,0xff,0xff,0xff,0x91,0x00,0x00,0x08,0xff,0xff,0xff,
  0xd0,0x00,0x00,0x08,0xff,0xff,0xff,0xff,0xca,0xab,0xff,0xff,0xff,0xff,0x50,0x00,0x00,0x00,0xdf,0xff,0xff,0xff,0xff,0xff,0xff,0xff,0xff,0xfb,0x00,0x00,0x00,0x00,
  0x1d,0xff,0xff,0xff,0xff,0xff,0xff,0xff,0xff,0xc1,0x00,0x00,0x00,0x00,0x00,0x9f,0xff,0xff,0xff,0xff,0xff,0xff,0xf9,0x00,0x00,0x00,0x00,0x00,0x00,0x02,0x8d,0xff,
  0xff,0xff,0xff,0xe8,0x20,0x00,0x00,0x00,0x00,0x00,0x00,0x00,0x00,0x14,0x66,0x66,0x41,0x00,0x00,0x00,0x00,0x00,0x00,0x3b,0xbb,0xbb,0xbb,0xbb,0xbb,0xa9,0x73,0x00,
  0x00,0x00,0x00,0x00,0x00,0x4f,0xff,0xff,0xff,0xff,0xff,0xff,0xff,0xe8,0x10,0x00,0x00,0x00,0x00,0x4f,0xff,0xff,0xff,0xff,0xff,0xff,0xff,0xff,0xf6,0x00,0x00,0x00,
  0x00,0x4f,0xff,0xff,0xff,0xff,0xff,0xff,0xff,0xff,0xff,0x80,0x00,0x00,0x00,0x4f,0xff,0xff,0xff,0xff,0xff,0xff,0xff,0xff,0xff,0xf5,0x00,0x00,0x00,0x4f,0xff,0xff,
  0xf6,0x55,0x55,0x7b,0xff,0xff,0xff,0xfe,0x10,0x00,0x00,0x4f,0xff,0xff,0xf2,0x00,0x00,0x00,0x3e,0xff,0xff,0xff,0x70,0x00,0x00,0x4f,0xff,0xff,0xf2,0x00,0x00,0x00,
  0x03,0xff,0xff,0xff,0xd0,0x00,0x00,0x4f,0xff,0xff,0xf2,0x00,0x00,0x00,0x00,0xaf,0xff,0xff,0xf2,0x00,0x00,0x4f,0xff,0xff,0xf2,0x00,0x00,0x00,0x00,0x5f,0xff,0xff,
  0xf5,0x00,0x00,0x4f,0xff,0xff,0xf2,0x00,0x00,0x00,0x00,0x2f,0xff,0xff,0xf7,0x00,0x00,0x4f,0xff,0xff,0xf2,0x00,0x00,0x00,0x00,0x1f,0xff,0xff,0xf8,0x00,0x00,0x4f,
  0xff,0xff,0xf2,0x00,0x00,0x00,0x00,0x1f,0xff,0xff,0xf8,0x00,0x00,0x4f,0xff,0xff,0xf2,0x00,0x00,0x00,0x00,0x1f,0xff,0xff,0xf8,0x00,0x00,0x4f,0xff,0xff,0xf2,0x00,
  0x00,0x00,0x00,0x1f,0xff,0xff,0xf7,0x00,0x00,0x4f,0xff,0xff,0xf2,0x00,0x00,0x00,0x00,0x4f,0xff,0xff,0xf5,0x00,0x00,0x4f,0xff,0xff,0xf2,0x00,0x00,0x00,0x00,0x8f,
  0xff,0xff,0xf2,0x00,0x00,0x4f,0xff,0xff,0xf2,0x00,0x00,0x00,0x01,0xef,0xff,0xff,0xe0,0x00,0x00,0x4f,0xff,0xff,0xf2,0x00,0x00,0x00,0x0b,0xff,0xff,0xff,0x90,0x00,
  0x00,0x4f,0xff,0xff,0xf2,0x00,0x01,0x37,0xef,0xff,0xff,0xff,0x20,0x00,0x00,0x4f,0xff,0xff,0xff,0xff,0xff,0xff,0xff,0xff,0xff,0xf8,0x00,0x00,0x00,0x4f,0xff,0xff,
  0xff,0xff,0xff,0xff,0xff,0xff,0xff,0xb0,0x00,0x00,0x00,0x4f,0xff,0xff,0xff,0xff,0xff,0xff,0xff,0xff,0xfa,0x00,0x00,0x00,0x00,0x4f,0xff,0xff,0xff,0xff,0xff,0xff,
  0xff,0xfd,0x50,0x00,0x00,0x00,0x00,0x4f,0xff,0xff,0xff,0xff,0xff,0xfd,0xb7,0x30,0x00,0x00,0x00,0x00,0x00,0x2b,0xbb,0xbb,0xbb,0xbb,0xbb,0xbb,0xbb,0xbb,0xbb,0xb2,
  0x00,0x00,0x3f,0xff,0xff,0xff,0xff,0xff,0xff,0xff,0xff,0xff,0xf3,0x00,0x00,0x3f,0xff,0xff,0xff,0xff,0xff,0xff,0xff,0xff,0xff,0xf3,0x00,0x00,0x3f,0xff,0xff,0xff,
  0xff,0xff,0xff,0xff,0xff,0xff,0xf3,0x00,0x00,0x3f,0xff,0xff,0xff,0xff,0xff,0xff,0xff,0xff,0xff,0xf3,0x00,0x00,0x3f,0xff,0xff,0xf7,0x55,0x55,0x55,0x55,0x55,0x55,
  0x50,0x00,0x00,0x3f,0xff,0xff,0xf3,0x00,0x00,0x00,0x00,0x00,0x00,0x00,0x00,0x00,0x3f,0xff,0xff,0xf3,0x00,0x00,0x00,0x00,0x00,0x00,0x00,0x00,0x00,0x3f,0xff,0xff,
  0xf3,0x00,0x00,0x00,0x00,0x00,0x00,0x00,0x00,0x00,0x3f,0xff,0xff,0xf4,0x00,0x00,0x00,0x00,0x00,0x00,0x00,0x00,0x00,0x3f,0xff,0xff,0xff,0xff,0xff,0xff,0xff,0xff,
  0xf6,0x00,0x00,0x00,0x3f,0xff,0xff,0xff,0xff,0xff,0xff,0xff,0xff,0xf6,0x00,0x00,0x00,0x3f,0xff,0xff,0xff,0xff,0xff,0xff,0xff,0xff,0xf6,0x00,0x00,0x00,0x3f,0xff,
  0xff,0xff,0xff,0xff,0xff,0xff,0xff,0xf6,0x00,0x00,0x00,0x3f,0xff,0xff,0xfe,0xee,0xee,0xee,0xee,0xee,0xe6,0x00,0x00,0x00,0x3f,0xff,0xff,0xf3,0x00,0x00,0x00,0x00,
  0x00,0x00,0x00,0x00,0x00,0x3f,0xff,0xff,0xf3,0x00,0x00,0x00,0x00,0x00,0x00,0x00,0x00,0x00,0x3f,0xff,0xff,0xf3,0x00,0x00,0x00,0x00,0x00,0x00,0x00,0x00,0x00,0x3f,
  0xff,0xff,0xf3,0x00,0x00,0x00,0x00,0x00,0x00,0x00,0x00,0x00,0x3f,0xff,0xff,0xf4,0x00,0x00,0x00,0x00,0x00,0x00,0x00,0x00,0x00,0x3f,0xff,0xff,0xff,0xff,0xff,0xff,
  0xff,0xff,0xff,0xf7,0x00,0x00,0x3f,0xff,0xff,0xff,0xff,0xff,0xff,0xff,0xff,0xff,0xf7,0x00,0x00,0x3f,0xff,0xff,0xff,0xff,0xff,0xff,0xff,0xff,0xff,0xf7,0x00,0x00,
  0x3f,0xff,0xff,0xff,0xff,0xff,0xff,0xff,0xff,0xff,0xf7,0x00,0x00,0x3f,0xff,0xff,0xff,0xff,0xff,0xff,0xff,0xff,0xff,0xf7,0x00,0x00,0x3b,0xbb,0xbb,0xbb,0xbb,0xbb,
  0xbb,0xbb,0xbb,0xb7,0x00,0x00,0x4f,0xff,0xff,0xff,0xff,0xff,0xff,0xff,0xff,0xfa,0x00,0x00,0x4f,0xff,0xff,0xff,0xff,0xff,0xff,0xff,0xff,0xfa,0x00,0x00,0x4f,0xff,
  0xff,0xff,0xff,0xff,0xff,0xff,0xff,0xfa,0x00,0x00,0x4f,0xff,0xff,0xff,0xff,0xff,0xff,0xff,0xff,0xfa,0x00,0x00,0x4f,0xff,0xff,0xf6,0x55,0x55,0x55,0x55,0x55,0x53,
  0x00,0x00,0x4f,0xff,0xff,0xf2,0x00,0x00,0x00,0x00,0x00,0x00,0x00,0x00,0x4f,0xff,0xff,0xf2,0x00,0x00,0x00,0x00,0x00,0x00,0x00,0x00,0x4f,0xff,0xff,0xf2,0x00,0x00,
  0x00,0x00,0x00,0x00,0x00,0x00,0x4f,0xff,0xff,0xf2,0x00,0x00,0x00,0x00,0x00,0x00,0x00,0x00,0x4f,0xff,0xff,0xf7,0x55,0x55,0x55,0x55,0x55,0x00,0x00,0x00,0x4f,0xff,
  0xff,0xff,0xff,0xff,0xff,0xff,0xff,0x20,0x00,0x00,0x4f,0xff,0xff,0xff,0xff,0xff,0xff,0xff,0xff,0x20,0x00,0x00,0x4f,0xff,0xff,0xff,0xff,0xff,0xff,0xff,0xff,0x20,
  0x00,0x00,0x4f,0xff,0xff,0xff,0xff,0xff,0xff,0xff,0xff,0x20,0x00,0x00,0x4f,0xff,0xff,0xfa,0x99,0x99,0x99,0x99,0x99,0x10,0x00,0x00,0x4f,0xff,0xff,0xf2,0x00,0x00,
  0x00,0x00,0x00,0x00,0x00,0x00,0x4f,0xff,0xff,0xf2,0x00,0x00,0x00,0x00,0x00,0x00,0x00,0x00,0x4f,0xff,0xff,0xf2,0x00,0x00,0x00,0x00,0x00,0x00,0x00,0x00,0x4f,0xff,
  0xff,0xf2,0x00,0x00,0x00,0x00,0x00,0x00,0x00,0x00,0x4f,0xff,0xff,0xf2,0x00,0x00,0x00,0x00,0x00,0x00,0x00,0x00,0x4f,0xff,0xff,0xf2,0x00,0x00,0x00,0x00,0x00,0x00,
  0x00,0x00,0x4f,0xff,0xff,0xf2,0x00,0x00,0x00,0x00,0x00,0x00,0x00,0x00,0x4f,0xff,0xff,0xf2,0x00,0x00,0x00,0x00,0x00,0x00,0x00,0x00,0x4f,0xff,0xff,0xf2,0x00,0x00,
  0x00,0x00,0x00,0x00,0x00,0x00,0x00,0x00,0x00,0x00,0x00,0x01,0x22,0x10,0x00,0x00,0x00,0x00,0x00,0x00,0x00,0x00,0x00,0x00,0x16,0xbe,0xff,0xff,0xff,0xc9,0x40,0x00,
  0x00,0x00,0x00,0x00,0x00,0x00,0x19,0xff,0xff,0xff,0xff,0xff,0xff,0xfe,0x60,0x00,0x00,0x00,0x00,0x00,0x04,0xef,0xff,0xff,0xff,0xff,0xff,0xff,0xff,0xfc,0x10,0x00,
  0x00,0x00,0x00,0x4f,0xff,0xff,0xff,0xff,0xff,0xff,0xff,0xff,0xff,0xe1,0x00,0x00,0x00,0x02,0xff,0xff,0xff,0xff,0xff,0xee,0xff,0xff,0xff,0xff,0xfb,0x00,0x00,0x00,
  0x0b,0xff,0xff,0xff,0xf9,0x30,0x00,0x04,0xaf,0xff,0xff,0xff,0x40,0x00,0x00,0x2f,0xff,0xff,0xff,0x40,0x00,0x00,0x00,0x06,0xff,0xff,0xff,0xa0,0x00,0x00,0x8f,0xff,
  0xff,0xf6,0x00,0x00,0x00,0x00,0x00,0xbf,0xff,0xff,0xd0,0x00,0x00,0xcf,0xff,0xff,0xe0,0x00,0x00,0x00,0x00,0x00,0x6f,0xff,0xff,0xe0,0x00,0x00,0xff,0xff,0xff,0xa0,
  0x00,0x00,0x00,0x00,0x00,0x00,0x00,0x00,0x00,0x00,0x01,0xff,0xff,0xff,0x70,0x00,0x00,0x00,0x00,0x00,0x00,0x00,0x00,0x00,0x00,0x03,0xff,0xff,0xff,0x60,0x00,0x00,
  0x89,0x99,0x99,0x99,0x99,0x99,0x80,0x00,0x03,0xff,0xff,0xff,0x60,0x00,0x00,0xff,0xff,0xff,0xff,0xff,0xff,0xf0,0x00,0x03,0xff,0xff,0xff,0x60,0x00,0x00,0xff,0xff,
  0xff,0xff,0xff,0xff,0xf0,0x00,0x02,0xff,0xff,0xff,0x70,0x00,0x00,0xff,0xff,0xff,0xff,0xff,0xff,0xf0,0x00,0x00,0xff,0xff,0xff,0x90,0x00,0x00,0xef,0xff,0xff,0xff,
  0xff,0xff,0xf0,0x00,0x00,0xef,0xff,0xff,0xd0,0x00,0x00,0x00,0x00,0x00,0x5f,0xff,0xff,0xf0,0x00,0x00,0xaf,0xff,0xff,0xf3,0x00,0x00,0x00,0x00,0x00,0x8f,0xff,0xff,
  0xf0,0x00,0x00,0x5f,0xff,0xff,0xfd,0x10,0x00,0x00,0x00,0x03,0xff,0xff,0xff,0xf0,0x00,0x00,0x0e,0xff,0xff,0xff,0xd4,0x00,0x00,0x00,0x6f,0xff,0xff,0xff,0xf0,0x00,
  0x00,0x07,0xff,0xff,0xff,0xff,0xeb,0xaa,0xcf,0xff,0xff,0xff,0xff,0xf0,0x00,0x00,0x00,0xcf,0xff,0xff,0xff,0xff,0xff,0xff,0xff,0xff,0xff,0xff,0xf0,0x00,0x00,0x00,
  0x1c,0xff,0xff,0xff,0xff,0xff,0xff,0xff,0xff,0xcf,0xff,0xf0,0x00,0x00,0x00,0x00,0x9f,0xff,0xff,0xff,0xff,0xff,0xff,0xe4,0x2f,0xff,0xf0,0x00,0x00,0x00,0x00,0x02,
  0x8e,0xff,0xff,0xff,0xff,0xd7,0x00,0x0e,0xff,0xf0,0x00,0x00,0x00,0x00,0x00,0x00,0x14,0x66,0x66,0x41,0x00,0x00,0x00,0x00,0x00,0x00,0x00,0x3b,0xbb,0xbb,0xb1,0x00,
  0x00,0x00,0x00,0x09,0xbb,0xbb,0xb7,0x00,0x00,0x4f,0xff,0xff,0xf2,0x00,0x00,0x00,0x00,0x0d,0xff,0xff,0xfa,0x00,0x00,0x4f,0xff,0xff,0xf2,0x00,0x00,0x00,0x00,0x0d,
  0xff,0xff,0xfa,0x00,0x00,0x4f,0xff,0xff,0xf2,0x00,0x00,0x00,0x00,0x0d,0xff,0xff,0xfa,0x00,0x00,0x4f,0xff,0xff,0xf2,0x00,0x00,0x00,0x00,0x0d,0xff,0xff,0xfa,0x00,
  0x00,0x4f,0xff,0xff,0xf2,0x00,0x00,0x00,0x00,0x0d,0xff,0xff,0xfa,0x00,0x00,0x4f,0xff,0xff,0xf2,0x00,0x00,0x00,0x00,0x0d,0xff,0xff,0xfa,0x00,0x00,0x4f,0xff,0xff,
  0xf2,0x00,0x00,0x00,0x00,0x0d,0xff,0xff,0xfa,0x00,0x00,0x4f,0xff,0xff,0xf2,0x00,0x00,0x00,0x00,0x0d,0xff,0xff,0xfa,0x00,0x00,0x4f,0xff,0xff,0xf5,0x33,0x33,0x33,
  0x33,0x3d,0xff,0xff,0xfa,0x00,0x00,0x4f,0xff,0xff,0xff,0xff,0xff,0xff,0xff,0xff,0xff,0xff,0xfa,0x00,0x00,0x4f,0xff,0xff,0xff,0xff,0xff,0xff,0xff,0xff,0xff,0xff,
  0xfa,0x00,0x00,0x4f,0xff,0xff,0xff,0xff,0xff,0xff,0xff,0xff,0xff,0xff,0xfa,0x00,0x00,0x4f,0xff,0xff,0xff,0xff,0xff,0xff,0xff,0xff,0xff,0xff,0xfa,0x00,0x00,0x4f,
  0xff,0xff,0xff,0xff,0xff,0xff,0xff,0xff,0xff,0xff,0xfa,0x00,0x00,0x4f,0xff,0xff,0xf2,0x00,0x00,0x00,0x00,0x0d,0xff,0xff,0xfa,0x00,0x00,0x4f,0xff,0xff,0xf2,0x00,
  0x00,0x00,0x00,0x0d,0xff,0xff,0xfa,0x00,0x00,0x4f,0xff,0xff,0xf2,0x00,0x00,0x00,0x00,0x0d,0xff,0xff,0xfa,0x00,0x00,0x4f,0xff,0xff,0xf2,0x00,0x00,0x00,0x00,0x0d,
  0xff,0xff,0xfa,0x00,0x00,0x4f,0xff,0xff,0xf2,0x00,0x00,0x00,0x00,0x0d,0xff,0xff,0xfa,0x00,0x00,0x4f,0xff,0xff,0xf2,0x00,0x00,0x00,0x00,0x0d,0xff,0xff,0xfa,0x00,
  0x00,0x4f,0xff,0xff,0xf2,0x00,0x00,0x00,0x00,0x0d,0xff,0xff,0xfa,0x00,0x00,0x4f,0xff,0xff,0xf2,0x00,0x00,0x00,0x00,0x0d,0xff,0xff,0xfa,0x00,0x00,0x4f,0xff,0xff,
  0xf2,0x00,0x00,0x00,0x00,0x0d,0xff,0xff,0xfa,0x00,0x00,0x4f,0xff,0xff,0xf2,0x00,0x00,0x00,0x00,0x0d,0xff,0xff,0xfa,0x00,0x00,0x3b,0xbb,0xbb,0xb1,0x00,0x00,0x4f,
  0xff,0xff,0xf2,0x00,0x00,0x4f,0xff,0xff,0xf2,0x00,0x00,0x4f,0xff,0xff,0xf2,0x00,0x00,0x4f,0xff,0xff,0xf2,0x00,0x00,0x4f,0xff,0xff,0xf2,0x00,0x00,0x4f,0xff,0xff,
  0xf2,0x00,0x00,0x4f,0xff,0xff,0xf2,0x00,0x00,0x4f,0xff,0xff,0xf2,0x00,0x00,0x4f,0xff,0xff,0xf2,0x00,0x00,0x4f,0xff,0xff,0xf2,0x00,0x00,0x4f,0xff,0xff,0xf2,0x00,
  0x00,0x4f,0xff,0xff,0xf2,0x00,0x00,0x4f,0xff,0xff,0xf2,0x00,0x00,0x4f,0xff,0xff,0xf2,0x00,0x00,0x4f,0xff,0xff,0xf2,0x00,0x00,0x4f,0xff,0xff,0xf2,0x00,0x00,0x4f,
  0xff,0xff,0xf2,0x00,0x00,0x4f,0xff,0xff,0xf2,0x00,0x00,0x4f,0xff,0xff,0xf2,0x00,0x00,0x4f,0xff,0xff,0xf2,0x00,0x00,0x4f,0xff,0xff,0xf2,0x00,0x00,0x4f,0xff,0xff,
  0xf2,0x00,0x00,0x4f,0xff,0xff,0xf2,0x00,0x00,0x4f,0xff,0xff,0xf2,0x00,0x00,0x00,0x00,0x00,0x00,0x00,0x04,0xbb,0xbb,0xbb,0x00,0x00,0x00,0x00,0x00,0x00,0x00,0x00,
  0x06,0xff,0xff,0xff,0x00,0x00,0x00,0x00,0x00,0x00,0x00,0x00,0x06,0xff,0xff,0xff,0x00,0x00,0x00,0x00,0x00,0x00,0x00,0x00,0x06,0xff,0xff,0xff,0x00,0x00,0x00,0x00,
  0x00,0x00,0x00,0x00,0x06,0xff,0xff,0xff,0x00,0x00,0x00,0x00,0x00,0x00,0x00,0x00,0x06,0xff,0xff,0xff,0x00,0x00,0x00,0x00,0x00,0x00,0x00,0x00,0x06,0xff,0xff,0xff,
  0x00,0x00,0x00,0x00,0x00,0x00,0x00,0x00,0x06,0xff,0xff,0xff,0x00,0x00,0x00,0x00,0x00,0x00,0x00,0x00,0x06,0xff,0xff,0xff,0x00,0x00,0x00,0x00,0x00,0x00,0x00,0x00,
  0x06,0xff,0xff,0xff,0x00,0x00,0x00,0x00,0x00,0x00,0x00,0x00,0x06,0xff,0xff,0xff,0x00,0x00,0x00,0x00,0x00,0x00,0x00,0x00,0x06,0xff,0xff,0xff,0x00,0x00,0x00,0x00,
  0x00,0x00,0x00,0x00,0x06,0xff,0xff,0xff,0x00,0x00,0x00,0x00,0x00,0x00,0x00,0x00,0x06,0xff,0xff,0xff,0x00,0x00,0x00,0x00,0x00,0x00,0x00,0x00,0x06,0xff,0xff,0xff,
  0x00,0x00,0x00,0x00,0x00,0x00,0x00,0x00,0x06,0xff,0xff,0xff,0x00,0x00,0x09,0x99,0x99,0x92,0x00,0x00,0x06,0xff,0xff,0xff,0x00,0x00,0x0f,0xff,0xff,0xf3,0x00,0x00,
  0x07,0xff,0xff,0xff,0x00,0x00,0x0e,0xff,0xff,0xf6,0x00,0x00,0x0b,0xff,0xff,0xfd,0x00,0x00,0x0b,0xff,0xff,0xfd,0x10,0x00,0x5f,0xff,0xff,0xfa,0x00,0x00,0x07,0xff,
  0xff,0xff,0xfb,0xac,0xff,0xff,0xff,0xf5,0x00,0x00,0x01,0xff,0xff,0xff,0xff,0xff,0xff,0xff,0xff,0xe0,0x00,0x00,0x00,0x5f,0xff,0xff,0xff,0xff,0xff,0xff,0xff,0x40,
  0x00,0x00,0x00,0x06,0xff,0xff,0xff,0xff,0xff,0xff,0xf4,0x00,0x00,0x00,0x00,0x00,0x29,0xef,0xff,0xff,0xff,0xe8,0x10,0x00,0x00,0x00,0x00,0x00,0x00,0x02,0x56,0x66,
  0x52,0x00,0x00,0x00,0x00,0x00,0x00,0x3b,0xbb,0xbb,0xb1,0x00,0x00,0x00,0x00,0x4b,0xbb,0xbb,0xbb,0x60,0x00,0x4f,0xff,0xff,0xf2,0x00,0x00,0x00,0x03,0xff,0xff,0xff,
  0xfc,0x00,0x00,0x4f,0xff,0xff,0xf2,0x00,0x00,0x00,0x2e,0xff,0xff,0xff,0xd1,0x00,0x00,0x4f,0xff,0xff,0xf2,0x00,0x00,0x01,0xdf,0xff,0xff,0xfe,0x10,0x00,0x00,0x4f,
  0xff,0xff,0xf2,0x00,0x00,0x0c,0xff,0xff,0xff,0xe2,0x00,0x00,0x00,0x4f,0xff,0xff,0xf2,0x00,0x00,0xbf,0xff,0xff,0xff,0x30,0x00,0x00,0x00,0x4f,0xff,0xff,0xf2,0x00,
  0x09,0xff,0xff,0xff,0xf4,0x00,0x00,0x00,0x00,0x4f,0xff,0xff,0xf2,0x00,0x8f,0xff,0xff,0xff,0x50,0x00,0x00,0x00,0x00,0x4f,0xff,0xff,0xf2,0x06,0xff,0xff,0xff,0xf7,
  0x00,0x00,0x00,0x00,0x00,0x4f,0xff,0xff,0xf2,0x5f,0xff,0xff,0xff,0x80,0x00,0x00,0x00,0x00,0x00,0x4f,0xff,0xff,0xf5,0xff,0xff,0xff,0xfe,0x00,0x00,0x00,0x00,0x00,
  0x00,0x4f,0xff,0xff,0xff,0xff,0xff,0xff,0xff,0x60,0x00,0x00,0x00,0x00,0x00,0x4f,0xff,0xff,0xff,0xff,0xff,0xff,0xff,0xf1,0x00,0x00,0x00,0x00,0x00,0x4f,0xff,0xff,
  0xff,0xff,0xff,0xff,0xff,0xfb,0x00,0x00,0x00,0x00,0x00,0x4f,0xff,0xff,0xff,0xff,0xff,0xff,0xff,0xff,0x50,0x00,0x00,0x00,0x00,0x4f,0xff,0xff,0xff,0xff,0x75,0xff,
  0xff,0xff,0xe1,0x00,0x00,0x00,0x00,0x4f,0xff,0xff,0xff,0xf6,0x00,0xbf,0xff,0xff,0xfa,0x00,0x00,0x00,0x00,0x4f,0xff,0xff,0xff,0x50,0x00,0x2f,0xff,0xff,0xff,0x40,
  0x00,0x00,0x00,0x4f,0xff,0xff,0xf5,0x00,0x00,0x07,0xff,0xff,0xff,0xe0,0x00,0x00,0x00,0x4f,0xff,0xff,0xf2,0x00,0x00,0x00,0xdf,0xff,0xff,0xf9,0x00,0x00,0x00,0x4f,
  0xff,0xff,0xf2,0x00,0x00,0x00,0x4f,0xff,0xff,0xff,0x30,0x00,0x00,0x4f,0xff,0xff,0xf2,0x00,0x00,0x00,0x0a,0xff,0xff,0xff,0xd0,0x00,0x00,0x4f,0xff,0xff,0xf2,0x00,
  0x00,0x00,0x01,0xff,0xff,0xff,0xf8,0x00,0x00,0x4f,0xff,0xff,0xf2,0x00,0x00,0x00,0x00,0x7f,0xff,0xff,0xff,0x20,0x00,0x4f,0xff,0xff,0xf2,0x00,0x00,0x00,0x00,0x0d,
  0xff,0xff,0xff,0xc0,0x00,0x3b,0xbb,0xbb,0xb1,0x00,0x00,0x00,0x00,0x00,0x00,0x00,0x4f,0xff,0xff,0xf2,0x00,0x00,0x00,0x00,0x00,0x00,0x00,0x4f,0xff,0xff,0xf2,0x00,
  0x00,0x00,0x00,0x00,0x00,0x00,0x4f,0xff,0xff,0xf2,0x00,0x00,0x00,0x00,0x00,0x00,0x00,0x4f,0xff,0xff,0xf2,0x00,0x00,0x00,0x00,0x00,0x00,0x00,0x4f,0xff,0xff,0xf2,
  0x00,0x00,0x00,0x00,0x00,0x00,0x00,0x4f,0xff,0xff,0xf2,0x00,0x00,0x00,0x00,0x00,0x00,0x00,0x4f,0xff,0xff,0xf2,0x00,0x00,0x00,0x00,0x00,0x00,0x00,0x4f,0xff,0xff,
  0xf2,0x00,0x00,0x00,0x00,0x00,0x00,0x00,0x4f,0xff,0xff,0xf2,0x00,0x00,0x00,0x00,0x00,0x00,0x00,0x4f,0xff,0xff,0xf2,0x00,0x00,0x00,0x00,0x00,0x00,0x00,0x4f,0xff,
  0xff,0xf2,0x00,0x00,0x00,0x00,0x00,0x00,0x00,0x4f,0xff,0xff,0xf2,0x00,0x00,0x00,0x00,0x00,0x00,0x00,0x4f,0xff,0xff,0xf2,0x00,0x00,0x00,0x00,0x00,0x00,0x00,0x4f,
  0xff,0xff,0xf2,0x00,0x00,0x00,0x00,0x00,0x00,0x00,0x4f,0xff,0xff,0xf2,0x00,0x00,0x00,0x00,0x00,0x00,0x00,0x4f,0xff,0xff,0xf2,0x00,0x00,0x00,0x00,0x00,0x00,0x00,
  0x4f,0xff,0xff,0xf2,0x00,0x00,0x00,0x00,0x00,0x00,0x00,0x4f,0xff,0xff,0xf2,0x00,0x00,0x00,0x00,0x00,0x00,0x00,0x4f,0xff,0xff,0xf6,0x44,0x44,0x44,0x44,0x44,0x43,
  0x00,0x4f,0xff,0xff,0xff,0xff,0xff,0xff,0xff,0xff,0xfb,0x00,0x4f,0xff,0xff,0xff,0xff,0xff,0xff,0xff,0xff,0xfb,0x00,0x4f,0xff,0xff,0xff,0xff,0xff,0xff,0xff,0xff,
  0xfb,0x00,0x4f,0xff,0xff,0xff,0xff,0xff,0xff,0xff,0xff,0xfb,0x00,0x4f,0xff,0xff,0xff,0xff,0xff,0xff,0xff,0xff,0xfb,0x00,0x3b,0xbb,0xbb,0xbb,0xbb,0x20,0x00,0x00,
  0x00,0x0b,0xbb,0xbb,0xbb,0xbb,0x20,0x00,0x00,0x4f,0xff,0xff,0xff,0xff,0x60,0x00,0x00,0x00,0x4f,0xff,0xff,0xff,0xff,0x30,0x00,0x00,0x4f,0xff,0xff,0xff,0xff,0xb0,
  0x00,0x00,0x00,0x8f,0xff,0xff,0xff,0xff,0x30,0x00,0x00,0x4f,0xff,0xff,0xff,0xff,0xf0,0x00,0x00,0x00,0xdf,0xff,0xff,0xff,0xff,0x30,0x00,0x00,0x4f,0xff,0xff,0xff,
  0xff,0xf3,0x00,0x00,0x01,0xff,0xff,0xff,0xff,0xff,0x30,0x00,0x00,0x4f,0xff,0xff,0xff,0xff,0xf8,0x00,0x00,0x06,0xff,0xff,0xff,0xff,0xff,0x30,0x00,0x00,0x4f,0xff,
  0xff,0xef,0xff,0xfc,0x00,0x00,0x0a,0xff,0xfe,0xff,0xff,0xff,0x30,0x00,0x00,0x4f,0xff,0xff,0x8f,0xff,0xff,0x10,0x00,0x0e,0xff,0xf9,0xff,0xff,0xff,0x30,0x00,0x00,
  0x4f,0xff,0xff,0x7e,0xff,0xff,0x50,0x00,0x3f,0xff,0xf5,0xff,0xff,0xff,0x30,0x00,0x00,0x4f,0xff,0xff,0x7a,0xff,0xff,0x90,0x00,0x7f,0xff,0xf1,0xff,0xff,0xff,0x30,
  0x00,0x00,0x4f,0xff,0xff,0x86,0xff,0xff,0xd0,0x00,0xcf,0xff,0xd0,0xff,0xff,0xff,0x30,0x00,0x00,0x4f,0xff,0xff,0x82,0xff,0xff,0xf2,0x00,0xff,0xff,0x90,0xff,0xff,
  0xff,0x30,0x00,0x00,0x4f,0xff,0xff,0x80,0xef,0xff,0xf6,0x04,0xff,0xff,0x50,0xff,0xff,0xff,0x30,0x00,0x00,0x4f,0xff,0xff,0x80,0x9f,0xff,0xfa,0x08,0xff,0xff,0x01,
  0xff,0xff,0xff,0x30,0x00,0x00,0x4f,0xff,0xff,0x90,0x5f,0xff,0xfe,0x0b,0xff,0xfc,0x01,0xff,0xff,0xff,0x30,0x00,0x00,0x4f,0xff,0xff,0x90,0x0f,0xff,0xff,0x2f,0xff,
  0xf7,0x01,0xff,0xff,0xff,0x30,0x00,0x00,0x4f,0xff,0xff,0x90,0x0c,0xff,0xff,0x9f,0xff,0xf3,0x01,0xff,0xff,0xff,0x30,0x00,0x00,0x4f,0xff,0xff,0x90,0x07,0xff,0xff,
  0xff,0xff,0xe0,0x01,0xff,0xff,0xff,0x30,0x00,0x00,0x4f,0xff,0xff,0x90,0x03,0xff,0xff,0xff,0xff,0xa0,0x01,0xff,0xff,0xff,0x30,0x00,0x00,0x4f,0xff,0xff,0x90,0x00,
  0xef,0xff,0xff,0xff,0x50,0x01,0xff,0xff,0xff,0x30,0x00,0x00,0x4f,0xff,0xff,0x90,0x00,0xaf,0xff,0xff,0xff,0x10,0x01,0xff,0xff,0xff,0x30,0x00,0x00,0x4f,0xff,0xff,
  0x90,0x00,0x5f,0xff,0xff,0xfc,0x00,0x01,0xff,0xff,0xff,0x30,0x00,0x00,0x4f,0xff,0xff,0x90,0x00,0x1f,0xff,0xff,0xf8,0x00,0x01,0xff,0xff,0xff,0x30,0x00,0x00,0x4f,
  0xff,0xff,0x90,0x00,0x0c,0xff,0xff,0xf4,0x00,0x01,0xff,0xff,0xff,0x30,0x00,0x00,0x4f,0xff,0xff,0x90,0x00,0x08,0xff,0xff,0xf0,0x00,0x01,0xff,0xff,0xff,0x30,0x00,
  0x00,0x3b,0xbb,0xbb,0x80,0x00,0x00,0x00,0x00,0x04,0xbb,0xbb,0xb7,0x00,0x00,0x4f,0xff,0xff,0xf6,0x00,0x00,0x00,0x00,0x05,0xff,0xff,0xfa,0x00,0x00,0x4f,0xff,0xff,
  0xff,0x30,0x00,0x00,0x00,0x05,0xff,0xff,0xfa,0x00,0x00,0x4f,0xff,0xff,0xff,0xe1,0x00,0x00,0x00,0x05,0xff,0xff,0xfa,0x00,0x00,0x4f,0xff,0xff,0xff,0xfb,0x00,0x00,
  0x00,0x05,0xff,0xff,0xfa,0x00,0x00,0x4f,0xff,0xff,0xff,0xff,0x80,0x00,0x00,0x05,0xff,0xff,0xfa,0x00,0x00,0x4f,0xff,0xff,0xff,0xff,0xf5,0x00,0x00,0x05,0xff,0xff,
  0xfa,0x00,0x00,0x4f,0xff,0xff,0xff,0xff,0xff,0x20,0x00,0x05,0xff,0xff,0xfa,0x00,0x00,0x4f,0xff,0xff,0xff,0xff,0xff,0xd0,0x00,0x05,0xff,0xff,0xfa,0x00,0x00,0x4f,
  0xff,0xff,0xff,0xff,0xff,0xfa,0x00,0x05,0xff,0xff,0xfa,0x00,0x00,0x4f,0xff,0xff,0xef,0xff,0xff,0xff,0x70,0x05,0xff,0xff,0xfa,0x00,0x00,0x4f,0xff,0xff,0xa9,0xff,
  0xff,0xff,0xf3,0x05,0xff,0xff,0xfa,0x00,0x00,0x4f,0xff,0xff,0xa0,0xdf,0xff,0xff,0xfe,0x15,0xff,0xff,0xfa,0x00,0x00,0x4f,0xff,0xff,0xa0,0x2f,0xff,0xff,0xff,0xc5,
  0xff,0xff,0xfa,0x00,0x00,0x4f,0xff,0xff,0xa0,0x05,0xff,0xff,0xff,0xfc,0xff,0xff,0xfa,0x00,0x00,0x4f,0xff,0xff,0xa0,0x00,0x8f,0xff,0xff,0xff,0xff,0xff,0xfa,0x00,
  0x00,0x4f,0xff,0xff,0xa0,0x00,0x0b,0xff,0xff,0xff,0xff,0xff,0xfa,0x00,0x00,0x4f,0xff,0xff,0xa0,0x00,0x01,0xef,0xff,0xff,0xff,0xff,0xfa,0x00,0x00,0x4f,0xff,0xff,
  0xa0,0x00,0x00,0x3f,0xff,0xff,0xff,0xff,0xfa,0x00,0x00,0x4f,0xff,0xff,0xa0,0x00,0x00,0x06,0xff,0xff,0xff,0xff,0xfa,0x00,0x00,0x4f,0xff,0xff,0xa0,0x00,0x00,0x00,
  0x9f,0xff,0xff,0xff,0xfa,0x00,0x00,0x4f,0xff,0xff,0xa0,0x00,0x00,0x00,0x0c,0xff,0xff,0xff,0xfa,0x00,0x00,0x4f,0xff,0xff,0xa0,0x00,0x00,0x00,0x01,0xef,0xff,0xff,
  0xfa,0x00,0x00,0x4f,0xff,0xff,0xa0,0x00,0x00,0x00,0x00,0x4f,0xff,0xff,0xfa,0x00,0x00,0x4f,0xff,0xff,0xa0,0x00,0x00,0x00,0x00,0x07,0xff,0xff,0xfa,0x00,0x00,0x00,
  0x00,0x00,0x00,0x00,0x02,0x22,0x10,0x00,0x00,0x00,0x00,0x00,0x00,0x00,0x00,0x00,0x00,0x27,0xbe,0xff,0xff,0xff,0xc8,0x20,0x00,0x00,0x00,0x00,0x00,0x00,0x00,0x2a,
  0xff,0xff,0xff,0xff,0xff,0xff,0xfb,0x30,0x00,0x00,0x00,0x00,0x00,0x05,0xff,0xff,0xff,0xff,0xff,0xff,0xff,0xff,0xf7,0x00,0x00,0x00,0x00,0x00,0x6f,0xff,0xff,0xff,
  0xff,0xff,0xff,0xff,0xff,0xff,0x80,0x00,0x00,0x00,0x03,0xff,0xff,0xff,0xff,0xff,0xee,0xff,0xff,0xff,0xff,0xf5,0x00,0x00,0x00,0x0c,0xff,0xff,0xff,0xf7,0x20,0x00,
  0x17,0xef,0xff,0xff,0xfe,0x00,0x00,0x00,0x4f,0xff,0xff,0xfe,0x20,0x00,0x00,0x00,0x1d,0xff,0xff,0xff,0x70,0x00,0x00,0xaf,0xff,0xff,0xf4,0x00,0x00,0x00,0x00,0x02,
  0xff,0xff,0xff,0xd0,0x00,0x00,0xef,0xff,0xff,0xc0,0x00,0x00,0x00,0x00,0x00,0xaf,0xff,0xff,0xf1,0x00,0x02,0xff,0xff,0xff,0x70,0x00,0x00,0x00,0x00,0x00,0x5f,0xff,
  0xff,0xf4,0x00,0x04,0xff,0xff,0xff,0x50,0x00,0x00,0x00,0x00,0x00,0x2f,0xff,0xff,0xf6,0x00,0x05,0xff,0xff,0xff,0x40,0x00,0x00,0x00,0x00,0x00,0x1f,0xff,0xff,0xf8,
  0x00,0x05,0xff,0xff,0xff,0x40,0x00,0x00,0x00,0x00,0x00,0x1f,0xff,0xff,0xf8,0x00,0x05,0xff,0xff,0xff,0x40,0x00,0x00,0x00,0x00,0x00,0x1f,0xff,0xff,0xf8,0x00,0x04,
  0xff,0xff,0xff,0x40,0x00,0x00,0x00,0x00,0x00,0x2f,0xff,0xff,0xf7,0x00,0x02,0xff,0xff,0xff,0x70,0x00,0x00,0x00,0x00,0x00,0x4f,0xff,0xff,0xf5,0x00,0x00,0xff,0xff,
  0xff,0xb0,0x00,0x00,0x00,0x00,0x00,0x8f,0xff,0xff,0xf2,0x00,0x00,0xbf,0xff,0xff,0xf2,0x00,0x00,0x00,0x00,0x00,0xef,0xff,0xff,0xe0,0x00,0x00,0x6f,0xff,0xff,0xfc,
  0x00,0x00,0x00,0x00,0x0a,0xff,0xff,0xff,0x80,0x00,0x00,0x0e,0xff,0xff,0xff,0xc3,0x00,0x00,0x02,0xbf,0xff,0xff,0xff,0x20,0x00,0x00,0x05,0xff,0xff,0xff,0xff,0xda,
  0x9a,0xdf,0xff,0xff,0xff,0xf8,0x00,0x00,0x00,0x00,0xaf,0xff,0xff,0xff,0xff,0xff,0xff,0xff,0xff,0xff,0xc0,0x00,0x00,0x00,0x00,0x0a,0xff,0xff,0xff,0xff,0xff,0xff,
  0xff,0xff,0xfb,0x00,0x00,0x00,0x00,0x00,0x00,0x5e,0xff,0xff,0xff,0xff,0xff,0xff,0xff,0x70,0x00,0x00,0x00,0x00,0x00,0x00,0x00,0x6b,0xff,0xff,0xff,0xff,0xfc,0x71,
  0x00,0x00,0x00,0x00,0x00,0x00,0x00,0x00,0x00,0x03,0x56,0x66,0x53,0x00,0x00,0x00,0x00,0x00,0x00,0x00,0x3b,0xbb,0xbb,0xbb,0xbb,0xbb,0xbb,0xba,0x83,0x00,0x00,0x00,
  0x00,0x4f,0xff,0xff,0xff,0xff,0xff,0xff,0xff,0xff,0xc2,0x00,0x00,0x00,0x4f,0xff,0xff,0xff,0xff,0xff,0xff,0xff,0xff,0xfe,0x30,0x00,0x00,0x4f,0xff,0xff,0xff,0xff,
  0xff,0xff,0xff,0xff,0xff,0xe0,0x00,0x00,0x4f,0xff,0xff,0xff,0xff,0xff,0xff,0xff,0xff,0xff,0xf8,0x00,0x00,0x4f,0xff,0xff,0xf5,0x44,0x44,0x45,0xbf,0xff,0xff,0xfe,
  0x00,0x00,0x4f,0xff,0xff,0xf2,0x00,0x00,0x00,0x0b,0xff,0xff,0xff,0x10,0x00,0x4f,0xff,0xff,0xf2,0x00,0x00,0x00,0x05,0xff,0xff,0xff,0x30,0x00,0x4f,0xff,0xff,0xf2,
  0x00,0x00,0x00,0x04,0xff,0xff,0xff,0x40,0x00,0x4f,0xff,0xff,0xf2,0x00,0x00,0x00,0x06,0xff,0xff,0xff,0x30,0x00,0x4f,0xff,0xff,0xf2,0x00,0x00,0x00,0x0c,0xff,0xff,
  0xff,0x10,0x00,0x4f,0xff,0xff,0xf6,0x55,0x55,0x56,0xcf,0xff,0xff,0xfd,0x00,0x00,0x4f,0xff,0xff,0xff,0xff,0xff,0xff,0xff,0xff,0xff,0xf6,0x00,0x00,0x4f,0xff,0xff,
  0xff,0xff,0xff,0xff,0xff,0xff,0xff,0xc0,0x00,0x00,0x4f,0xff,0xff,0xff,0xff,0xff,0xff,0xff,0xff,0xfd,0x10,0x00,0x00,0x4f,0xff,0xff,0xff,0xff,0xff,0xff,0xff,0xff,
  0x91,0x00,0x00,0x00,0x4f,0xff,0xff,0xfb,0xaa,0xaa,0xaa,0xa8,0x61,0x00,0x00,0x00,0x00,0x4f,0xff,0xff,0xf2,0x00,0x00,0x00,0x00,0x00,0x00,0x00,0x00,0x00,0x4f,0xff,
  0xff,0xf2,0x00,0x00,0x00,0x00,0x00,0x00,0x00,0x00,0x00,0x4f,0xff,0xff,0xf2,0x00,0x00,0x00,0x00,0x00,0x00,0x00,0x00,0x00,0x4f,0xff,0xff,0xf2,0x00,0x00,0x00,0x00,
  0x00,0x00,0x00,0x00,0x00,0x4f,0xff,0xff,0xf2,0x00,0x00,0x00,0x00,0x00,0x00,0x00,0x00,0x00,0x4f,0xff,0xff,0xf2,0x00,0x00,0x00,0x00,0x00,0x00,0x00,0x00,0x00,0x4f,
  0xff,0xff,0xf2,0x00,0x00,0x00,0x00,0x00,0x00,0x00,0x00,0x00,0x4f,0xff,0xff,0xf2,0x00,0x00,0x00,0x00,0x00,0x00,0x00,0x00,0x00,0x00,0x00,0x00,0x00,0x00,0x02,0x22,
  0x10,0x00,0x00,0x00,0x00,0x00,0x00,0x00,0x00,0x00,0x00,0x27,0xbe,0xff,0xff,0xff,0xc8,0x20,0x00,0x00,0x00,0x00,0x00,0x00,0x00,0x2a,0xff,0xff,0xff,0xff,0xff,0xff,
  0xfb,0x30,0x00,0x00,0x00,0x00,0x00,0x05,0xff,0xff,0xff,0xff,0xff,0xff,0xff,0xff,0xf7,0x00,0x00,0x00,0x00,0x00,0x6f,0xff,0xff,0xff,0xff,0xff,0xff,0xff,0xff,0xff,
  0x80,0x00,0x00,0x00,0x03,0xff,0xff,0xff,0xff,0xff,0xee,0xff,0xff,0xff,0xff,0xf5,0x00,0x00,0x00,0x0c,0xff,0xff,0xff,0xf7,0x20,0x00,0x17,0xef,0xff,0xff,0xfe,0x00,
  0x00,0x00,0x4f,0xff,0xff,0xfe,0x20,0x00,0x00,0x00,0x1d,0xff,0xff,0xff,0x70,0x00,0x00,0xaf,0xff,0xff,0xf4,0x00,0x00,0x00,0x00,0x02,0xff,0xff,0xff,0xd0,0x00,0x00,
  0xef,0xff,0xff,0xc0,0x00,0x00,0x00,0x00,0x00,0xaf,0xff,0xff,0xf1,0x00,0x02,0xff,0xff,0xff,0x70,0x00,0x00,0x00,0x00,0x00,0x5f,0xff,0xff,0xf4,0x00,0x04,0xff,0xff,
  0xff,0x50,0x00,0x00,0x00,0x00,0x00,0x2f,0xff,0xff,0xf6,0x00,0x05,0xff,0xff,0xff,0x40,0x00,0x00,0x00,0x00,0x00,0x1f,0xff,0xff,0xf8,0x00,0x05,0xff,0xff,0xff,0x40,
  0x00,0x00,0x00,0x00,0x00,0x1f,0xff,0xff,0xf8,0x00,0x05,0xff,0xff,0xff,0x40,0x00,0x00,0x00,0x00,0x00,0x1f,0xff,0xff,0xf8,0x00,0x04,0xff,0xff,0xff,0x40,0x00,0x00,
  0x00,0x00,0x00,0x2f,0xff,0xff,0xf7,0x00,0x02,0xff,0xff,0xff,0x70,0x00,0x00,0x00,0x00,0x00,0x4f,0xff,0xff,0xf5,0x00,0x00,0xff,0xff,0xff,0xb0,0x00,0x00,0x00,0x00,
  0x00,0x8f,0xff,0xff,0xf2,0x00,0x00,0xbf,0xff,0xff,0xf2,0x00,0x00,0x00,0x00,0x00,0xef,0xff,0xff,0xe0,0x00,0x00,0x6f,0xff,0xff,0xfc,0x00,0x00,0x00,0x00,0x0a,0xff,
  0xff,0xff,0x80,0x00,0x00,0x0e,0xff,0xff,0xff,0xc3,0x00,0x00,0x02,0xbf,0xff,0xff,0xff,0x20,0x00,0x00,0x06,0xff,0xff,0xff,0xff,0xda,0x9a,0xdf,0xff,0xff,0xff,0xf8,
  0x00,0x00,0x00,0x00,0xaf,0xff,0xff,0xff,0xff,0xff,0xff,0xff,0xff,0xff,0xb0,0x00,0x00,0x00,0x00,0x0b,0xff,0xff,0xff,0xff,0xff,0xff,0xff,0xff,0xfb,0x00,0x00,0x00,
  0x00,0x00,0x00,0x7f,0xff,0xff,0xff,0xff,0xff,0xff,0xff,0x70,0x00,0x00,0x00,0x00,0x00,0x00,0x01,0x7c,0xff,0xff,0xff,0xff,0xff,0xfa,0x00,0x00,0x00,0x00,0x00,0x00,
  0x00,0x00,0x00,0x03,0x56,0x5d,0xff,0xff,0xff,0x90,0x00,0x00,0x00,0x00,0x00,0x00,0x00,0x00,0x00,0x00,0x02,0xef,0xff,0xff,0xf9,0x00,0x00,0x00,0x00,0x00,0x00,0x00,
  0x00,0x00,0x00,0x00,0x3f,0xff,0xff,0xff,0x90,0x00,0x00,0x00,0x00,0x00,0x00,0x00,0x00,0x00,0x00,0x04,0xff,0xff,0xff,0xf9,0x00,0x00,0x00,0x00,0x00,0x00,0x00,0x00,
  0x00,0x00,0x00,0x5b,0xbb,0xbb,0xbb,0x50,0x00,0x00,0x3b,0xbb,0xbb,0xbb,0xbb,0xbb,0xbb,0xbb,0xa7,0x30,0x00,0x00,0x00,0x00,0x4f,0xff,0xff,0xff,0xff,0xff,0xff,0xff,
  0xff,0xfc,0x20,0x00,0x00,0x00,0x4f,0xff,0xff,0xff,0xff,0xff,0xff,0xff,0xff,0xff,0xf4,0x00,0x00,0x00,0x4f,0xff,0xff,0xff,0xff,0xff,0xff,0xff,0xff,0xff,0xfe,0x10,
  0x00,0x00,0x4f,0xff,0xff,0xff,0xff,0xff,0xff,0xff,0xff,0xff,0xff,0x80,0x00,0x00,0x4f,0xff,0xff,0xf4,0x22,0x22,0x22,0x3a,0xff,0xff,0xff,0xe0,0x00,0x00,0x4f,0xff,
  0xff,0xf2,0x00,0x00,0x00,0x00,0xbf,0xff,0xff,0xf2,0x00,0x00,0x4f,0xff,0xff,0xf2,0x00,0x00,0x00,0x00,0x5f,0xff,0xff,0xf4,0x00,0x00,0x4f,0xff,0xff,0xf2,0x00,0x00,
  0x00,0x00,0x4f,0xff,0xff,0xf4,0x00,0x00,0x4f,0xff,0xff,0xf2,0x00,0x00,0x00,0x00,0x7f,0xff,0xff,0xf3,0x00,0x00,0x4f,0xff,0xff,0xf2,0x00,0x00,0x00,0x01,0xef,0xff,
  0xff,0xf0,0x00,0x00,0x4f,0xff,0xff,0xf9,0x88,0x88,0x88,0x9e,0xff,0xff,0xff,0x90,0x00,0x00,0x4f,0xff,0xff,0xff,0xff,0xff,0xff,0xff,0xff,0xff,0xff,0x10,0x00,0x00,
  0x4f,0xff,0xff,0xff,0xff,0xff,0xff,0xff,0xff,0xff,0xf5,0x00,0x00,0x00,0x4f,0xff,0xff,0xff,0xff,0xff,0xff,0xff,0xff,0xfe,0x40,0x00,0x00,0x00,0x4f,0xff,0xff,0xff,
  0xff,0xff,0xff,0xff,0xff,0xf5,0x00,0x00,0x00,0x00,0x4f,0xff,0xff,0xf6,0x44,0x44,0x5f,0xff,0xff,0xfc,0x00,0x00,0x00,0x00,0x4f,0xff,0xff,0xf2,0x00,0x00,0x0a,0xff,
  0xff,0xff,0x40,0x00,0x00,0x00,0x4f,0xff,0xff,0xf2,0x00,0x00,0x02,0xff,0xff,0xff,0xc0,0x00,0x00,0x00,0x4f,0xff,0xff,0xf2,0x00,0x00,0x00,0xaf,0xff,0xff,0xf4,0x00,
  0x00,0x00,0x4f,0xff,0xff,0xf2,0x00,0x00,0x00,0x3f,0xff,0xff,0xfc,0x00,0x00,0x00,0x4f,0xff,0xff,0xf2,0x00,0x00,0x00,0x0b,0xff,0xff,0xff,0x50,0x00,0x00,0x4f,0xff,
  0xff,0xf2,0x00,0x00,0x00,0x04,0xff,0xff,0xff,0xd0,0x00,0x00,0x4f,0xff,0xff,0xf2,0x00,0x00,0x00,0x00,0xcf,0xff,0xff,0xf5,0x00,0x00,0x4f,0xff,0xff,0xf2,0x00,0x00,
  0x00,0x00,0x5f,0xff,0xff,0xfd,0x00,0x00,0x00,0x00,0x00,0x00,0x01,0x22,0x10,0x00,0x00,0x00,0x00,0x00,0x00,0x00,0x00,0x17,0xbe,0xff,0xff,0xfe,0xb7,0x20,0x00,0x00,
  0x00,0x00,0x00,0x19,0xff,0xff,0xff,0xff,0xff,0xff,0xf9,0x10,0x00,0x00,0x00,0x01,0xdf,0xff,0xff,0xff,0xff,0xff,0xff,0xff,0xe2,0x00,0x00,0x00,0x0c,0xff,0xff,0xff,
  0xff,0xff,0xff,0xff,0xff,0xfd,0x00,0x00,0x00,0x5f,0xff,0xff,0xff,0xda,0x9a,0xdf,0xff,0xff,0xff,0x60,0x00,0x00,0xbf,0xff,0xff,0xf4,0x00,0x00,0x03,0xef,0xff,0xff,
  0xc0,0x00,0x00,0xdf,0xff,0xff,0xa0,0x00,0x00,0x00,0x6f,0xff,0xff,0xf0,0x00,0x00,0xef,0xff,0xff,0xd0,0x00,0x00,0x00,0x2b,0xbb,0xbb,0xa0,0x00,0x00,0xcf,0xff,0xff,
  0xfd,0x50,0x00,0x00,0x00,0x00,0x00,0x00,0x00,0x00,0x9f,0xff,0xff,0xff,0xff,0xb7,0x30,0x00,0x00,0x00,0x00,0x00,0x00,0x2f,0xff,0xff,0xff,0xff,0xff,0xff,0xc7,0x20,
  0x00,0x00,0x00,0x00,0x07,0xff,0xff,0xff,0xff,0xff,0xff,0xff,0xfb,0x30,0x00,0x00,0x00,0x00,0x6f,0xff,0xff,0xff,0xff,0xff,0xff,0xff,0xf7,0x00,0x00,0x00,0x00,0x01,
  0x8e,0xff,0xff,0xff,0xff,0xff,0xff,0xff,0x70,0x00,0x00,0x00,0x00,0x00,0x49,0xdf,0xff,0xff,0xff,0xff,0xff,0xf1,0x00,0x00,0x00,0x00,0x00,0x00,0x01,0x59,0xef,0xff,
  0xff,0xff,0xf7,0x00,0x01,0x22,0x22,0x22,0x00,0x00,0x00,0x04,0xdf,0xff,0xff,0xf9,0x00,0x06,0xff,0xff,0xfd,0x00,0x00,0x00,0x00,0x2f,0xff,0xff,0xfa,0x00,0x05,0xff,
  0xff,0xff,0x00,0x00,0x00,0x00,0x0f,0xff,0xff,0xf9,0x00,0x02,0xff,0xff,0xff,0xb0,0x00,0x00,0x00,0x8f,0xff,0xff,0xf6,0x00,0x00,0xdf,0xff,0xff,0xff,0xa8,0x78,0x9d,
  0xff,0xff,0xff,0xf1,0x00,0x00,0x5f,0xff,0xff,0xff,0xff,0xff,0xff,0xff,0xff,0xff,0x90,0x00,0x00,0x08,0xff,0xff,0xff,0xff,0xff,0xff,0xff,0xff,0xfc,0x00,0x00,0x00,
  0x00,0x5e,0xff,0xff,0xff,0xff,0xff,0xff,0xff,0x90,0x00,0x00,0x00,0x00,0x00,0x6c,0xff,0xff,0xff,0xff,0xfe,0x92,0x00,0x00,0x00,0x00,0x00,0x00,0x00,0x02,0x46,0x66,
  0x54,0x10,0x00,0x00,0x00,0x00,0x1b,0xbb,0xbb,0xbb,0xbb,0xbb,0xbb,0xbb,0xbb,0xbb,0xbb,0xb4,0x2f,0xff,0xff,0xff,0xff,0xff,0xff,0xff,0xff,0xff,0xff,0xf5,0x2f,0xff,
  0xff,0xff,0xff,0xff,0xff,0xff,0xff,0xff,0xff,0xf5,0x2f,0xff,0xff,0xff,0xff,0xff,0xff,0xff,0xff,0xff,0xff,0xf5,0x2f,0xff,0xff,0xff,0xff,0xff,0xff,0xff,0xff,0xff,
  0xff,0xf5,0x19,0x99,0x99,0x99,0x9f,0xff,0xff,0xfb,0x99,0x99,0x99,0x93,0x00,0x00,0x00,0x00,0x1f,0xff,0xff,0xf5,0x00,0x00,0x00,0x00,0x00,0x00,0x00,0x00,0x1f,0xff,
  0xff,0xf5,0x00,0x00,0x00,0x00,0x00,0x00,0x00,0x00,0x1f,0xff,0xff,0xf5,0x00,0x00,0x00,0x00,0x00,0x00,0x00,0x00,0x1f,0xff,0xff,0xf5,0x00,0x00,0x00,0x00,0x00,0x00,
  0x00,0x00,0x1f,0xff,0xff,0xf5,0x00,0x00,0x00,0x00,0x00,0x00,0x00,0x00,0x1f,0xff,0xff,0xf5,0x00,0x00,0x00,0x00,0x00,0x00,0x00,0x00,0x1f,0xff,0xff,0xf5,0x00,0x00,
  0x00,0x00,0x00,0x00,0x00,0x00,0x1f,0xff,0xff,0xf5,0x00,0x00,0x00,0x00,0x00,0x00,0x00,0x00,0x1f,0xff,0xff,0xf5,0x00,0x00,0x00,0x00,0x00,0x00,0x00,0x00,0x1f,0xff,
  0xff,0xf5,0x00,0x00,0x00,0x00,0x00,0x00,0x00,0x00,0x1f,0xff,0xff,0xf5,0x00,0x00,0x00,0x00,0x00,0x00,0x00,0x00,0x1f,0xff,0xff,0xf5,0x00,0x00,0x00,0x00,0x00,0x00,
  0x00,0x00,0x1f,0xff,0xff,0xf5,0x00,0x00,0x00,0x00,0x00,0x00,0x00,0x00,0x1f,0xff,0xff,0xf5,0x00,0x00,0x00,0x00,0x00,0x00,0x00,0x00,0x1f,0xff,0xff,0xf5,0x00,0x00,
  0x00,0x00,0x00,0x00,0x00,0x00,0x1f,0xff,0xff,0xf5,0x00,0x00,0x00,0x00,0x00,0x00,0x00,0x00,0x1f,0xff,0xff,0xf5,0x00,0x00,0x00,0x00,0x00,0x00,0x00,0x00,0x1f,0xff,
  0xff,0xf5,0x00,0x00,0x00,0x00,0x00,0x00,0x00,0x00,0x1f,0xff,0xff,0xf5,0x00,0x00,0x00,0x00,0x00,0x4b,0xbb,0xbb,0xb1,0x00,0x00,0x00,0x00,0x0a,0xbb,0xbb,0xb6,0x00,
  0x00,0x6f,0xff,0xff,0xf1,0x00,0x00,0x00,0x00,0x0e,0xff,0xff,0xf9,0x00,0x00,0x6f,0xff,0xff,0xf1,0x00,0x00,0x00,0x00,0x0e,0xff,0xff,0xf9,0x00,0x00,0x6f,0xff,0xff,
  0xf1,0x00,0x00,0x00,0x00,0x0e,0xff,0xff,0xf9,0x00,0x00,0x6f,0xff,0xff,0xf1,0x00,0x00,0x00,0x00,0x0e,0xff,0xff,0xf9,0x00,0x00,0x6f,0xff,0xff,0xf1,0x00,0x00,0x00,
  0x00,0x0e,0xff,0xff,0xf9,0x00,0x00,0x6f,0xff,0xff,0xf1,0x00,0x00,0x00,0x00,0x0e,0xff,0xff,0xf9,0x00,0x00,0x6f,0xff,0xff,0xf1,0x00,0x00,0x00,0x00,0x0e,0xff,0xff,
  0xf9,0x00,0x00,0x6f,0xff,0xff,0xf1,0x00,0x00,0x00,0x00,0x0e,0xff,0xff,0xf9,0x00,0x00,0x6f,0xff,0xff,0xf1,0x00,0x00,0x00,0x00,0x0e,0xff,0xff,0xf9,0x00,0x00,0x6f,
  0xff,0xff,0xf1,0x00,0x00,0x00,0x00,0x0e,0xff,0xff,0xf9,0x00,0x00,0x6f,0xff,0xff,0xf1,0x00,0x00,0x00,0x00,0x0e,0xff,0xff,0xf9,0x00,0x00,0x6f,0xff,0xff,0xf1,0x00,
  0x00,0x00,0x00,0x0e,0xff,0xff,0xf9,0x00,0x00,0x6f,0xff,0xff,0xf1,0x00,0x00,0x00,0x00,0x0e,0xff,0xff,0xf9,0x00,0x00,0x6f,0xff,0xff,0xf1,0x00,0x00,0x00,0x00,0x0e,
  0xff,0xff,0xf9,0x00,0x00,0x5f,0xff,0xff,0xf1,0x00,0x00,0x00,0x00,0x0e,0xff,0xff,0xf8,0x00,0x00,0x5f,0xff,0xff,0xf3,0x00,0x00,0x00,0x00,0x0f,0xff,0xff,0xf8,0x00,
  0x00,0x3f,0xff,0xff,0xf7,0x00,0x00,0x00,0x00,0x4f,0xff,0xff,0xf6,0x00,0x00,0x0f,0xff,0xff,0xfe,0x10,0x00,0x00,0x00,0xcf,0xff,0xff,0xf3,0x00,0x00,0x0b,0xff,0xff,
  0xff,0xc2,0x00,0x00,0x1b,0xff,0xff,0xff,0xe0,0x00,0x00,0x04,0xff,0xff,0xff,0xff,0xca,0xac,0xff,0xff,0xff,0xff,0x70,0x00,0x00,0x00,0xaf,0xff,0xff,0xff,0xff,0xff,
  0xff,0xff,0xff,0xfc,0x00,0x00,0x00,0x00,0x0b,0xff,0xff,0xff,0xff,0xff,0xff,0xff,0xff,0xd1,0x00,0x00,0x00,0x00,0x00,0x8f,0xff,0xff,0xff,0xff,0xff,0xff,0xfa,0x10,
  0x00,0x00,0x00,0x00,0x00,0x02,0x8d,0xff,0xff,0xff,0xff,0xe9,0x30,0x00,0x00,0x00,0x00,0x00,0x00,0x00,0x00,0x14,0x66,0x66,0x42,0x00,0x00,0x00,0x00,0x00,0x4b,0xbb,
  0xbb,0xb6,0x00,0x00,0x00,0x00,0x00,0x0b,0xbb,0xbb,0xb7,0x1f,0xff,0xff,0xfd,0x00,0x00,0x00,0x00,0x00,0x5f,0xff,0xff,0xf4,0x0b,0xff,0xff,0xff,0x20,0x00,0x00,0x00,
  0x00,0xaf,0xff,0xff,0xe0,0x05,0xff,0xff,0xff,0x70,0x00,0x00,0x00,0x00,0xff,0xff,0xff,0x90,0x00,0xff,0xff,0xff,0xc0,0x00,0x00,0x00,0x04,0xff,0xff,0xff,0x30,0x00,
  0x9f,0xff,0xff,0xf1,0x00,0x00,0x00,0x09,0xff,0xff,0xfd,0x00,0x00,0x4f,0xff,0xff,0xf7,0x00,0x00,0x00,0x0e,0xff,0xff,0xf8,0x00,0x00,0x0e,0xff,0xff,0xfc,0x00,0x00,
  0x00,0x4f,0xff,0xff,0xf2,0x00,0x00,0x08,0xff,0xff,0xff,0x10,0x00,0x00,0x9f,0xff,0xff,0xc0,0x00,0x00,0x02,0xff,0xff,0xff,0x60,0x00,0x00,0xef,0xff,0xff,0x60,0x00,
  0x00,0x00,0xdf,0xff,0xff,0xb0,0x00,0x03,0xff,0xff,0xff,0x10,0x00,0x00,0x00,0x7f,0xff,0xff,0xf1,0x00,0x08,0xff,0xff,0xfb,0x00,0x00,0x00,0x00,0x1f,0xff,0xff,0xf6,
  0x00,0x0e,0xff,0xff,0xf5,0x00,0x00,0x00,0x00,0x0b,0xff,0xff,0xfb,0x00,0x3f,0xff,0xff,0xf0,0x00,0x00,0x00,0x00,0x06,0xff,0xff,0xff,0x10,0x8f,0xff,0xff,0xa0,0x00,
  0x00,0x00,0x00,0x00,0xff,0xff,0xff,0x50,0xdf,0xff,0xff,0x40,0x00,0x00,0x00,0x00,0x00,0xaf,0xff,0xff,0xa1,0xff,0xff,0xfe,0x00,0x00,0x00,0x00,0x00,0x00,0x4f,0xff,
  0xff,0xf7,0xff,0xff,0xf9,0x00,0x00,0x00,0x00,0x00,0x00,0x0e,0xff,0xff,0xff,0xff,0xff,0xf3,0x00,0x00,0x00,0x00,0x00,0x00,0x09,0xff,0xff,0xff,0xff,0xff,0xd0,0x00,
  0x00,0x00,0x00,0x00,0x00,0x03,0xff,0xff,0xff,0xff,0xff,0x80,0x00,0x00,0x00,0x00,0x00,0x00,0x00,0xdf,0xff,0xff,0xff,0xff,0x20,0x00,0x00,0x00,0x00,0x00,0x00,0x00,
  0x8f,0xff,0xff,0xff,0xfc,0x00,0x00,0x00,0x00,0x00,0x00,0x00,0x00,0x2f,0xff,0xff,0xff,0xf6,0x00,0x00,0x00,0x00,0x00,0x00,0x00,0x00,0x0c,0xff,0xff,0xff,0xf1,0x00,
  0x00,0x00,0x00,0x7b,0xbb,0xbb,0xb1,0x00,0x00,0x00,0x9b,0xbb,0xbb,0xb4,0x00,0x00,0x00,0x5b,0xbb,0xbb,0xa0,0x7f,0xff,0xff,0xf4,0x00,0x00,0x00,0xff,0xff,0xff,0xf9,
  0x00,0x00,0x00,0x9f,0xff,0xff,0xa0,0x3f,0xff,0xff,0xf8,0x00,0x00,0x03,0xff,0xff,0xff,0xfd,0x00,0x00,0x00,0xdf,0xff,0xff,0x60,0x0e,0xff,0xff,0xfc,0x00,0x00,0x06,
  0xff,0xff,0xff,0xff,0x00,0x00,0x01,0xff,0xff,0xff,0x20,0x0b,0xff,0xff,0xff,0x00,0x00,0x0a,0xff,0xff,0xff,0xff,0x40,0x00,0x04,0xff,0xff,0xfe,0x00,0x07,0xff,0xff,
  0xff,0x30,0x00,0x0d,0xff,0xff,0xff,0xff,0x70,0x00,0x08,0xff,0xff,0xfa,0x00,0x02,0xff,0xff,0xff,0x70,0x00,0x1f,0xff,0xff,0xff,0xff,0xb0,0x00,0x0b,0xff,0xff,0xf6,
  0x00,0x00,0xef,0xff,0xff,0xb0,0x00,0x4f,0xff,0xff,0xff,0xff,0xe0,0x00,0x0f,0xff,0xff,0xf2,0x00,0x00,0xaf,0xff,0xff,0xe0,0x00,0x8f,0xff,0xf9,0xff,0xff,0xf2,0x00,
  0x3f,0xff,0xff,0xe0,0x00,0x00,0x6f,0xff,0xff,0xf2,0x00,0xbf,0xff,0xf4,0xff,0xff,0xf6,0x00,0x6f,0xff,0xff,0xa0,0x00,0x00,0x2f,0xff,0xff,0xf6,0x00,0xff,0xff,0xf1,
  0xcf,0xff,0xf9,0x00,0xaf,0xff,0xff,0x60,0x00,0x00,0x0e,0xff,0xff,0xfa,0x02,0xff,0xff,0xe0,0x9f,0xff,0xfd,0x00,0xdf,0xff,0xff,0x20,0x00,0x00,0x0a,0xff,0xff,0xfd,
  0x06,0xff,0xff,0xa0,0x5f,0xff,0xff,0x11,0xff,0xff,0xfe,0x00,0x00,0x00,0x06,0xff,0xff,0xff,0x19,0xff,0xff,0x60,0x1f,0xff,0xff,0x44,0xff,0xff,0xfa,0x00,0x00,0x00,
  0x02,0xff,0xff,0xff,0x4c,0xff,0xff,0x30,0x0d,0xff,0xff,0x78,0xff,0xff,0xf6,0x00,0x00,0x00,0x00,0xef,0xff,0xff,0x7f,0xff,0xff,0x00,0x0a,0xff,0xff,0xab,0xff,0xff,
  0xf2,0x00,0x00,0x00,0x00,0xaf,0xff,0xff,0xcf,0xff,0xfb,0x00,0x06,0xff,0xff,0xde,0xff,0xff,0xe0,0x00,0x00,0x00,0x00,0x6f,0xff,0xff,0xff,0xff,0xf8,0x00,0x02,0xff,
  0xff,0xff,0xff,0xff,0xa0,0x00,0x00,0x00,0x00,0x2f,0xff,0xff,0xff,0xff,0xf4,0x00,0x00,0xff,0xff,0xff,0xff,0xff,0x60,0x00,0x00,0x00,0x00,0x0e,0xff,0xff,0xff,0xff,
  0xf0,0x00,0x00,0xbf,0xff,0xff,0xff,0xff,0x20,0x00,0x00,0x00,0x00,0x0a,0xff,0xff,0xff,0xff,0xd0,0x00,0x00,0x7f,0xff,0xff,0xff,0xfe,0x00,0x00,0x00,0x00,0x00,0x06,
  0xff,0xff,0xff,0xff,0x90,0x00,0x00,0x4f,0xff,0xff,0xff,0xfa,0x00,0x00,0x00,0x00,0x00,0x02,0xff,0xff,0xff,0xff,0x50,0x00,0x00,0x0f,0xff,0xff,0xff,0xf6,0x00,0x00,
  0x00,0x00,0x00,0x00,0xef,0xff,0xff,0xff,0x20,0x00,0x00,0x0c,0xff,0xff,0xff,0xf2,0x00,0x00,0x00,0x00,0x00,0x00,0xaf,0xff,0xff,0xfe,0x00,0x00,0x00,0x08,0xff,0xff,
  0xff,0xe0,0x00,0x00,0x00,0x07,0xbb,0xbb,0xbb,0xb1,0x00,0x00,0x00,0x00,0xbb,0xbb,0xbb,0xb2,0x00,0x01,0xff,0xff,0xff,0xfb,0x00,0x00,0x00,0x09,0xff,0xff,0xff,0xa0,
  0x00,0x00,0x5f,0xff,0xff,0xff,0x50,0x00,0x00,0x3f,0xff,0xff,0xfe,0x10,0x00,0x00,0x0a,0xff,0xff,0xff,0xe1,0x00,0x00,0xdf,0xff,0xff,0xf4,0x00,0x00,0x00,0x01,0xef,
  0xff,0xff,0xf9,0x00,0x07,0xff,0xff,0xff,0x90,0x00,0x00,0x00,0x00,0x4f,0xff,0xff,0xff,0x30,0x2f,0xff,0xff,0xfd,0x00,0x00,0x00,0x00,0x00,0x09,0xff,0xff,0xff,0xd0,
  0xbf,0xff,0xff,0xf3,0x00,0x00,0x00,0x00,0x00,0x00,0xef,0xff,0xff,0xfc,0xff,0xff,0xff,0x80,0x00,0x00,0x00,0x00,0x00,0x00,0x4f,0xff,0xff,0xff,0xff,0xff,0xfc,0x00,
  0x00,0x00,0x00,0x00,0x00,0x00,0x08,0xff,0xff,0xff,0xff,0xff,0xf2,0x00,0x00,0x00,0x00,0x00,0x00,0x00,0x00,0xdf,0xff,0xff,0xff,0xff,0x60,0x00,0x00,0x00,0x00,0x00,
  0x00,0x00,0x00,0x3f,0xff,0xff,0xff,0xfb,0x00,0x00,0x00,0x00,0x00,0x00,0x00,0x00,0x00,0x3f,0xff,0xff,0xff,0xfc,0x00,0x00,0x00,0x00,0x00,0x00,0x00,0x00,0x00,0xdf,
  0xff,0xff,0xff,0xff,0x70,0x00,0x00,0x00,0x00,0x00,0x00,0x00,0x09,0xff,0xff,0xff,0xff,0xff,0xf2,0x00,0x00,0x00,0x00,0x00,0x00,0x00,0x4f,0xff,0xff,0xff,0xff,0xff,
  0xfc,0x00,0x00,0x00,0x00,0x00,0x00,0x01,0xef,0xff,0xff,0xdd,0xff,0xff,0xff,0x80,0x00,0x00,0x00,0x00,0x00,0x0a,0xff,0xff,0xff,0x44,0xff,0xff,0xff,0xf3,0x00,0x00,
  0x00,0x00,0x00,0x5f,0xff,0xff,0xfa,0x00,0x9f,0xff,0xff,0xfd,0x00,0x00,0x00,0x00,0x01,0xef,0xff,0xff,0xe1,0x00,0x1e,0xff,0xff,0xff,0x90,0x00,0x00,0x00,0x0a,0xff,
  0xff,0xff,0x60,0x00,0x05,0xff,0xff,0xff,0xf4,0x00,0x00,0x00,0x5f,0xff,0xff,0xfc,0x00,0x00,0x00,0xbf,0xff,0xff,0xfe,0x00,0x00,0x01,0xff,0xff,0xff,0xf2,0x00,0x00,
  0x00,0x2f,0xff,0xff,0xff,0x90,0x00,0x0b,0xff,0xff,0xff,0x80,0x00,0x00,0x00,0x07,0xff,0xff,0xff,0xf4,0x00,0x6f,0xff,0xff,0xfd,0x00,0x00,0x00,0x00,0x00,0xdf,0xff,
  0xff,0xfe,0x10,0x5b,0xbb,0xbb,0xba,0x00,0x00,0x00,0x00,0x00,0x2b,0xbb,0xbb,0xb9,0x00,0x0e,0xff,0xff,0xff,0x70,0x00,0x00,0x00,0x00,0xcf,0xff,0xff,0xf3,0x00,0x04,
  0xff,0xff,0xff,0xf1,0x00,0x00,0x00,0x05,0xff,0xff,0xff,0x90,0x00,0x00,0x9f,0xff,0xff,0xfa,0x00,0x00,0x00,0x0e,0xff,0xff,0xfe,0x00,0x00,0x00,0x1e,0xff,0xff,0xff,
  0x40,0x00,0x00,0x8f,0xff,0xff,0xf5,0x00,0x00,0x00,0x05,0xff,0xff,0xff,0xd0,0x00,0x02,0xff,0xff,0xff,0xa0,0x00,0x00,0x00,0x00,0xaf,0xff,0xff,0xf7,0x00,0x0b,0xff,
  0xff,0xff,0x10,0x00,0x00,0x00,0x00,0x1e,0xff,0xff,0xff,0x10,0x5f,0xff,0xff,0xf6,0x00,0x00,0x00,0x00,0x00,0x06,0xff,0xff,0xff,0xa0,0xef,0xff,0xff,0xb0,0x00,0x00,
  0x00,0x00,0x00,0x00,0xbf,0xff,0xff,0xfb,0xff,0xff,0xff,0x20,0x00,0x00,0x00,0x00,0x00,0x00,0x2f,0xff,0xff,0xff,0xff,0xff,0xf7,0x00,0x00,0x00,0x00,0x00,0x00,0x00,
  0x06,0xff,0xff,0xff,0xff,0xff,0xd0,0x00,0x00,0x00,0x00,0x00,0x00,0x00,0x00,0xcf,0xff,0xff,0xff,0xff,0x30,0x00,0x00,0x00,0x00,0x00,0x00,0x00,0x00,0x2f,0xff,0xff,
  0xff,0xf8,0x00,0x00,0x00,0x00,0x00,0x00,0x00,0x00,0x00,0x07,0xff,0xff,0xff,0xd0,0x00,0x00,0x00,0x00,0x00,0x00,0x00,0x00,0x00,0x00,0xff,0xff,0xff,0x70,0x00,0x00,
  0x00,0x00,0x00,0x00,0x00,0x00,0x00,0x00,0xff,0xff,0xff,0x70,0x00,0x00,0x00,0x00,0x00,0x00,0x00,0x00,0x00,0x00,0xff,0xff,0xff,0x70,0x00,0x00,0x00,0x00,0x00,0x00,
  0x00,0x00,0x00,0x00,0xff,0xff,0xff,0x70,0x00,0x00,0x00,0x00,0x00,0x00,0x00,0x00,0x00,0x00,0xff,0xff,0xff,0x70,0x00,0x00,0x00,0x00,0x00,0x00,0x00,0x00,0x00,0x00,
  0xff,0xff,0xff,0x70,0x00,0x00,0x00,0x00,0x00,0x00,0x00,0x00,0x00,0x00,0xff,0xff,0xff,0x70,0x00,0x00,0x00,0x00,0x00,0x00,0x00,0x00,0x00,0x00,0xff,0xff,0xff,0x70,
  0x00,0x00,0x00,0x00,0x00,0x00,0x00,0x00,0x00,0x00,0xff,0xff,0xff,0x70,0x00,0x00,0x00,0x00,0x00,0x00,0x00,0x00,0x00,0x00,0xff,0xff,0xff,0x70,0x00,0x00,0x00,0x00,
  0x00,0x01,0xbb,0xbb,0xbb,0xbb,0xbb,0xbb,0xbb,0xbb,0xbb,0xbb,0xb0,0x00,0x02,0xff,0xff,0xff,0xff,0xff,0xff,0xff,0xff,0xff,0xff,0xf0,0x00,0x02,0xff,0xff,0xff,0xff,
  0xff,0xff,0xff,0xff,0xff,0xff,0xf0,0x00,0x02,0xff,0xff,0xff,0xff,0xff,0xff,0xff,0xff,0xff,0xff,0x70,0x00,0x02,0xff,0xff,0xff,0xff,0xff,0xff,0xff,0xff,0xff,0xfb,
  0x00,0x00,0x00,0x55,0x55,0x55,0x55,0x55,0x5f,0xff,0xff,0xff,0xe1,0x00,0x00,0x00,0x00,0x00,0x00,0x00,0x00,0xaf,0xff,0xff,0xff,0x50,0x00,0x00,0x00,0x00,0x00,0x00,
  0x00,0x05,0xff,0xff,0xff,0xf9,0x00,0x00,0x00,0x00,0x00,0x00,0x00,0x00,0x1e,0xff,0xff,0xff,0xd0,0x00,0x00,0x00,0x00,0x00,0x00,0x00,0x00,0xbf,0xff,0xff,0xff,0x30,
  0x00,0x00,0x00,0x00,0x00,0x00,0x00,0x07,0xff,0xff,0xff,0xf7,0x00,0x00,0x00,0x00,0x00,0x00,0x00,0x00,0x3f,0xff,0xff,0xff,0xc0,0x00,0x00,0x00,0x00,0x00,0x00,0x00,
  0x00,0xdf,0xff,0xff,0xff,0x20,0x00,0x00,0x00,0x00,0x00,0x00,0x00,0x09,0xff,0xff,0xff,0xf5,0x00,0x00,0x00,0x00,0x00,0x00,0x00,0x00,0x5f,0xff,0xff,0xff,0xa0,0x00,
  0x00,0x00,0x00,0x00,0x00,0x00,0x01,0xef,0xff,0xff,0xfe,0x00,0x00,0x00,0x00,0x00,0x00,0x00,0x00,0x0b,0xff,0xff,0xff,0xf3,0x00,0x00,0x00,0x00,0x00,0x00,0x00,0x00,
  0x7f,0xff,0xff,0xff,0x80,0x00,0x00,0x00,0x00,0x00,0x00,0x00,0x02,0xff,0xff,0xff,0xfc,0x00,0x00,0x00,0x00,0x00,0x00,0x00,0x00,0x0d,0xff,0xff,0xff,0xf2,0x00,0x00,
  0x00,0x00,0x00,0x00,0x00,0x00,0x9f,0xff,0xff,0xff,0xff,0xff,0xff,0xff,0xff,0xff,0xf5,0x00,0x04,0xff,0xff,0xff,0xff,0xff,0xff,0xff,0xff,0xff,0xff,0xf5,0x00,0x0e,
  0xff,0xff,0xff,0xff,0xff,0xff,0xff,0xff,0xff,0xff,0xf5,0x00,0x1f,0xff,0xff,0xff,0xff,0xff,0xff,0xff,0xff,0xff,0xff,0xf5,0x00,0x1f,0xff,0xff,0xff,0xff,0xff,0xff,
  0xff,0xff,0xff,0xff,0xf5,0x00,0x00,0x00,0x00,0x00,0x00,0x22,0x10,0x00,0x00,0x00,0x00,0x00,0x00,0x00,0x00,0x39,0xef,0xff,0xff,0xc7,0x00,0x00,0x00,0x00,0x00,0x00,
  0x0a,0xff,0xff,0xff,0xff,0xff,0xe4,0x00,0x00,0x00,0x00,0x00,0xbf,0xff,0xff,0xff,0xff,0xff,0xff,0x40,0x00,0x00,0x00,0x07,0xff,0xff,0xff,0xff,0xff,0xff,0xff,0xe1,
  0x00,0x00,0x00,0x1f,0xff,0xff,0xf8,0x32,0x5d,0xff,0xff,0xf8,0x00,0x00,0x00,0x6f,0xff,0xff,0x80,0x00,0x01,0xef,0xff,0xfe,0x00,0x00,0x00,0xbf,0xff,0xff,0x10,0x00,
  0x00,0x9f,0xff,0xff,0x30,0x00,0x00,0xff,0xff,0xfd,0x00,0x00,0x00,0x5f,0xff,0xff,0x70,0x00,0x01,0xff,0xff,0xfb,0x00,0x00,0x00,0x3f,0xff,0xff,0x90,0x00,0x03,0xff,
  0xff,0xf9,0x00,0x00,0x00,0x1f,0xff,0xff,0xb0,0x00,0x04,0xff,0xff,0xf9,0x00,0x00,0x00,0x1f,0xff,0xff,0xc0,0x00,0x05,0xff,0xff,0xf9,0x00,0x00,0x00,0x1f,0xff,0xff,
  0xd0,0x00,0x05,0xff,0xff,0xf9,0x00,0x00,0x00,0x1f,0xff,0xff,0xd0,0x00,0x05,0xff,0xff,0xf9,0x00,0x00,0x00,0x1f,0xff,0xff,0xd0,0x00,0x05,0xff,0xff,0xf9,0x00,0x00,
  0x00,0x1f,0xff,0xff,0xd0,0x00,0x04,0xff,0xff,0xf9,0x00,0x00,0x00,0x1f,0xff,0xff,0xc0,0x00,0x02,0xff,0xff,0xfa,0x00,0x00,0x00,0x2f,0xff,0xff,0xa0,0x00,0x00,0xff,
  0xff,0xfc,0x00,0x00,0x00,0x4f,0xff,0xff,0x70,0x00,0x00,0xcf,0xff,0xff,0x00,0x00,0x00,0x7f,0xff,0xff,0x40,0x00,0x00,0x8f,0xff,0xff,0x60,0x00,0x00,0xdf,0xff,0xff,
  0x00,0x00,0x00,0x2f,0xff,0xff,0xf5,0x00,0x1a,0xff,0xff,0xfa,0x00,0x00,0x00,0x0a,0xff,0xff,0xff,0xfe,0xff,0xff,0xff,0xf2,0x00,0x00,0x00,0x01,0xef,0xff,0xff,0xff,
  0xff,0xff,0xff,0x70,0x00,0x00,0x00,0x00,0x2d,0xff,0xff,0xff,0xff,0xff,0xf8,0x00,0x00,0x00,0x00,0x00,0x00,0x7e,0xff,0xff,0xff,0xfb,0x30,0x00,0x00,0x00,0x00,0x00,
  0x00,0x00,0x25,0x66,0x64,0x10,0x00,0x00,0x00,0x00,0x00,0x00,0x00,0x00,0x00,0x00,0x5c,0xc5,0x00,0x00,0x00,0x00,0x00,0x00,0x00,0x00,0x00,0x5d,0xff,0xf7,0x00,0x00,
  0x00,0x00,0x00,0x00,0x00,0x03,0x8e,0xff,0xff,0xf7,0x00,0x00,0x00,0x00,0x00,0x02,0x7a,0xef,0xff,0xff,0xff,0xf7,0x00,0x00,0x00,0x00,0x00,0x05,0xff,0xff,0xff,0xff,
  0xff,0xf7,0x00,0x00,0x00,0x00,0x00,0x05,0xff,0xff,0xff,0xff,0xff,0xf7,0x00,0x00,0x00,0x00,0x00,0x05,0xff,0xff,0xff,0xff,0xff,0xf7,0x00,0x00,0x00,0x00,0x00,0x00,
  0x22,0x22,0x28,0xff,0xff,0xf7,0x00,0x00,0x00,0x00,0x00,0x00,0x00,0x00,0x06,0xff,0xff,0xf7,0x00,0x00,0x00,0x00,0x00,0x00,0x00,0x00,0x06,0xff,0xff,0xf7,0x00,0x00,
  0x00,0x00,0x00,0x00,0x00,0x00,0x06,0xff,0xff,0xf7,0x00,0x00,0x00,0x00,0x00,0x00,0x00,0x00,0x06,0xff,0xff,0xf7,0x00,0x00,0x00,0x00,0x00,0x00,0x00,0x00,0x06,0xff,
  0xff,0xf7,0x00,0x00,0x00,0x00,0x00,0x00,0x00,0x00,0x06,0xff,0xff,0xf7,0x00,0x00,0x00,0x00,0x00,0x00,0x00,0x00,0x06,0xff,0xff,0xf7,0x00,0x00,0x00,0x00,0x00,0x00,
  0x00,0x00,0x06,0xff,0xff,0xf7,0x00,0x00,0x00,0x00,0x00,0x00,0x00,0x00,0x06,0xff,0xff,0xf7,0x00,0x00,0x00,0x00,0x00,0x00,0x00,0x00,0x06,0xff,0xff,0xf7,0x00,0x00,
  0x00,0x00,0x00,0x00,0x00,0x00,0x06,0xff,0xff,0xf7,0x00,0x00,0x00,0x00,0x00,0x00,0x00,0x00,0x06,0xff,0xff,0xf7,0x00,0x00,0x00,0x00,0x00,0x03,0xaa,0xaa,0xac,0xff,
  0xff,0xfd,0xaa,0xaa,0xa0,0x00,0x00,0x05,0xff,0xff,0xff,0xff,0xff,0xff,0xff,0xff,0xf1,0x00,0x00,0x05,0xff,0xff,0xff,0xff,0xff,0xff,0xff,0xff,0xf1,0x00,0x00,0x05,
  0xff,0xff,0xff,0xff,0xff,0xff,0xff,0xff,0xf1,0x00,0x00,0x05,0xff,0xff,0xff,0xff,0xff,0xff,0xff,0xff,0xf1,0x00,0x00,0x00,0x00,0x00,0x00,0x12,0x20,0x00,0x00,0x00,
  0x00,0x00,0x00,0x00,0x00,0x39,0xdf,0xff,0xff,0xe9,0x30,0x00,0x00,0x00,0x00,0x00,0x1b,0xff,0xff,0xff,0xff,0xff,0xfa,0x00,0x00,0x00,0x00,0x02,0xef,0xff,0xff,0xff,
  0xff,0xff,0xff,0xc0,0x00,0x00,0x00,0x0d,0xff,0xff,0xff,0xff,0xff,0xff,0xff,0xf9,0x00,0x00,0x00,0x6f,0xff,0xff,0xf9,0x54,0x6d,0xff,0xff,0xff,0x10,0x00,0x00,0xbf,
  0xff,0xff,0x40,0x00,0x00,0xdf,0xff,0xff,0x60,0x00,0x00,0xef,0xff,0xfc,0x00,0x00,0x00,0x7f,0xff,0xff,0x80,0x00,0x00,0xff,0xff,0xf8,0x00,0x00,0x00,0x5f,0xff,0xff,
  0x90,0x00,0x00,0xee,0xee,0xe7,0x00,0x00,0x00,0x9f,0xff,0xff,0x70,0x00,0x00,0x00,0x00,0x00,0x00,0x00,0x01,0xff,0xff,0xff,0x40,0x00,0x00,0x00,0x00,0x00,0x00,0x00,
  0x0c,0xff,0xff,0xfd,0x00,0x00,0x00,0x00,0x00,0x00,0x00,0x01,0xcf,0xff,0xff,0xf4,0x00,0x00,0x00,0x00,0x00,0x00,0x00,0x4e,0xff,0xff,0xff,0x80,0x00,0x00,0x00,0x00,
  0x00,0x00,0x08,0xff,0xff,0xff,0xf9,0x00,0x00,0x00,0x00,0x00,0x00,0x01,0xcf,0xff,0xff,0xff,0x80,0x00,0x00,0x00,0x00,0x00,0x00,0x3e,0xff,0xff,0xff,0xe5,0x00,0x00,
  0x00,0x00,0x00,0x00,0x05,0xff,0xff,0xff,0xfb,0x10,0x00,0x00,0x00,0x00,0x00,0x00,0x5f,0xff,0xff,0xff,0x70,0x00,0x00,0x00,0x00,0x00,0x00,0x04,0xff,0xff,0xff,0xd3,
  0x00,0x00,0x00,0x00,0x00,0x00,0x00,0x1e,0xff,0xff,0xfd,0x21,0x11,0x11,0x11,0x11,0x10,0x00,0x00,0x8f,0xff,0xff,0xff,0xff,0xff,0xff,0xff,0xff,0xd0,0x00,0x00,0xef,
  0xff,0xff,0xff,0xff,0xff,0xff,0xff,0xff,0xd0,0x00,0x01,0xff,0xff,0xff,0xff,0xff,0xff,0xff,0xff,0xff,0xd0,0x00,0x03,0xff,0xff,0xff,0xff,0xff,0xff,0xff,0xff,0xff,
  0xd0,0x00,0x03,0xff,0xff,0xff,0xff,0xff,0xff,0xff,0xff,0xff,0xd0,0x00,0x00,0x00,0x00,0x00,0x00,0x12,0x10,0x00,0x00,0x00,0x00,0x00,0x00,0x00,0x00,0x4a,0xef,0xff,
  0xff,0xc8,0x20,0x00,0x00,0x00,0x00,0x00,0x2c,0xff,0xff,0xff,0xff,0xff,0xf9,0x00,0x00,0x00,0x00,0x03,0xef,0xff,0xff,0xff,0xff,0xff,0xff,0xb0,0x00,0x00,0x00,0x0e,
  0xff,0xff,0xff,0xff,0xff,0xff,0xff,0xf7,0x00,0x00,0x00,0x6f,0xff,0xff,0xe6,0x33,0x6e,0xff,0xff,0xfe,0x00,0x00,0x00,0xaf,0xff,0xfe,0x10,0x00,0x02,0xff,0xff,0xff,
  0x30,0x00,0x00,0xcf,0xff,0xf9,0x00,0x00,0x00,0xbf,0xff,0xff,0x40,0x00,0x00,0x68,0x88,0x84,0x00,0x00,0x00,0x9f,0xff,0xff,0x30,0x00,0x00,0x00,0x00,0x00,0x00,0x00,
  0x00,0xcf,0xff,0xff,0x00,0x00,0x00,0x00,0x00,0x00,0x00,0x00,0x06,0xff,0xff,0xf8,0x00,0x00,0x00,0x00,0x00,0x00,0x07,0x9a,0xdf,0xff,0xff,0xc0,0x00,0x00,0x00,0x00,
  0x00,0x00,0x0d,0xff,0xff,0xff,0xf9,0x00,0x00,0x00,0x00,0x00,0x00,0x00,0x0d,0xff,0xff,0xff,0xd6,0x00,0x00,0x00,0x00,0x00,0x00,0x00,0x0d,0xff,0xff,0xff,0xff,0xc1,
  0x00,0x00,0x00,0x00,0x00,0x00,0x05,0x66,0x8d,0xff,0xff,0xfc,0x00,0x00,0x00,0x00,0x00,0x00,0x00,0x00,0x00,0xbf,0xff,0xff,0x50,0x00,0x00,0x00,0x00,0x00,0x00,0x00,
  0x00,0x3f,0xff,0xff,0xb0,0x00,0x03,0x77,0x77,0x70,0x00,0x00,0x00,0x1f,0xff,0xff,0xe0,0x00,0x07,0xff,0xff,0xf0,0x00,0x00,0x00,0x2f,0xff,0xff,0xe0,0x00,0x05,0xff,
  0xff,0xf5,0x00,0x00,0x00,0x8f,0xff,0xff,0xc0,0x00,0x01,0xff,0xff,0xff,0x60,0x00,0x17,0xff,0xff,0xff,0x80,0x00,0x00,0x9f,0xff,0xff,0xff,0xee,0xff,0xff,0xff,0xff,
  0x10,0x00,0x00,0x0d,0xff,0xff,0xff,0xff,0xff,0xff,0xff,0xf5,0x00,0x00,0x00,0x01,0xbf,0xff,0xff,0xff,0xff,0xff,0xfe,0x50,0x00,0x00,0x00,0x00,0x04,0xbf,0xff,0xff,
  0xff,0xfe,0x81,0x00,0x00,0x00,0x00,0x00,0x00,0x00,0x35,0x66,0x64,0x20,0x00,0x00,0x00,0x00,0x00,0x00,0x00,0x00,0x22,0x22,0x21,0x00,0x00,0x00,0x00,0x00,0x00,0x00,
  0x00,0x07,0xff,0xff,0xf8,0x00,0x00,0x00,0x00,0x00,0x00,0x00,0x00,0x0b,0xff,0xff,0xf4,0x00,0x00,0x00,0x00,0x00,0x00,0x00,0x00,0x1f,0xff,0xff,0xe0,0x01,0x33,0x00,
  0x00,0x00,0x00,0x00,0x00,0x6f,0xff,0xff,0x80,0x0a,0xff,0x30,0x00,0x00,0x00,0x00,0x00,0xbf,0xff,0xff,0x20,0x0f,0xff,0x30,0x00,0x00,0x00,0x00,0x02,0xff,0xff,0xfa,
  0x00,0x6f,0xff,0x30,0x00,0x00,0x00,0x00,0x08,0xff,0xff,0xf2,0x00,0xdf,0xff,0x30,0x00,0x00,0x00,0x00,0x0e,0xff,0xff,0xa0,0x06,0xff,0xff,0x30,0x00,0x00,0x00,0x00,
  0x6f,0xff,0xff,0x10,0x0e,0xff,0xff,0x30,0x00,0x00,0x00,0x00,0xdf,0xff,0xf7,0x00,0x6f,0xff,0xff,0x30,0x00,0x00,0x00,0x06,0xff,0xff,0xd0,0x00,0x8f,0xff,0xff,0x30,
  0x00,0x00,0x00,0x0e,0xff,0xff,0x30,0x00,0x8f,0xff,0xff,0x30,0x00,0x00,0x00,0x7f,0xff,0xf8,0x00,0x00,0x8f,0xff,0xff,0x30,0x00,0x00,0x01,0xef,0xff,0xd0,0x00,0x00,
  0x8f,0xff,0xff,0x30,0x00,0x00,0x09,0xff,0xfe,0x20,0x00,0x00,0x8f,0xff,0xff,0x30,0x00,0x00,0x0f,0xff,0xfe,0xcc,0xcc,0xcc,0xef,0xff,0xff,0xdc,0xc6,0x00,0x0f,0xff,
  0xff,0xff,0xff,0xff,0xff,0xff,0xff,0xff,0xf7,0x00,0x0f,0xff,0xff,0xff,0xff,0xff,0xff,0xff,0xff,0xff,0xf7,0x00,0x0f,0xff,0xff,0xff,0xff,0xff,0xff,0xff,0xff,0xff,
  0xf7,0x00,0x0c,0xcc,0xcc,0xcc,0xcc,0xcc,0xef,0xff,0xff,0xcc,0xc5,0x00,0x00,0x00,0x00,0x00,0x00,0x00,0x8f,0xff,0xff,0x30,0x00,0x00,0x00,0x00,0x00,0x00,0x00,0x00,
  0x8f,0xff,0xff,0x30,0x00,0x00,0x00,0x00,0x00,0x00,0x00,0x00,0x8f,0xff,0xff,0x30,0x00,0x00,0x00,0x00,0x00,0x00,0x00,0x00,0x8f,0xff,0xff,0x30,0x00,0x00,0x00,0x00,
  0x00,0x00,0x00,0x00,0x8f,0xff,0xff,0x30,0x00,0x00,0x00,0x05,0xbb,0xbb,0xbb,0xbb,0xbb,0xbb,0xbb,0xb3,0x00,0x00,0x00,0x09,0xff,0xff,0xff,0xff,0xff,0xff,0xff,0xf4,
  0x00,0x00,0x00,0x0a,0xff,0xff,0xff,0xff,0xff,0xff,0xff,0xf4,0x00,0x00,0x00,0x0b,0xff,0xff,0xff,0xff,0xff,0xff,0xff,0xf4,0x00,0x00,0x00,0x0c,0xff,0xff,0xff,0xff,
  0xff,0xff,0xff,0xf4,0x00,0x00,0x00,0x0d,0xff,0xff,0x86,0x66,0x66,0x66,0x66,0x62,0x00,0x00,0x00,0x0f,0xff,0xff,0x10,0x00,0x00,0x00,0x00,0x00,0x00,0x00,0x00,0x0f,
  0xff,0xff,0x00,0x00,0x00,0x00,0x00,0x00,0x00,0x00,0x00,0x1f,0xff,0xff,0x00,0x03,0x44,0x20,0x00,0x00,0x00,0x00,0x00,0x2f,0xff,0xfe,0x3a,0xff,0xff,0xff,0x91,0x00,
  0x00,0x00,0x00,0x3f,0xff,0xff,0xff,0xff,0xff,0xff,0xff,0x50,0x00,0x00,0x00,0x5f,0xff,0xff,0xff,0xff,0xff,0xff,0xff,0xf4,0x00,0x00,0x00,0x6f,0xff,0xff,0xff,0xdd,
  0xff,0xff,0xff,0xfd,0x00,0x00,0x00,0x7f,0xff,0xff,0xa1,0x00,0x08,0xff,0xff,0xff,0x50,0x00,0x00,0x03,0x57,0x98,0x00,0x00,0x00,0xaf,0xff,0xff,0x90,0x00,0x00,0x00,
  0x00,0x00,0x00,0x00,0x00,0x3f,0xff,0xff,0xc0,0x00,0x00,0x00,0x00,0x00,0x00,0x00,0x00,0x1f,0xff,0xff,0xd0,0x00,0x06,0xdd,0xdd,0xd0,0x00,0x00,0x00,0x1f,0xff,0xff,
  0xd0,0x00,0x06,0xff,0xff,0xf3,0x00,0x00,0x00,0x4f,0xff,0xff,0xb0,0x00,0x02,0xff,0xff,0xfa,0x00,0x00,0x00,0xcf,0xff,0xff,0x80,0x00,0x00,0xdf,0xff,0xff,0xa2,0x00,
  0x2b,0xff,0xff,0xff,0x20,0x00,0x00,0x5f,0xff,0xff,0xff,0xff,0xff,0xff,0xff,0xf9,0x00,0x00,0x00,0x08,0xff,0xff,0xff,0xff,0xff,0xff,0xff,0xc0,0x00,0x00,0x00,0x00,
  0x7f,0xff,0xff,0xff,0xff,0xff,0xfb,0x10,0x00,0x00,0x00,0x00,0x02,0x9e,0xff,0xff,0xff,0xfc,0x50,0x00,0x00,0x00,0x00,0x00,0x00,0x00,0x25,0x66,0x64,0x10,0x00,0x00,
  0x00,0x00,0x00,0x00,0x00,0x00,0x00,0x12,0x10,0x00,0x00,0x00,0x00,0x00,0x00,0x00,0x00,0x18,0xcf,0xff,0xff,0xd8,0x10,0x00,0x00,0x00,0x00,0x00,0x06,0xff,0xff,0xff,
  0xff,0xff,0xf7,0x00,0x00,0x00,0x00,0x00,0x8f,0xff,0xff,0xff,0xff,0xff,0xff,0x80,0x00,0x00,0x00,0x04,0xff,0xff,0xff,0xff,0xff,0xff,0xff,0xf4,0x00,0x00,0x00,0x0d,
  0xff,0xff,0xfa,0x32,0x3a,0xff,0xff,0xfc,0x00,0x00,0x00,0x3f,0xff,0xff,0xa0,0x00,0x00,0xbf,0xff,0xff,0x10,0x00,0x00,0x9f,0xff,0xff,0x20,0x00,0x00,0x4f,0xff,0xff,
  0x50,0x00,0x00,0xdf,0xff,0xfe,0x00,0x00,0x00,0x1e,0xee,0xee,0x50,0x00,0x00,0xff,0xff,0xfc,0x00,0x00,0x00,0x00,0x00,0x00,0x00,0x00,0x02,0xff,0xff,0xfa,0x01,0x6a,
  0xcc,0xa7,0x20,0x00,0x00,0x00,0x03,0xff,0xff,0xfa,0x7f,0xff,0xff,0xff,0xfb,0x10,0x00,0x00,0x04,0xff,0xff,0xff,0xff,0xff,0xff,0xff,0xff,0xe2,0x00,0x00,0x05,0xff,
  0xff,0xff,0xff,0xff,0xff,0xff,0xff,0xfd,0x00,0x00,0x05,0xff,0xff,0xff,0xfa,0x32,0x39,0xff,0xff,0xff,0x60,0x00,0x05,0xff,0xff,0xff,0x80,0x00,0x00,0x8f,0xff,0xff,
  0xc0,0x00,0x04,0xff,0xff,0xff,0x00,0x00,0x00,0x0f,0xff,0xff,0xf0,0x00,0x02,0xff,0xff,0xfd,0x00,0x00,0x00,0x0c,0xff,0xff,0xf1,0x00,0x00,0xff,0xff,0xfc,0x00,0x00,
  0x00,0x0c,0xff,0xff,0xf1,0x00,0x00,0xcf,0xff,0xfe,0x00,0x00,0x00,0x0e,0xff,0xff,0xf0,0x00,0x00,0x8f,0xff,0xff,0x50,0x00,0x00,0x4f,0xff,0xff,0xc0,0x00,0x00,0x2f,
  0xff,0xff,0xf5,0x00,0x04,0xef,0xff,0xff,0x70,0x00,0x00,0x09,0xff,0xff,0xff,0xfd,0xff,0xff,0xff,0xfe,0x00,0x00,0x00,0x00,0xdf,0xff,0xff,0xff,0xff,0xff,0xff,0xf3,
  0x00,0x00,0x00,0x00,0x1c,0xff,0xff,0xff,0xff,0xff,0xfe,0x30,0x00,0x00,0x00,0x00,0x00,0x5c,0xff,0xff,0xff,0xfd,0x70,0x00,0x00,0x00,0x00,0x00,0x00,0x00,0x14,0x66,
  0x64,0x10,0x00,0x00,0x00,0x00,0x04,0xbb,0xbb,0xbb,0xbb,0xbb,0xbb,0xbb,0xbb,0xbb,0xb0,0x00,0x06,0xff,0xff,0xff,0xff,0xff,0xff,0xff,0xff,0xff,0xf0,0x00,0x06,0xff,
  0xff,0xff,0xff,0xff,0xff,0xff,0xff,0xff,0xf0,0x00,0x06,0xff,0xff,0xff,0xff,0xff,0xff,0xff,0xff,0xff,0xd0,0x00,0x06,0xff,0xff,0xff,0xff,0xff,0xff,0xff,0xff,0xff,
  0x20,0x00,0x02,0x77,0x77,0x77,0x77,0x77,0x7b,0xff,0xff,0xf5,0x00,0x00,0x00,0x00,0x00,0x00,0x00,0x00,0x2f,0xff,0xff,0x90,0x00,0x00,0x00,0x00,0x00,0x00,0x00,0x00,
  0xdf,0xff,0xfd,0x00,0x00,0x00,0x00,0x00,0x00,0x00,0x00,0x0a,0xff,0xff,0xf3,0x00,0x00,0x00,0x00,0x00,0x00,0x00,0x00,0x5f,0xff,0xff,0x90,0x00,0x00,0x00,0x00,0x00,
  0x00,0x00,0x00,0xef,0xff,0xfe,0x00,0x00,0x00,0x00,0x00,0x00,0x00,0x00,0x08,0xff,0xff,0xf6,0x00,0x00,0x00,0x00,0x00,0x00,0x00,0x00,0x2f,0xff,0xff,0xd0,0x00,0x00,
  0x00,0x00,0x00,0x00,0x00,0x00,0x9f,0xff,0xff,0x50,0x00,0x00,0x00,0x00,0x00,0x00,0x00,0x01,0xff,0xff,0xfe,0x00,0x00,0x00,0x00,0x00,0x00,0x00,0x00,0x08,0xff,0xff,
  0xf7,0x00,0x00,0x00,0x00,0x00,0x00,0x00,0x00,0x0e,0xff,0xff,0xf2,0x00,0x00,0x00,0x00,0x00,0x00,0x00,0x00,0x4f,0xff,0xff,0xd0,0x00,0x00,0x00,0x00,0x00,0x00,0x00,
  0x00,0x8f,0xff,0xff,0x90,0x00,0x00,0x00,0x00,0x00,0x00,0x00,0x00,0xdf,0xff,0xff,0x50,0x00,0x00,0x00,0x00,0x00,0x00,0x00,0x00,0xff,0xff,0xff,0x30,0x00,0x00,0x00,
  0x00,0x00,0x00,0x00,0x03,0xff,0xff,0xff,0x10,0x00,0x00,0x00,0x00,0x00,0x00,0x00,0x05,0xff,0xff,0xff,0x00,0x00,0x00,0x00,0x00,0x00,0x00,0x00,0x06,0xff,0xff,0xff,
  0x00,0x00,0x00,0x00,0x00,0x00,0x00,0x00,0x07,0xff,0xff,0xff,0x00,0x00,0x00,0x00,0x00,0x00,0x00,0x00,0x00,0x00,0x00,0x22,0x10,0x00,0x00,0x00,0x00,0x00,0x00,0x00,
  0x00,0x4a,0xef,0xff,0xff,0xc6,0x00,0x00,0x00,0x00,0x00,0x00,0x1b,0xff,0xff,0xff,0xff,0xff,0xe5,0x00,0x00,0x00,0x00,0x01,0xef,0xff,0xff,0xff,0xff,0xff,0xff,0x70,
  0x00,0x00,0x00,0x0c,0xff,0xff,0xff,0xff,0xff,0xff,0xff,0xf4,0x00,0x00,0x00,0x4f,0xff,0xff,0xe6,0x21,0x4b,0xff,0xff,0xfc,0x00,0x00,0x00,0x9f,0xff,0xff,0x30,0x00,
  0x00,0xaf,0xff,0xff,0x00,0x00,0x00,0xaf,0xff,0xfd,0x00,0x00,0x00,0x4f,0xff,0xff,0x20,0x00,0x00,0xaf,0xff,0xfc,0x00,0x00,0x00,0x3f,0xff,0xff,0x20,0x00,0x00,0x8f,
  0xff,0xff,0x00,0x00,0x00,0x7f,0xff,0xff,0x00,0x00,0x00,0x2f,0xff,0xff,0xa1,0x00,0x04,0xff,0xff,0xfa,0x00,0x00,0x00,0x08,0xff,0xff,0xff,0xcb,0xdf,0xff,0xff,0xe2,
  0x00,0x00,0x00,0x00,0x9f,0xff,0xff,0xff,0xff,0xff,0xfe,0x30,0x00,0x00,0x00,0x00,0x1d,0xff,0xff,0xff,0xff,0xff,0xf6,0x00,0x00,0x00,0x00,0x05,0xff,0xff,0xff,0xff,
  0xff,0xff,0xff,0xb0,0x00,0x00,0x00,0x4f,0xff,0xff,0xfc,0x87,0x9e,0xff,0xff,0xfc,0x00,0x00,0x00,0xef,0xff,0xff,0x50,0x00,0x01,0xcf,0xff,0xff,0x60,0x00,0x04,0xff,
  0xff,0xfb,0x00,0x00,0x00,0x3f,0xff,0xff,0xc0,0x00,0x07,0xff,0xff,0xf8,0x00,0x00,0x00,0x0f,0xff,0xff,0xf0,0x00,0x07,0xff,0xff,0xf9,0x00,0x00,0x00,0x0f,0xff,0xff,
  0xf0,0x00,0x05,0xff,0xff,0xfd,0x00,0x00,0x00,0x6f,0xff,0xff,0xd0,0x00,0x01,0xff,0xff,0xff,0xb2,0x00,0x06,0xff,0xff,0xff,0x90,0x00,0x00,0xaf,0xff,0xff,0xff,0xee,
  0xff,0xff,0xff,0xff,0x20,0x00,0x00,0x1e,0xff,0xff,0xff,0xff,0xff,0xff,0xff,0xf7,0x00,0x00,0x00,0x01,0xcf,0xff,0xff,0xff,0xff,0xff,0xff,0x60,0x00,0x00,0x00,0x00,
  0x05,0xcf,0xff,0xff,0xff,0xfe,0x81,0x00,0x00,0x00,0x00,0x00,0x00,0x00,0x35,0x66,0x64,0x20,0x00,0x00,0x00,0x00,0x00,0x00,0x00,0x00,0x01,0x22,0x10,0x00,0x00,0x00,
  0x00,0x00,0x00,0x00,0x00,0x6b,0xff,0xff,0xfe,0xa5,0x00,0x00,0x00,0x00,0x00,0x00,0x5e,0xff,0xff,0xff,0xff,0xff,0xd2,0x00,0x00,0x00,0x00,0x07,0xff,0xff,0xff,0xff,
  0xff,0xff,0xff,0x30,0x00,0x00,0x00,0x4f,0xff,0xff,0xff,0xff,0xff,0xff,0xff,0xe0,0x00,0x00,0x00,0xdf,0xff,0xff,0xd6,0x22,0x6e,0xff,0xff,0xf8,0x00,0x00,0x03,0xff,
  0xff,0xfe,0x10,0x00,0x01,0xef,0xff,0xfe,0x00,0x00,0x07,0xff,0xff,0xf7,0x00,0x00,0x00,0x8f,0xff,0xff,0x30,0x00,0x09,0xff,0xff,0xf4,0x00,0x00,0x00,0x5f,0xff,0xff,
  0x70,0x00,0x09,0xff,0xff,0xf4,0x00,0x00,0x00,0x4f,0xff,0xff,0xa0,0x00,0x08,0xff,0xff,0xf6,0x00,0x00,0x00,0x7f,0xff,0xff,0xc0,0x00,0x05,0xff,0xff,0xfc,0x00,0x00,
  0x00,0xdf,0xff,0xff,0xd0,0x00,0x00,0xff,0xff,0xff,0xa2,0x00,0x2b,0xff,0xff,0xff,0xd0,0x00,0x00,0x8f,0xff,0xff,0xff,0xee,0xff,0xff,0xff,0xff,0xd0,0x00,0x00,0x0c,
  0xff,0xff,0xff,0xff,0xff,0xff,0xff,0xff,0xd0,0x00,0x00,0x00,0xaf,0xff,0xff,0xff,0xff,0x8f,0xff,0xff,0xc0,0x00,0x00,0x00,0x03,0x9d,0xff,0xfd,0x71,0x2f,0xff,0xff,
  0xb0,0x00,0x00,0x00,0x00,0x00,0x01,0x00,0x00,0x3f,0xff,0xff,0x90,0x00,0x00,0x9a,0xaa,0xa6,0x00,0x00,0x00,0x5f,0xff,0xff,0x60,0x00,0x00,0xdf,0xff,0xfb,0x00,0x00,
  0x00,0x9f,0xff,0xff,0x20,0x00,0x00,0xaf,0xff,0xff,0x10,0x00,0x00,0xef,0xff,0xfe,0x00,0x00,0x00,0x6f,0xff,0xff,0xc2,0x00,0x1b,0xff,0xff,0xf7,0x00,0x00,0x00,0x0e,
  0xff,0xff,0xff,0xee,0xff,0xff,0xff,0xe1,0x00,0x00,0x00,0x04,0xff,0xff,0xff,0xff,0xff,0xff,0xff,0x40,0x00,0x00,0x00,0x00,0x4e,0xff,0xff,0xff,0xff,0xff,0xf5,0x00,
  0x00,0x00,0x00,0x00,0x01,0x9e,0xff,0xff,0xff,0xf9,0x20,0x00,0x00,0x00,0x00,0x00,0x00,0x00,0x35,0x66,0x53,0x00,0x00,0x00,0x00,0x00,0x00,0x00,0x00,0x00,0x00,0x00,
  0x00,0x6f,0xff,0xff,0xd0,0x00,0x00,0x6f,0xff,0xff,0xd0,0x00,0x00,0x6f,0xff,0xff,0xd0,0x00,0x00,0x6f,0xff,0xff,0xd0,0x00,0x00,0x6f,0xff,0xff,0xd0,0x00,0x00,0x6f,
  0xff,0xff,0xd0,0x00,
};
const sig_font_t sigf_7 = { 0, 800, 36.0f, 32, 8, 0, 38, sigf_7_ch, sigf_7_gl, sigf_7_bmp, 12228 };
// --- disp 800 normal 46px  (7 glyphs, 3046 bytes)
static const sig_glyph_t sigf_8_gl[] = {
  {0,32,34,0,-33,32},
  {544,15,32,0,-32,15},
  {800,37,34,0,-33,37},
  {1446,36,32,0,-32,36},
  {2022,34,32,0,-32,34},
  {2566,29,32,0,-32,29},
  {3046,0,0,0,0,9},
};
static const char sigf_8_ch[] = "SIGNAL ";
static const uint8_t sigf_8_bmp[] = {
  0x00,0x00,0x00,0x00,0x00,0x00,0x00,0x12,0x21,0x00,0x00,0x00,0x00,0x00,0x00,0x00,0x00,0x00,0x00,0x00,0x03,0x8b,0xef,0xff,0xff,0xfe,0xb8,0x30,0x00,0x00,0x00,0x00,
  0x00,0x00,0x00,0x06,0xdf,0xff,0xff,0xff,0xff,0xff,0xff,0xfd,0x60,0x00,0x00,0x00,0x00,0x00,0x02,0xdf,0xff,0xff,0xff,0xff,0xff,0xff,0xff,0xff,0xfc,0x20,0x00,0x00,
  0x00,0x00,0x2e,0xff,0xff,0xff,0xff,0xff,0xff,0xff,0xff,0xff,0xff,0xe2,0x00,0x00,0x00,0x00,0xef,0xff,0xff,0xff,0xff,0xff,0xff,0xff,0xff,0xff,0xff,0xfd,0x00,0x00,
  0x00,0x08,0xff,0xff,0xff,0xff,0xff,0xff,0xef,0xff,0xff,0xff,0xff,0xff,0x80,0x00,0x00,0x0e,0xff,0xff,0xff,0xff,0x93,0x00,0x00,0x39,0xff,0xff,0xff,0xff,0xe0,0x00,
  0x00,0x2f,0xff,0xff,0xff,0xf6,0x00,0x00,0x00,0x00,0x4f,0xff,0xff,0xff,0xf2,0x00,0x00,0x4f,0xff,0xff,0xff,0xf1,0x00,0x00,0x00,0x00,0x0b,0xff,0xff,0xff,0xf5,0x00,
  0x00,0x5f,0xff,0xff,0xff,0xf4,0x00,0x00,0x00,0x00,0x07,0xee,0xee,0xee,0xe5,0x00,0x00,0x4f,0xff,0xff,0xff,0xfe,0x50,0x00,0x00,0x00,0x00,0x00,0x00,0x00,0x00,0x00,
  0x00,0x1f,0xff,0xff,0xff,0xff,0xfd,0x73,0x00,0x00,0x00,0x00,0x00,0x00,0x00,0x00,0x00,0x0c,0xff,0xff,0xff,0xff,0xff,0xff,0xeb,0x73,0x00,0x00,0x00,0x00,0x00,0x00,
  0x00,0x05,0xff,0xff,0xff,0xff,0xff,0xff,0xff,0xff,0xfb,0x71,0x00,0x00,0x00,0x00,0x00,0x00,0xaf,0xff,0xff,0xff,0xff,0xff,0xff,0xff,0xff,0xff,0xb3,0x00,0x00,0x00,
  0x00,0x00,0x0a,0xff,0xff,0xff,0xff,0xff,0xff,0xff,0xff,0xff,0xff,0xa1,0x00,0x00,0x00,0x00,0x00,0x6e,0xff,0xff,0xff,0xff,0xff,0xff,0xff,0xff,0xff,0xfd,0x10,0x00,
  0x00,0x00,0x00,0x01,0x7d,0xff,0xff,0xff,0xff,0xff,0xff,0xff,0xff,0xff,0xd0,0x00,0x00,0x00,0x00,0x00,0x00,0x38,0xcf,0xff,0xff,0xff,0xff,0xff,0xff,0xff,0xf7,0x00,
  0x00,0x00,0x00,0x00,0x00,0x00,0x00,0x48,0xcf,0xff,0xff,0xff,0xff,0xff,0xfd,0x00,0x00,0x00,0x00,0x00,0x00,0x00,0x00,0x00,0x01,0x5b,0xff,0xff,0xff,0xff,0xff,0x10,
  0x00,0x67,0x77,0x77,0x77,0x00,0x00,0x00,0x00,0x00,0x4e,0xff,0xff,0xff,0xff,0x30,0x00,0xff,0xff,0xff,0xff,0x00,0x00,0x00,0x00,0x00,0x06,0xff,0xff,0xff,0xff,0x30,
  0x00,0xef,0xff,0xff,0xff,0x20,0x00,0x00,0x00,0x00,0x03,0xff,0xff,0xff,0xff,0x20,0x00,0xcf,0xff,0xff,0xff,0xa0,0x00,0x00,0x00,0x00,0x08,0xff,0xff,0xff,0xff,0x00,
  0x00,0x8f,0xff,0xff,0xff,0xfb,0x30,0x00,0x00,0x02,0x8f,0xff,0xff,0xff,0xfc,0x00,0x00,0x2f,0xff,0xff,0xff,0xff,0xff,0xcb,0xbc,0xef,0xff,0xff,0xff,0xff,0xf6,0x00,
  0x00,0x09,0xff,0xff,0xff,0xff,0xff,0xff,0xff,0xff,0xff,0xff,0xff,0xff,0xd0,0x00,0x00,0x00,0xcf,0xff,0xff,0xff,0xff,0xff,0xff,0xff,0xff,0xff,0xff,0xff,0x30,0x00,
  0x00,0x00,0x1b,0xff,0xff,0xff,0xff,0xff,0xff,0xff,0xff,0xff,0xff,0xe3,0x00,0x00,0x00,0x00,0x00,0x6e,0xff,0xff,0xff,0xff,0xff,0xff,0xff,0xff,0xfa,0x10,0x00,0x00,
  0x00,0x00,0x00,0x00,0x5a,0xef,0xff,0xff,0xff,0xff,0xff,0xd8,0x20,0x00,0x00,0x00,0x00,0x00,0x00,0x00,0x00,0x01,0x46,0x78,0x88,0x76,0x31,0x00,0x00,0x00,0x00,0x00,
  0x00,0x05,0x99,0x99,0x99,0x96,0x00,0x00,0x00,0x08,0xff,0xff,0xff,0xfb,0x00,0x00,0x00,0x08,0xff,0xff,0xff,0xfb,0x00,0x00,0x00,0x08,0xff,0xff,0xff,0xfb,0x00,0x00,
  0x00,0x08,0xff,0xff,0xff,0xfb,0x00,0x00,0x00,0x08,0xff,0xff,0xff,0xfb,0x00,0x00,0x00,0x08,0xff,0xff,0xff,0xfb,0x00,0x00,0x00,0x08,0xff,0xff,0xff,0xfb,0x00,0x00,
  0x00,0x08,0xff,0xff,0xff,0xfb,0x00,0x00,0x00,0x08,0xff,0xff,0xff,0xfb,0x00,0x00,0x00,0x08,0xff,0xff,0xff,0xfb,0x00,0x00,0x00,0x08,0xff,0xff,0xff,0xfb,0x00,0x00,
  0x00,0x08,0xff,0xff,0xff,0xfb,0x00,0x00,0x00,0x08,0xff,0xff,0xff,0xfb,0x00,0x00,0x00,0x08,0xff,0xff,0xff,0xfb,0x00,0x00,0x00,0x08,0xff,0xff,0xff,0xfb,0x00,0x00,
  0x00,0x08,0xff,0xff,0xff,0xfb,0x00,0x00,0x00,0x08,0xff,0xff,0xff,0xfb,0x00,0x00,0x00,0x08,0xff,0xff,0xff,0xfb,0x00,0x00,0x00,0x08,0xff,0xff,0xff,0xfb,0x00,0x00,
  0x00,0x08,0xff,0xff,0xff,0xfb,0x00,0x00,0x00,0x08,0xff,0xff,0xff,0xfb,0x00,0x00,0x00,0x08,0xff,0xff,0xff,0xfb,0x00,0x00,0x00,0x08,0xff,0xff,0xff,0xfb,0x00,0x00,
  0x00,0x08,0xff,0xff,0xff,0xfb,0x00,0x00,0x00,0x08,0xff,0xff,0xff,0xfb,0x00,0x00,0x00,0x08,0xff,0xff,0xff,0xfb,0x00,0x00,0x00,0x08,0xff,0xff,0xff,0xfb,0x00,0x00,
  0x00,0x08,0xff,0xff,0xff,0xfb,0x00,0x00,0x00,0x08,0xff,0xff,0xff,0xfb,0x00,0x00,0x00,0x08,0xff,0xff,0xff,0xfb,0x00,0x00,0x00,0x08,0xff,0xff,0xff,0xfb,0x00,0x00,
  0x00,0x00,0x00,0x00,0x00,0x00,0x00,0x00,0x01,0x22,0x10,0x00,0x00,0x00,0x00,0x00,0x00,0x00,0x00,0x00,0x00,0x00,0x00,0x00,0x00,0x59,0xcf,0xff,0xff,0xff,0xeb,0x84,
  0x00,0x00,0x00,0x00,0x00,0x00,0x00,0x00,0x00,0x00,0x02,0x9f,0xff,0xff,0xff,0xff,0xff,0xff,0xff,0xe8,0x10,0x00,0x00,0x00,0x00,0x00,0x00,0x00,0x00,0x8f,0xff,0xff,
  0xff,0xff,0xff,0xff,0xff,0xff,0xff,0xf7,0x00,0x00,0x00,0x00,0x00,0x00,0x00,0x1c,0xff,0xff,0xff,0xff,0xff,0xff,0xff,0xff,0xff,0xff,0xff,0xc1,0x00,0x00,0x00,0x00,
  0x00,0x01,0xdf,0xff,0xff,0xff,0xff,0xff,0xff,0xff,0xff,0xff,0xff,0xff,0xfd,0x10,0x00,0x00,0x00,0x00,0x0c,0xff,0xff,0xff,0xff,0xff,0xff,0xff,0xff,0xff,0xff,0xff,
  0xff,0xff,0xa0,0x00,0x00,0x00,0x00,0x7f,0xff,0xff,0xff,0xff,0xfd,0x96,0x44,0x58,0xcf,0xff,0xff,0xff,0xff,0xf4,0x00,0x00,0x00,0x01,0xff,0xff,0xff,0xff,0xfd,0x40,
  0x00,0x00,0x00,0x03,0xcf,0xff,0xff,0xff,0xfc,0x00,0x00,0x00,0x07,0xff,0xff,0xff,0xff,0xd1,0x00,0x00,0x00,0x00,0x00,0x0c,0xff,0xff,0xff,0xff,0x10,0x00,0x00,0x0c,
  0xff,0xff,0xff,0xff,0x20,0x00,0x00,0x00,0x00,0x00,0x02,0xff,0xff,0xff,0xff,0x40,0x00,0x00,0x1f,0xff,0xff,0xff,0xf9,0x00,0x00,0x00,0x00,0x00,0x00,0x00,0xcf,0xff,
  0xff,0xff,0x60,0x00,0x00,0x5f,0xff,0xff,0xff,0xf3,0x00,0x00,0x00,0x00,0x00,0x00,0x00,0x58,0x88,0x88,0x88,0x30,0x00,0x00,0x7f,0xff,0xff,0xff,0xf0,0x00,0x00,0x00,
  0x00,0x00,0x00,0x00,0x00,0x00,0x00,0x00,0x00,0x00,0x00,0x9f,0xff,0xff,0xff,0xd0,0x00,0x00,0x00,0x00,0x00,0x00,0x00,0x00,0x00,0x00,0x00,0x00,0x00,0x00,0xbf,0xff,
  0xff,0xff,0xb0,0x00,0x00,0x00,0x55,0x55,0x55,0x55,0x55,0x55,0x55,0x55,0x20,0x00,0x00,0xbf,0xff,0xff,0xff,0xb0,0x00,0x00,0x01,0xff,0xff,0xff,0xff,0xff,0xff,0xff,
  0xff,0x70,0x00,0x00,0xbf,0xff,0xff,0xff,0xb0,0x00,0x00,0x01,0xff,0xff,0xff,0xff,0xff,0xff,0xff,0xff,0x70,0x00,0x00,0xbf,0xff,0xff,0xff,0xb0,0x00,0x00,0x01,0xff,
  0xff,0xff,0xff,0xff,0xff,0xff,0xff,0x70,0x00,0x00,0xaf,0xff,0xff,0xff,0xc0,0x00,0x00,0x01,0xff,0xff,0xff,0xff,0xff,0xff,0xff,0xff,0x70,0x00,0x00,0x9f,0xff,0xff,
  0xff,0xe0,0x00,0x00,0x01,0xff,0xff,0xff,0xff,0xff,0xff,0xff,0xff,0x70,0x00,0x00,0x6f,0xff,0xff,0xff,0xf1,0x00,0x00,0x00,0x77,0x77,0x77,0x77,0xcf,0xff,0xff,0xff,
  0x70,0x00,0x00,0x4f,0xff,0xff,0xff,0xf6,0x00,0x00,0x00,0x00,0x00,0x00,0x00,0xaf,0xff,0xff,0xff,0x70,0x00,0x00,0x0f,0xff,0xff,0xff,0xfd,0x00,0x00,0x00,0x00,0x00,
  0x00,0x00,0xef,0xff,0xff,0xff,0x70,0x00,0x00,0x0b,0xff,0xff,0xff,0xff,0x70,0x00,0x00,0x00,0x00,0x00,0x07,0xff,0xff,0xff,0xff,0x70,0x00,0x00,0x05,0xff,0xff,0xff,
  0xff,0xf8,0x00,0x00,0x00,0x00,0x00,0x7f,0xff,0xff,0xff,0xff,0x70,0x00,0x00,0x00,0xdf,0xff,0xff,0xff,0xff,0xd6,0x20,0x00,0x02,0x6d,0xff,0xff,0xff,0xff,0xff,0x70,
  0x00,0x00,0x00,0x5f,0xff,0xff,0xff,0xff,0xff,0xff,0xee,0xff,0xff,0xff,0xff,0xff,0xff,0xff,0x70,0x00,0x00,0x00,0x0a,0xff,0xff,0xff,0xff,0xff,0xff,0xff,0xff,0xff,
  0xff,0xff,0xff,0xff,0xff,0x70,0x00,0x00,0x00,0x00,0xbf,0xff,0xff,0xff,0xff,0xff,0xff,0xff,0xff,0xff,0xff,0xef,0xff,0xff,0x70,0x00,0x00,0x00,0x00,0x09,0xff,0xff,
  0xff,0xff,0xff,0xff,0xff,0xff,0xff,0xfc,0x1e,0xff,0xff,0x70,0x00,0x00,0x00,0x00,0x00,0x4d,0xff,0xff,0xff,0xff,0xff,0xff,0xff,0xff,0x70,0x0a,0xff,0xff,0x70,0x00,
  0x00,0x00,0x00,0x00,0x00,0x4a,0xef,0xff,0xff,0xff,0xff,0xfc,0x71,0x00,0x07,0xff,0xff,0x70,0x00,0x00,0x00,0x00,0x00,0x00,0x00,0x02,0x56,0x88,0x87,0x64,0x10,0x00,
  0x00,0x00,0x00,0x00,0x00,0x00,0x00,0x05,0x99,0x99,0x99,0x90,0x00,0x00,0x00,0x00,0x00,0x00,0x08,0x99,0x99,0x99,0x70,0x00,0x00,0x08,0xff,0xff,0xff,0xfa,0x00,0x00,
  0x00,0x00,0x00,0x00,0x0e,0xff,0xff,0xff,0xc0,0x00,0x00,0x08,0xff,0xff,0xff,0xff,0x60,0x00,0x00,0x00,0x00,0x00,0x0e,0xff,0xff,0xff,0xc0,0x00,0x00,0x08,0xff,0xff,
  0xff,0xff,0xf3,0x00,0x00,0x00,0x00,0x00,0x0e,0xff,0xff,0xff,0xc0,0x00,0x00,0x08,0xff,0xff,0xff,0xff,0xfe,0x10,0x00,0x00,0x00,0x00,0x0e,0xff,0xff,0xff,0xc0,0x00,
  0x00,0x08,0xff,0xff,0xff,0xff,0xff,0xc0,0x00,0x00,0x00,0x00,0x0e,0xff,0xff,0xff,0xc0,0x00,0x00,0x08,0xff,0xff,0xff,0xff,0xff,0xf8,0x00,0x00,0x00,0x00,0x0e,0xff,
  0xff,0xff,0xc0,0x00,0x00,0x08,0xff,0xff,0xff,0xff,0xff,0xff,0x50,0x00,0x00,0x00,0x0e,0xff,0xff,0xff,0xc0,0x00,0x00,0x08,0xff,0xff,0xff,0xff,0xff,0xff,0xf2,0x00,
  0x00,0x00,0x0e,0xff,0xff,0xff,0xc0,0x00,0x00,0x08,0xff,0xff,0xff,0xff,0xff,0xff,0xfd,0x00,0x00,0x00,0x0e,0xff,0xff,0xff,0xc0,0x00,0x00,0x08,0xff,0xff,0xff,0xff,
  0xff,0xff,0xff,0xa0,0x00,0x00,0x0e,0xff,0xff,0xff,0xc0,0x00,0x00,0x08,0xff,0xff,0xff,0xff,0xff,0xff,0xff,0xf7,0x00,0x00,0x0e,0xff,0xff,0xff,0xc0,0x00,0x00,0x08,
  0xff,0xff,0xff,0xff,0xff,0xff,0xff,0xff,0x40,0x00,0x0e,0xff,0xff,0xff,0xc0,0x00,0x00,0x08,0xff,0xff,0xff,0xfe,0xff,0xff,0xff,0xff,0xe1,0x00,0x0e,0xff,0xff,0xff,
  0xc0,0x00,0x00,0x08,0xff,0xff,0xff,0xf4,0xff,0xff,0xff,0xff,0xfc,0x00,0x0e,0xff,0xff,0xff,0xc0,0x00,0x00,0x08,0xff,0xff,0xff,0xf1,0x7f,0xff,0xff,0xff,0xff,0x90,
  0x0e,0xff,0xff,0xff,0xc0,0x00,0x00,0x08,0xff,0xff,0xff,0xf1,0x0b,0xff,0xff,0xff,0xff,0xf6,0x0e,0xff,0xff,0xff,0xc0,0x00,0x00,0x08,0xff,0xff,0xff,0xf1,0x01,0xef,
  0xff,0xff,0xff,0xff,0x2e,0xff,0xff,0xff,0xc0,0x00,0x00,0x08,0xff,0xff,0xff,0xf1,0x00,0x3f,0xff,0xff,0xff,0xff,0xce,0xff,0xff,0xff,0xc0,0x00,0x00,0x08,0xff,0xff,
  0xff,0xf1,0x00,0x06,0xff,0xff,0xff,0xff,0xff,0xff,0xff,0xff,0xc0,0x00,0x00,0x08,0xff,0xff,0xff,0xf1,0x00,0x00,0x9f,0xff,0xff,0xff,0xff,0xff,0xff,0xff,0xc0,0x00,
  0x00,0x08,0xff,0xff,0xff,0xf1,0x00,0x00,0x0c,0xff,0xff,0xff,0xff,0xff,0xff,0xff,0xc0,0x00,0x00,0x08,0xff,0xff,0xff,0xf1,0x00,0x00,0x01,0xef,0xff,0xff,0xff,0xff,
  0xff,0xff,0xc0,0x00,0x00,0x08,0xff,0xff,0xff,0xf1,0x00,0x00,0x00,0x3f,0xff,0xff,0xff,0xff,0xff,0xff,0xc0,0x00,0x00,0x08,0xff,0xff,0xff,0xf1,0x00,0x00,0x00,0x06,
  0xff,0xff,0xff,0xff,0xff,0xff,0xc0,0x00,0x00,0x08,0xff,0xff,0xff,0xf1,0x00,0x00,0x00,0x00,0xaf,0xff,0xff,0xff,0xff,0xff,0xc0,0x00,0x00,0x08,0xff,0xff,0xff,0xf1,
  0x00,0x00,0x00,0x00,0x0d,0xff,0xff,0xff,0xff,0xff,0xc0,0x00,0x00,0x08,0xff,0xff,0xff,0xf1,0x00,0x00,0x00,0x00,0x02,0xef,0xff,0xff,0xff,0xff,0xc0,0x00,0x00,0x08,
  0xff,0xff,0xff,0xf1,0x00,0x00,0x00,0x00,0x00,0x4f,0xff,0xff,0xff,0xff,0xc0,0x00,0x00,0x08,0xff,0xff,0xff,0xf1,0x00,0x00,0x00,0x00,0x00,0x07,0xff,0xff,0xff,0xff,
  0xc0,0x00,0x00,0x08,0xff,0xff,0xff,0xf1,0x00,0x00,0x00,0x00,0x00,0x00,0xbf,0xff,0xff,0xff,0xc0,0x00,0x00,0x08,0xff,0xff,0xff,0xf1,0x00,0x00,0x00,0x00,0x00,0x00,
  0x0d,0xff,0xff,0xff,0xc0,0x00,0x00,0x00,0x00,0x00,0x00,0x00,0x89,0x99,0x99,0x99,0x99,0x20,0x00,0x00,0x00,0x00,0x00,0x00,0x00,0x00,0x00,0x00,0x02,0xff,0xff,0xff,
  0xff,0xff,0x80,0x00,0x00,0x00,0x00,0x00,0x00,0x00,0x00,0x00,0x00,0x09,0xff,0xff,0xff,0xff,0xff,0xe0,0x00,0x00,0x00,0x00,0x00,0x00,0x00,0x00,0x00,0x00,0x0e,0xff,
  0xff,0xff,0xff,0xff,0xf4,0x00,0x00,0x00,0x00,0x00,0x00,0x00,0x00,0x00,0x00,0x5f,0xff,0xff,0xff,0xff,0xff,0xfa,0x00,0x00,0x00,0x00,0x00,0x00,0x00,0x00,0x00,0x00,
  0xaf,0xff,0xff,0xff,0xff,0xff,0xff,0x10,0x00,0x00,0x00,0x00,0x00,0x00,0x00,0x00,0x01,0xff,0xff,0xff,0xff,0xff,0xff,0xff,0x60,0x00,0x00,0x00,0x00,0x00,0x00,0x00,
  0x00,0x06,0xff,0xff,0xff,0xee,0xff,0xff,0xff,0xc0,0x00,0x00,0x00,0x00,0x00,0x00,0x00,0x00,0x0d,0xff,0xff,0xff,0x98,0xff,0xff,0xff,0xf2,0x00,0x00,0x00,0x00,0x00,
  0x00,0x00,0x00,0x2f,0xff,0xff,0xff,0x54,0xff,0xff,0xff,0xf8,0x00,0x00,0x00,0x00,0x00,0x00,0x00,0x00,0x9f,0xff,0xff,0xff,0x00,0xff,0xff,0xff,0xfe,0x00,0x00,0x00,
  0x00,0x00,0x00,0x00,0x00,0xef,0xff,0xff,0xfb,0x00,0xbf,0xff,0xff,0xff,0x40,0x00,0x00,0x00,0x00,0x00,0x00,0x05,0xff,0xff,0xff,0xf6,0x00,0x5f,0xff,0xff,0xff,0xa0,
  0x00,0x00,0x00,0x00,0x00,0x00,0x0b,0xff,0xff,0xff,0xf1,0x00,0x0f,0xff,0xff,0xff,0xf1,0x00,0x00,0x00,0x00,0x00,0x00,0x1f,0xff,0xff,0xff,0xb0,0x00,0x0a,0xff,0xff,
  0xff,0xf6,0x00,0x00,0x00,0x00,0x00,0x00,0x7f,0xff,0xff,0xff,0x60,0x00,0x05,0xff,0xff,0xff,0xfc,0x00,0x00,0x00,0x00,0x00,0x00,0xdf,0xff,0xff,0xff,0x00,0x00,0x00,
  0xff,0xff,0xff,0xff,0x20,0x00,0x00,0x00,0x00,0x03,0xff,0xff,0xff,0xfb,0x00,0x00,0x00,0xaf,0xff,0xff,0xff,0x80,0x00,0x00,0x00,0x00,0x09,0xff,0xff,0xff,0xf5,0x00,
  0x00,0x00,0x5f,0xff,0xff,0xff,0xe0,0x00,0x00,0x00,0x00,0x0e,0xff,0xff,0xff,0xf0,0x00,0x00,0x00,0x0f,0xff,0xff,0xff,0xf4,0x00,0x00,0x00,0x00,0x5f,0xff,0xff,0xff,
  0xea,0xaa,0xaa,0xaa,0xae,0xff,0xff,0xff,0xfa,0x00,0x00,0x00,0x00,0xbf,0xff,0xff,0xff,0xff,0xff,0xff,0xff,0xff,0xff,0xff,0xff,0xff,0x10,0x00,0x00,0x01,0xff,0xff,
  0xff,0xff,0xff,0xff,0xff,0xff,0xff,0xff,0xff,0xff,0xff,0x60,0x00,0x00,0x07,0xff,0xff,0xff,0xff,0xff,0xff,0xff,0xff,0xff,0xff,0xff,0xff,0xff,0xd0,0x00,0x00,0x0d,
  0xff,0xff,0xff,0xff,0xff,0xff,0xff,0xff,0xff,0xff,0xff,0xff,0xff,0xf2,0x00,0x00,0x3f,0xff,0xff,0xff,0xff,0xff,0xff,0xff,0xff,0xff,0xff,0xff,0xff,0xff,0xf9,0x00,
  0x00,0x9f,0xff,0xff,0xff,0xd8,0x88,0x88,0x88,0x88,0x88,0x8d,0xff,0xff,0xff,0xfe,0x00,0x00,0xef,0xff,0xff,0xff,0x60,0x00,0x00,0x00,0x00,0x00,0x05,0xff,0xff,0xff,
  0xff,0x50,0x05,0xff,0xff,0xff,0xff,0x10,0x00,0x00,0x00,0x00,0x00,0x00,0xff,0xff,0xff,0xff,0xb0,0x0b,0xff,0xff,0xff,0xfb,0x00,0x00,0x00,0x00,0x00,0x00,0x00,0xaf,
  0xff,0xff,0xff,0xf1,0x1f,0xff,0xff,0xff,0xf5,0x00,0x00,0x00,0x00,0x00,0x00,0x00,0x5f,0xff,0xff,0xff,0xf7,0x7f,0xff,0xff,0xff,0xf0,0x00,0x00,0x00,0x00,0x00,0x00,
  0x00,0x0f,0xff,0xff,0xff,0xfd,0x00,0x05,0x99,0x99,0x99,0x96,0x00,0x00,0x00,0x00,0x00,0x00,0x00,0x00,0x00,0x00,0x08,0xff,0xff,0xff,0xfb,0x00,0x00,0x00,0x00,0x00,
  0x00,0x00,0x00,0x00,0x00,0x08,0xff,0xff,0xff,0xfb,0x00,0x00,0x00,0x00,0x00,0x00,0x00,0x00,0x00,0x00,0x08,0xff,0xff,0xff,0xfb,0x00,0x00,0x00,0x00,0x00,0x00,0x00,
  0x00,0x00,0x00,0x08,0xff,0xff,0xff,0xfb,0x00,0x00,0x00,0x00,0x00,0x00,0x00,0x00,0x00,0x00,0x08,0xff,0xff,0xff,0xfb,0x00,0x00,0x00,0x00,0x00,0x00,0x00,0x00,0x00,
  0x00,0x08,0xff,0xff,0xff,0xfb,0x00,0x00,0x00,0x00,0x00,0x00,0x00,0x00,0x00,0x00,0x08,0xff,0xff,0xff,0xfb,0x00,0x00,0x00,0x00,0x00,0x00,0x00,0x00,0x00,0x00,0x08,
  0xff,0xff,0xff,0xfb,0x00,0x00,0x00,0x00,0x00,0x00,0x00,0x00,0x00,0x00,0x08,0xff,0xff,0xff,0xfb,0x00,0x00,0x00,0x00,0x00,0x00,0x00,0x00,0x00,0x00,0x08,0xff,0xff,
  0xff,0xfb,0x00,0x00,0x00,0x00,0x00,0x00,0x00,0x00,0x00,0x00,0x08,0xff,0xff,0xff,0xfb,0x00,0x00,0x00,0x00,0x00,0x00,0x00,0x00,0x00,0x00,0x08,0xff,0xff,0xff,0xfb,
  0x00,0x00,0x00,0x00,0x00,0x00,0x00,0x00,0x00,0x00,0x08,0xff,0xff,0xff,0xfb,0x00,0x00,0x00,0x00,0x00,0x00,0x00,0x00,0x00,0x00,0x08,0xff,0xff,0xff,0xfb,0x00,0x00,
  0x00,0x00,0x00,0x00,0x00,0x00,0x00,0x00,0x08,0xff,0xff,0xff,0xfb,0x00,0x00,0x00,0x00,0x00,0x00,0x00,0x00,0x00,0x00,0x08,0xff,0xff,0xff,0xfb,0x00,0x00,0x00,0x00,
  0x00,0x00,0x00,0x00,0x00,0x00,0x08,0xff,0xff,0xff,0xfb,0x00,0x00,0x00,0x00,0x00,0x00,0x00,0x00,0x00,0x00,0x08,0xff,0xff,0xff,0xfb,0x00,0x00,0x00,0x00,0x00,0x00,
  0x00,0x00,0x00,0x00,0x08,0xff,0xff,0xff,0xfb,0x00,0x00,0x00,0x00,0x00,0x00,0x00,0x00,0x00,0x00,0x08,0xff,0xff,0xff,0xfb,0x00,0x00,0x00,0x00,0x00,0x00,0x00,0x00,
  0x00,0x00,0x08,0xff,0xff,0xff,0xfb,0x00,0x00,0x00,0x00,0x00,0x00,0x00,0x00,0x00,0x00,0x08,0xff,0xff,0xff,0xfb,0x00,0x00,0x00,0x00,0x00,0x00,0x00,0x00,0x00,0x00,
  0x08,0xff,0xff,0xff,0xfb,0x00,0x00,0x00,0x00,0x00,0x00,0x00,0x00,0x00,0x00,0x08,0xff,0xff,0xff,0xfb,0x00,0x00,0x00,0x00,0x00,0x00,0x00,0x00,0x00,0x00,0x08,0xff,
  0xff,0xff,0xfe,0xcc,0xcc,0xcc,0xcc,0xcc,0xcc,0xcc,0xc9,0x00,0x00,0x08,0xff,0xff,0xff,0xff,0xff,0xff,0xff,0xff,0xff,0xff,0xff,0xfb,0x00,0x00,0x08,0xff,0xff,0xff,
  0xff,0xff,0xff,0xff,0xff,0xff,0xff,0xff,0xfb,0x00,0x00,0x08,0xff,0xff,0xff,0xff,0xff,0xff,0xff,0xff,0xff,0xff,0xff,0xfb,0x00,0x00,0x08,0xff,0xff,0xff,0xff,0xff,
  0xff,0xff,0xff,0xff,0xff,0xff,0xfb,0x00,0x00,0x08,0xff,0xff,0xff,0xff,0xff,0xff,0xff,0xff,0xff,0xff,0xff,0xfb,0x00,0x00,0x08,0xff,0xff,0xff,0xff,0xff,0xff,0xff,
  0xff,0xff,0xff,0xff,0xfb,0x00,
};
const sig_font_t sigf_8 = { 0, 800, 46.0f, 41, 10, 0, 7, sigf_8_ch, sigf_8_gl, sigf_8_bmp, 3046 };
// --- disp 800 normal 96px  (13 glyphs, 25244 bytes)
static const sig_glyph_t sigf_9_gl[] = {
  {0,60,70,0,-68,60},
  {2100,60,67,0,-67,60},
  {4110,60,68,0,-68,60},
  {6150,60,70,0,-68,60},
  {8250,60,68,0,-68,60},
  {10290,60,68,0,-66,60},
  {12330,60,70,0,-68,60},
  {14430,60,66,0,-66,60},
  {16410,60,70,0,-68,60},
  {18510,60,70,0,-68,60},
  {20610,32,51,0,-51,32},
  {21426,94,70,0,-68,94},
  {24716,32,33,0,-33,32},
};
static const char sigf_9_ch[] = "0123456789:%-";
static const uint8_t sigf_9_bmp[] = {
  0x00,0x00,0x00,0x00,0x00,0x00,0x00,0x00,0x00,0x00,0x00,0x00,0x00,0x00,0x11,0x11,0x00,0x00,0x00,0x00,0x00,0x00,0x00,0x00,0x00,0x00,0x00,0x00,0x00,0x00,0x00,0x00,
  0x00,0x00,0x00,0x00,0x00,0x00,0x00,0x00,0x02,0x58,0xbd,0xff,0xff,0xff,0xff,0xdb,0x96,0x20,0x00,0x00,0x00,0x00,0x00,0x00,0x00,0x00,0x00,0x00,0x00,0x00,0x00,0x00,
  0x00,0x00,0x00,0x00,0x00,0x28,0xdf,0xff,0xff,0xff,0xff,0xff,0xff,0xff,0xff,0xfd,0x82,0x00,0x00,0x00,0x00,0x00,0x00,0x00,0x00,0x00,0x00,0x00,0x00,0x00,0x00,0x00,
  0x00,0x00,0x3b,0xff,0xff,0xff,0xff,0xff,0xff,0xff,0xff,0xff,0xff,0xff,0xff,0xb3,0x00,0x00,0x00,0x00,0x00,0x00,0x00,0x00,0x00,0x00,0x00,0x00,0x00,0x00,0x00,0x19,
  0xff,0xff,0xff,0xff,0xff,0xff,0xff,0xff,0xff,0xff,0xff,0xff,0xff,0xff,0xa1,0x00,0x00,0x00,0x00,0x00,0x00,0x00,0x00,0x00,0x00,0x00,0x00,0x00,0x03,0xef,0xff,0xff,
  0xff,0xff,0xff,0xff,0xff,0xff,0xff,0xff,0xff,0xff,0xff,0xff,0xfe,0x30,0x00,0x00,0x00,0x00,0x00,0x00,0x00,0x00,0x00,0x00,0x00,0x00,0x5f,0xff,0xff,0xff,0xff,0xff,
  0xff,0xff,0xff,0xff,0xff,0xff,0xff,0xff,0xff,0xff,0xff,0xf5,0x00,0x00,0x00,0x00,0x00,0x00,0x00,0x00,0x00,0x00,0x00,0x05,0xff,0xff,0xff,0xff,0xff,0xff,0xff,0xff,
  0xff,0xff,0xff,0xff,0xff,0xff,0xff,0xff,0xff,0xff,0x50,0x00,0x00,0x00,0x00,0x00,0x00,0x00,0x00,0x00,0x00,0x3f,0xff,0xff,0xff,0xff,0xff,0xff,0xff,0xff,0xff,0xff,
  0xff,0xff,0xff,0xff,0xff,0xff,0xff,0xff,0xf3,0x00,0x00,0x00,0x00,0x00,0x00,0x00,0x00,0x00,0x00,0xef,0xff,0xff,0xff,0xff,0xff,0xff,0xff,0xff,0xff,0xff,0xff,0xff,
  0xff,0xff,0xff,0xff,0xff,0xff,0xfe,0x00,0x00,0x00,0x00,0x00,0x00,0x00,0x00,0x00,0x09,0xff,0xff,0xff,0xff,0xff,0xff,0xff,0xff,0xff,0xff,0xff,0xff,0xff,0xff,0xff,
  0xff,0xff,0xff,0xff,0xff,0x90,0x00,0x00,0x00,0x00,0x00,0x00,0x00,0x00,0x3f,0xff,0xff,0xff,0xff,0xff,0xff,0xff,0xff,0xff,0xff,0xff,0xff,0xff,0xff,0xff,0xff,0xff,
  0xff,0xff,0xff,0xf3,0x00,0x00,0x00,0x00,0x00,0x00,0x00,0x00,0xbf,0xff,0xff,0xff,0xff,0xff,0xff,0xff,0xff,0xd9,0x65,0x56,0x9d,0xff,0xff,0xff,0xff,0xff,0xff,0xff,
  0xff,0xfb,0x00,0x00,0x00,0x00,0x00,0x00,0x00,0x03,0xff,0xff,0xff,0xff,0xff,0xff,0xff,0xff,0xe5,0x00,0x00,0x00,0x00,0x4d,0xff,0xff,0xff,0xff,0xff,0xff,0xff,0xff,
  0x30,0x00,0x00,0x00,0x00,0x00,0x00,0x09,0xff,0xff,0xff,0xff,0xff,0xff,0xff,0xfd,0x10,0x00,0x00,0x00,0x00,0x00,0xcf,0xff,0xff,0xff,0xff,0xff,0xff,0xff,0x90,0x00,
  0x00,0x00,0x00,0x00,0x00,0x0f,0xff,0xff,0xff,0xff,0xff,0xff,0xff,0xf1,0x00,0x00,0x00,0x00,0x00,0x00,0x1e,0xff,0xff,0xff,0xff,0xff,0xff,0xff,0xf0,0x00,0x00,0x00,
  0x00,0x00,0x00,0x5f,0xff,0xff,0xff,0xff,0xff,0xff,0xff,0x60,0x00,0x00,0x00,0x00,0x00,0x00,0x05,0xff,0xff,0xff,0xff,0xff,0xff,0xff,0xf5,0x00,0x00,0x00,0x00,0x00,
  0x00,0xaf,0xff,0xff,0xff,0xff,0xff,0xff,0xfe,0x00,0x00,0x00,0x00,0x00,0x00,0x00,0x00,0xdf,0xff,0xff,0xff,0xff,0xff,0xff,0xfa,0x00,0x00,0x00,0x00,0x00,0x00,0xef,
  0xff,0xff,0xff,0xff,0xff,0xff,0xf9,0x00,0x00,0x00,0x00,0x00,0x00,0x00,0x00,0x8f,0xff,0xff,0xff,0xff,0xff,0xff,0xfe,0x00,0x00,0x00,0x00,0x00,0x02,0xff,0xff,0xff,
  0xff,0xff,0xff,0xff,0xf4,0x00,0x00,0x00,0x00,0x00,0x00,0x00,0x00,0x3f,0xff,0xff,0xff,0xff,0xff,0xff,0xff,0x20,0x00,0x00,0x00,0x00,0x06,0xff,0xff,0xff,0xff,0xff,
  0xff,0xff,0xf0,0x00,0x00,0x00,0x00,0x00,0x00,0x00,0x00,0x0f,0xff,0xff,0xff,0xff,0xff,0xff,0xff,0x60,0x00,0x00,0x00,0x00,0x09,0xff,0xff,0xff,0xff,0xff,0xff,0xff,
  0xd0,0x00,0x00,0x00,0x00,0x00,0x00,0x00,0x00,0x0d,0xff,0xff,0xff,0xff,0xff,0xff,0xff,0x90,0x00,0x00,0x00,0x00,0x0c,0xff,0xff,0xff,0xff,0xff,0xff,0xff,0xa0,0x00,
  0x00,0x00,0x00,0x00,0x00,0x00,0x00,0x0a,0xff,0xff,0xff,0xff,0xff,0xff,0xff,0xc0,0x00,0x00,0x00,0x00,0x0e,0xff,0xff,0xff,0xff,0xff,0xff,0xff,0x80,0x00,0x00,0x00,
  0x00,0x00,0x00,0x00,0x00,0x08,0xff,0xff,0xff,0xff,0xff,0xff,0xff,0xe0,0x00,0x00,0x00,0x00,0x1f,0xff,0xff,0xff,0xff,0xff,0xff,0xff,0x70,0x00,0x00,0x00,0x00,0x00,
  0x00,0x00,0x00,0x07,0xff,0xff,0xff,0xff,0xff,0xff,0xff,0xf1,0x00,0x00,0x00,0x00,0x2f,0xff,0xff,0xff,0xff,0xff,0xff,0xff,0x50,0x00,0x00,0x00,0x00,0x00,0x00,0x00,
  0x00,0x05,0xff,0xff,0xff,0xff,0xff,0xff,0xff,0xf2,0x00,0x00,0x00,0x00,0x4f,0xff,0xff,0xff,0xff,0xff,0xff,0xff,0x40,0x00,0x00,0x00,0x00,0x00,0x00,0x00,0x00,0x04,
  0xff,0xff,0xff,0xff,0xff,0xff,0xff,0xf4,0x00,0x00,0x00,0x00,0x6f,0xff,0xff,0xff,0xff,0xff,0xff,0xff,0x30,0x00,0x00,0x00,0x00,0x00,0x00,0x00,0x00,0x03,0xff,0xff,
  0xff,0xff,0xff,0xff,0xff,0xf6,0x00,0x00,0x00,0x00,0x7f,0xff,0xff,0xff,0xff,0xff,0xff,0xff,0x30,0x00,0x00,0x00,0x00,0x00,0x00,0x00,0x00,0x03,0xff,0xff,0xff,0xff,
  0xff,0xff,0xff,0xf7,0x00,0x00,0x00,0x00,0x8f,0xff,0xff,0xff,0xff,0xff,0xff,0xff,0x20,0x00,0x00,0x00,0x00,0x00,0x00,0x00,0x00,0x02,0xff,0xff,0xff,0xff,0xff,0xff,
  0xff,0xf8,0x00,0x00,0x00,0x00,0x9f,0xff,0xff,0xff,0xff,0xff,0xff,0xff,0x20,0x00,0x00,0x00,0x00,0x00,0x00,0x00,0x00,0x02,0xff,0xff,0xff,0xff,0xff,0xff,0xff,0xf9,
  0x00,0x00,0x00,0x00,0xaf,0xff,0xff,0xff,0xff,0xff,0xff,0xff,0x20,0x00,0x00,0x00,0x00,0x00,0x00,0x00,0x00,0x02,0xff,0xff,0xff,0xff,0xff,0xff,0xff,0xf9,0x00,0x00,
  0x00,0x00,0xaf,0xff,0xff,0xff,0xff,0xff,0xff,0xff,0x20,0x00,0x00,0x00,0x00,0x00,0x00,0x00,0x00,0x02,0xff,0xff,0xff,0xff,0xff,0xff,0xff,0xfa,0x00,0x00,0x00,0x00,
  0xaf,0xff,0xff,0xff,0xff,0xff,0xff,0xff,0x20,0x00,0x00,0x00,0x00,0x00,0x00,0x00,0x00,0x02,0xff,0xff,0xff,0xff,0xff,0xff,0xff,0xfa,0x00,0x00,0x00,0x00,0xaf,0xff,
  0xff,0xff,0xff,0xff,0xff,0xff,0x20,0x00,0x00,0x00,0x00,0x00,0x00,0x00,0x00,0x02,0xff,0xff,0xff,0xff,0xff,0xff,0xff,0xfa,0x00,0x00,0x00,0x00,0xaf,0xff,0xff,0xff,
  0xff,0xff,0xff,0xff,0x20,0x00,0x00,0x00,0x00,0x00,0x00,0x00,0x00,0x02,0xff,0xff,0xff,0xff,0xff,0xff,0xff,0xfa,0x00,0x00,0x00,0x00,0xaf,0xff,0xff,0xff,0xff,0xff,
  0xff,0xff,0x20,0x00,0x00,0x00,0x00,0x00,0x00,0x00,0x00,0x02,0xff,0xff,0xff,0xff,0xff,0xff,0xff,0xfa,0x00,0x00,0x00,0x00,0xaf,0xff,0xff,0xff,0xff,0xff,0xff,0xff,
  0x20,0x00,0x00,0x00,0x00,0x00,0x00,0x00,0x00,0x02,0xff,0xff,0xff,0xff,0xff,0xff,0xff,0xfa,0x00,0x00,0x00,0x00,0xaf,0xff,0xff,0xff,0xff,0xff,0xff,0xff,0x20,0x00,
  0x00,0x00,0x00,0x00,0x00,0x00,0x00,0x02,0xff,0xff,0xff,0xff,0xff,0xff,0xff,0xf9,0x00,0x00,0x00,0x00,0x9f,0xff,0xff,0xff,0xff,0xff,0xff,0xff,0x20,0x00,0x00,0x00,
  0x00,0x00,0x00,0x00,0x00,0x02,0xff,0xff,0xff,0xff,0xff,0xff,0xff,0xf9,0x00,0x00,0x00,0x00,0x8f,0xff,0xff,0xff,0xff,0xff,0xff,0xff,0x20,0x00,0x00,0x00,0x00,0x00,
  0x00,0x00,0x00,0x02,0xff,0xff,0xff,0xff,0xff,0xff,0xff,0xf8,0x00,0x00,0x00,0x00,0x7f,0xff,0xff,0xff,0xff,0xff,0xff,0xff,0x30,0x00,0x00,0x00,0x00,0x00,0x00,0x00,
  0x00,0x03,0xff,0xff,0xff,0xff,0xff,0xff,0xff,0xf7,0x00,0x00,0x00,0x00,0x6f,0xff,0xff,0xff,0xff,0xff,0xff,0xff,0x30,0x00,0x00,0x00,0x00,0x00,0x00,0x00,0x00,0x03,
  0xff,0xff,0xff,0xff,0xff,0xff,0xff,0xf6,0x00,0x00,0x00,0x00,0x4f,0xff,0xff,0xff,0xff,0xff,0xff,0xff,0x40,0x00,0x00,0x00,0x00,0x00,0x00,0x00,0x00,0x04,0xff,0xff,
  0xff,0xff,0xff,0xff,0xff,0xf4,0x00,0x00,0x00,0x00,0x3f,0xff,0xff,0xff,0xff,0xff,0xff,0xff,0x50,0x00,0x00,0x00,0x00,0x00,0x00,0x00,0x00,0x05,0xff,0xff,0xff,0xff,
  0xff,0xff,0xff,0xf2,0x00,0x00,0x00,0x00,0x1f,0xff,0xff,0xff,0xff,0xff,0xff,0xff,0x70,0x00,0x00,0x00,0x00,0x00,0x00,0x00,0x00,0x07,0xff,0xff,0xff,0xff,0xff,0xff,
  0xff,0xf1,0x00,0x00,0x00,0x00,0x0e,0xff,0xff,0xff,0xff,0xff,0xff,0xff,0x90,0x00,0x00,0x00,0x00,0x00,0x00,0x00,0x00,0x08,0xff,0xff,0xff,0xff,0xff,0xff,0xff,0xe0,
  0x00,0x00,0x00,0x00,0x0c,0xff,0xff,0xff,0xff,0xff,0xff,0xff,0xb0,0x00,0x00,0x00,0x00,0x00,0x00,0x00,0x00,0x0a,0xff,0xff,0xff,0xff,0xff,0xff,0xff,0xc0,0x00,0x00,
  0x00,0x00,0x09,0xff,0xff,0xff,0xff,0xff,0xff,0xff,0xd0,0x00,0x00,0x00,0x00,0x00,0x00,0x00,0x00,0x0d,0xff,0xff,0xff,0xff,0xff,0xff,0xff,0x90,0x00,0x00,0x00,0x00,
  0x06,0xff,0xff,0xff,0xff,0xff,0xff,0xff,0xf1,0x00,0x00,0x00,0x00,0x00,0x00,0x00,0x00,0x0f,0xff,0xff,0xff,0xff,0xff,0xff,0xff,0x60,0x00,0x00,0x00,0x00,0x02,0xff,
  0xff,0xff,0xff,0xff,0xff,0xff,0xf4,0x00,0x00,0x00,0x00,0x00,0x00,0x00,0x00,0x3f,0xff,0xff,0xff,0xff,0xff,0xff,0xff,0x20,0x00,0x00,0x00,0x00,0x00,0xef,0xff,0xff,
  0xff,0xff,0xff,0xff,0xf9,0x00,0x00,0x00,0x00,0x00,0x00,0x00,0x00,0x8f,0xff,0xff,0xff,0xff,0xff,0xff,0xfe,0x00,0x00,0x00,0x00,0x00,0x00,0xaf,0xff,0xff,0xff,0xff,
  0xff,0xff,0xfe,0x00,0x00,0x00,0x00,0x00,0x00,0x00,0x00,0xef,0xff,0xff,0xff,0xff,0xff,0xff,0xfa,0x00,0x00,0x00,0x00,0x00,0x00,0x5f,0xff,0xff,0xff,0xff,0xff,0xff,
  0xff,0x70,0x00,0x00,0x00,0x00,0x00,0x00,0x05,0xff,0xff,0xff,0xff,0xff,0xff,0xff,0xf5,0x00,0x00,0x00,0x00,0x00,0x00,0x0f,0xff,0xff,0xff,0xff,0xff,0xff,0xff,0xf2,
  0x00,0x00,0x00,0x00,0x00,0x00,0x1e,0xff,0xff,0xff,0xff,0xff,0xff,0xff,0xf0,0x00,0x00,0x00,0x00,0x00,0x00,0x0a,0xff,0xff,0xff,0xff,0xff,0xff,0xff,0xfd,0x10,0x00,
  0x00,0x00,0x00,0x00,0xcf,0xff,0xff,0xff,0xff,0xff,0xff,0xff,0xa0,0x00,0x00,0x00,0x00,0x00,0x00,0x03,0xff,0xff,0xff,0xff,0xff,0xff,0xff,0xff,0xe4,0x00,0x00,0x00,
  0x00,0x3d,0xff,0xff,0xff,0xff,0xff,0xff,0xff,0xff,0x30,0x00,0x00,0x00,0x00,0x00,0x00,0x00,0xbf,0xff,0xff,0xff,0xff,0xff,0xff,0xff,0xff,0xd8,0x54,0x45,0x8d,0xff,
  0xff,0xff,0xff,0xff,0xff,0xff,0xff,0xfb,0x00,0x00,0x00,0x00,0x00,0x00,0x00,0x00,0x3f,0xff,0xff,0xff,0xff,0xff,0xff,0xff,0xff,0xff,0xff,0xff,0xff,0xff,0xff,0xff,
  0xff,0xff,0xff,0xff,0xff,0xf3,0x00,0x00,0x00,0x00,0x00,0x00,0x00,0x00,0x0a,0xff,0xff,0xff,0xff,0xff,0xff,0xff,0xff,0xff,0xff,0xff,0xff,0xff,0xff,0xff,0xff,0xff,
  0xff,0xff,0xff,0xa0,0x00,0x00,0x00,0x00,0x00,0x00,0x00,0x00,0x01,0xef,0xff,0xff,0xff,0xff,0xff,0xff,0xff,0xff,0xff,0xff,0xff,0xff,0xff,0xff,0xff,0xff,0xff,0xff,
  0xfe,0x10,0x00,0x00,0x00,0x00,0x00,0x00,0x00,0x00,0x00,0x3f,0xff,0xff,0xff,0xff,0xff,0xff,0xff,0xff,0xff,0xff,0xff,0xff,0xff,0xff,0xff,0xff,0xff,0xff,0xf3,0x00,
  0x00,0x00,0x00,0x00,0x00,0x00,0x00,0x00,0x00,0x05,0xff,0xff,0xff,0xff,0xff,0xff,0xff,0xff,0xff,0xff,0xff,0xff,0xff,0xff,0xff,0xff,0xff,0xff,0x50,0x00,0x00,0x00,
  0x00,0x00,0x00,0x00,0x00,0x00,0x00,0x00,0x6f,0xff,0xff,0xff,0xff,0xff,0xff,0xff,0xff,0xff,0xff,0xff,0xff,0xff,0xff,0xff,0xff,0xf6,0x00,0x00,0x00,0x00,0x00,0x00,
  0x00,0x00,0x00,0x00,0x00,0x00,0x04,0xef,0xff,0xff,0xff,0xff,0xff,0xff,0xff,0xff,0xff,0xff,0xff,0xff,0xff,0xff,0xfe,0x40,0x00,0x00,0x00,0x00,0x00,0x00,0x00,0x00,
  0x00,0x00,0x00,0x00,0x00,0x1a,0xff,0xff,0xff,0xff,0xff,0xff,0xff,0xff,0xff,0xff,0xff,0xff,0xff,0xff,0xb1,0x00,0x00,0x00,0x00,0x00,0x00,0x00,0x00,0x00,0x00,0x00,
  0x00,0x00,0x00,0x00,0x4c,0xff,0xff,0xff,0xff,0xff,0xff,0xff,0xff,0xff,0xff,0xff,0xff,0xc4,0x00,0x00,0x00,0x00,0x00,0x00,0x00,0x00,0x00,0x00,0x00,0x00,0x00,0x00,
  0x00,0x00,0x00,0x39,0xef,0xff,0xff,0xff,0xff,0xff,0xff,0xff,0xff,0xfe,0x93,0x00,0x00,0x00,0x00,0x00,0x00,0x00,0x00,0x00,0x00,0x00,0x00,0x00,0x00,0x00,0x00,0x00,
  0x00,0x00,0x02,0x69,0xce,0xff,0xff,0xff,0xff,0xec,0xa6,0x30,0x00,0x00,0x00,0x00,0x00,0x00,0x00,0x00,0x00,0x00,0x00,0x00,0x00,0x00,0x00,0x00,0x00,0x00,0x00,0x00,
  0x00,0x00,0x00,0x01,0x22,0x22,0x10,0x00,0x00,0x00,0x00,0x00,0x00,0x00,0x00,0x00,0x00,0x00,0x00,0x00,0x00,0x00,0x00,0x00,0x00,0x00,0x00,0x00,0x00,0x00,0x00,0x00,
  0x00,0x00,0x00,0x00,0x00,0x00,0x00,0x00,0x00,0x00,0x00,0x00,0x00,0x00,0x00,0x00,0x00,0x00,0x00,0x00,0x00,0x00,0x00,0x00,0x00,0x00,0x00,0x00,0x00,0x00,0x00,0x00,
  0x00,0x00,0x01,0xaf,0xff,0xff,0xf4,0x00,0x00,0x00,0x00,0x00,0x00,0x00,0x00,0x00,0x00,0x00,0x00,0x00,0x00,0x00,0x00,0x00,0x00,0x00,0x00,0x00,0x00,0x00,0x00,0x00,
  0x8f,0xff,0xff,0xff,0xf4,0x00,0x00,0x00,0x00,0x00,0x00,0x00,0x00,0x00,0x00,0x00,0x00,0x00,0x00,0x00,0x00,0x00,0x00,0x00,0x00,0x00,0x00,0x00,0x00,0x7e,0xff,0xff,
  0xff,0xff,0xf4,0x00,0x00,0x00,0x00,0x00,0x00,0x00,0x00,0x00,0x00,0x00,0x00,0x00,0x00,0x00,0x00,0x00,0x00,0x00,0x00,0x00,0x00,0x01,0x8e,0xff,0xff,0xff,0xff,0xff,
  0xf4,0x00,0x00,0x00,0x00,0x00,0x00,0x00,0x00,0x00,0x00,0x00,0x00,0x00,0x00,0x00,0x00,0x00,0x00,0x00,0x00,0x00,0x03,0x9f,0xff,0xff,0xff,0xff,0xff,0xff,0xf4,0x00,
  0x00,0x00,0x00,0x00,0x00,0x00,0x00,0x00,0x00,0x00,0x00,0x00,0x00,0x00,0x00,0x00,0x00,0x00,0x00,0x06,0xcf,0xff,0xff,0xff,0xff,0xff,0xff,0xff,0xf4,0x00,0x00,0x00,
  0x00,0x00,0x00,0x00,0x00,0x00,0x00,0x00,0x00,0x00,0x00,0x00,0x00,0x00,0x00,0x00,0x5a,0xff,0xff,0xff,0xff,0xff,0xff,0xff,0xff,0xff,0xf4,0x00,0x00,0x00,0x00,0x00,
  0x00,0x00,0x00,0x00,0x00,0x00,0x00,0x00,0x00,0x00,0x00,0x00,0x26,0xbf,0xff,0xff,0xff,0xff,0xff,0xff,0xff,0xff,0xff,0xff,0xf4,0x00,0x00,0x00,0x00,0x00,0x00,0x00,
  0x00,0x00,0x00,0x00,0x00,0x00,0x00,0x01,0x47,0xad,0xff,0xff,0xff,0xff,0xff,0xff,0xff,0xff,0xff,0xff,0xff,0xff,0xf4,0x00,0x00,0x00,0x00,0x00,0x00,0x00,0x00,0x00,
  0x00,0x00,0x00,0x00,0x04,0xff,0xff,0xff,0xff,0xff,0xff,0xff,0xff,0xff,0xff,0xff,0xff,0xff,0xff,0xff,0xf4,0x00,0x00,0x00,0x00,0x00,0x00,0x00,0x00,0x00,0x00,0x00,
  0x00,0x00,0x04,0xff,0xff,0xff,0xff,0xff,0xff,0xff,0xff,0xff,0xff,0xff,0xff,0xff,0xff,0xff,0xf4,0x00,0x00,0x00,0x00,0x00,0x00,0x00,0x00,0x00,0x00,0x00,0x00,0x00,
  0x04,0xff,0xff,0xff,0xff,0xff,0xff,0xff,0xff,0xff,0xff,0xff,0xff,0xff,0xff,0xff,0xf4,0x00,0x00,0x00,0x00,0x00,0x00,0x00,0x00,0x00,0x00,0x00,0x00,0x00,0x04,0xff,
  0xff,0xff,0xff,0xff,0xff,0xff,0xff,0xff,0xff,0xff,0xff,0xff,0xff,0xff,0xf4,0x00,0x00,0x00,0x00,0x00,0x00,0x00,0x00,0x00,0x00,0x00,0x00,0x00,0x04,0xff,0xff,0xff,
  0xff,0xff,0xff,0xff,0xff,0xff,0xff,0xff,0xff,0xff,0xff,0xff,0xf4,0x00,0x00,0x00,0x00,0x00,0x00,0x00,0x00,0x00,0x00,0x00,0x00,0x00,0x04,0xff,0xff,0xff,0xff,0xff,
  0xff,0xff,0xff,0xff,0xff,0xff,0xff,0xff,0xff,0xff,0xf4,0x00,0x00,0x00,0x00,0x00,0x00,0x00,0x00,0x00,0x00,0x00,0x00,0x00,0x04,0xff,0xff,0xff,0xff,0xff,0xff,0xff,
  0xff,0xff,0xff,0xff,0xff,0xff,0xff,0xff,0xf4,0x00,0x00,0x00,0x00,0x00,0x00,0x00,0x00,0x00,0x00,0x00,0x00,0x00,0x04,0xff,0xff,0xff,0xff,0xff,0xff,0xff,0xff,0xff,
  0xff,0xff,0xff,0xff,0xff,0xff,0xf4,0x00,0x00,0x00,0x00,0x00,0x00,0x00,0x00,0x00,0x00,0x00,0x00,0x00,0x04,0xff,0xff,0xff,0xff,0xff,0xff,0xff,0xff,0xff,0xff,0xff,
  0xff,0xff,0xff,0xff,0xf4,0x00,0x00,0x00,0x00,0x00,0x00,0x00,0x00,0x00,0x00,0x00,0x00,0x00,0x01,0x66,0x66,0x66,0x66,0x66,0x66,0x66,0x6a,0xff,0xff,0xff,0xff,0xff,
  0xff,0xff,0xf4,0x00,0x00,0x00,0x00,0x00,0x00,0x00,0x00,0x00,0x00,0x00,0x00,0x00,0x00,0x00,0x00,0x00,0x00,0x00,0x00,0x00,0x07,0xff,0xff,0xff,0xff,0xff,0xff,0xff,
  0xf4,0x00,0x00,0x00,0x00,0x00,0x00,0x00,0x00,0x00,0x00,0x00,0x00,0x00,0x00,0x00,0x00,0x00,0x00,0x00,0x00,0x00,0x07,0xff,0xff,0xff,0xff,0xff,0xff,0xff,0xf4,0x00,
  0x00,0x00,0x00,0x00,0x00,0x00,0x00,0x00,0x00,0x00,0x00,0x00,0x00,0x00,0x00,0x00,0x00,0x00,0x00,0x00,0x07,0xff,0xff,0xff,0xff,0xff,0xff,0xff,0xf4,0x00,0x00,0x00,
  0x00,0x00,0x00,0x00,0x00,0x00,0x00,0x00,0x00,0x00,0x00,0x00,0x00,0x00,0x00,0x00,0x00,0x00,0x07,0xff,0xff,0xff,0xff,0xff,0xff,0xff,0xf4,0x00,0x00,0x00,0x00,0x00,
  0x00,0x00,0x00,0x00,0x00,0x00,0x00,0x00,0x00,0x00,0x00,0x00,0x00,0x00,0x00,0x00,0x07,0xff,0xff,0xff,0xff,0xff,0xff,0xff,0xf4,0x00,0x00,0x00,0x00,0x00,0x00,0x00,
  0x00,0x00,0x00,0x00,0x00,0x00,0x00,0x00,0x00,0x00,0x00,0x00,0x00,0x00,0x07,0xff,0xff,0xff,0xff,0xff,0xff,0xff,0xf4,0x00,0x00,0x00,0x00,0x00,0x00,0x00,0x00,0x00,
  0x00,0x00,0x00,0x00,0x00,0x00,0x00,0x00,0x00,0x00,0x00,0x00,0x07,0xff,0xff,0xff,0xff,0xff,0xff,0xff,0xf4,0x00,0x00,0x00,0x00,0x00,0x00,0x00,0x00,0x00,0x00,0x00,
  0x00,0x00,0x00,0x00,0x00,0x00,0x00,0x00,0x00,0x00,0x07,0xff,0xff,0xff,0xff,0xff,0xff,0xff,0xf4,0x00,0x00,0x00,0x00,0x00,0x00,0x00,0x00,0x00,0x00,0x00,0x00,0x00,
  0x00,0x00,0x00,0x00,0x00,0x00,0x00,0x00,0x07,0xff,0xff,0xff,0xff,0xff,0xff,0xff,0xf4,0x00,0x00,0x00,0x00,0x00,0x00,0x00,0x00,0x00,0x00,0x00,0x00,0x00,0x00,0x00,
  0x00,0x00,0x00,0x00,0x00,0x00,0x07,0xff,0xff,0xff,0xff,0xff,0xff,0xff,0xf4,0x00,0x00,0x00,0x00,0x00,0x00,0x00,0x00,0x00,0x00,0x00,0x00,0x00,0x00,0x00,0x00,0x00,
  0x00,0x00,0x00,0x00,0x07,0xff,0xff,0xff,0xff,0xff,0xff,0xff,0xf4,0x00,0x00,0x00,0x00,0x00,0x00,0x00,0x00,0x00,0x00,0x00,0x00,0x00,0x00,0x00,0x00,0x00,0x00,0x00,
  0x00,0x00,0x07,0xff,0xff,0xff,0xff,0xff,0xff,0xff,0xf4,0x00,0x00,0x00,0x00,0x00,0x00,0x00,0x00,0x00,0x00,0x00,0x00,0x00,0x00,0x00,0x00,0x00,0x00,0x00,0x00,0x00,
  0x07,0xff,0xff,0xff,0xff,0xff,0xff,0xff,0xf4,0x00,0x00,0x00,0x00,0x00,0x00,0x00,0x00,0x00,0x00,0x00,0x00,0x00,0x00,0x00,0x00,0x00,0x00,0x00,0x00,0x00,0x07,0xff,
  0xff,0xff,0xff,0xff,0xff,0xff,0xf4,0x00,0x00,0x00,0x00,0x00,0x00,0x00,0x00,0x00,0x00,0x00,0x00,0x00,0x00,0x00,0x00,0x00,0x00,0x00,0x00,0x00,0x07,0xff,0xff,0xff,
  0xff,0xff,0xff,0xff,0xf4,0x00,0x00,0x00,0x00,0x00,0x00,0x00,0x00,0x00,0x00,0x00,0x00,0x00,0x00,0x00,0x00,0x00,0x00,0x00,0x00,0x00,0x07,0xff,0xff,0xff,0xff,0xff,
  0xff,0xff,0xf4,0x00,0x00,0x00,0x00,0x00,0x00,0x00,0x00,0x00,0x00,0x00,0x00,0x00,0x00,0x00,0x00,0x00,0x00,0x00,0x00,0x00,0x07,0xff,0xff,0xff,0xff,0xff,0xff,0xff,
  0xf4,0x00,0x00,0x00,0x00,0x00,0x00,0x00,0x00,0x00,0x00,0x00,0x00,0x00,0x00,0x00,0x00,0x00,0x00,0x00,0x00,0x00,0x07,0xff,0xff,0xff,0xff,0xff,0xff,0xff,0xf4,0x00,
  0x00,0x00,0x00,0x00,0x00,0x00,0x00,0x00,0x00,0x00,0x00,0x00,0x00,0x00,0x00,0x00,0x00,0x00,0x00,0x00,0x07,0xff,0xff,0xff,0xff,0xff,0xff,0xff,0xf4,0x00,0x00,0x00,
  0x00,0x00,0x00,0x00,0x00,0x00,0x00,0x00,0x00,0x00,0x00,0x00,0x00,0x00,0x00,0x00,0x00,0x00,0x07,0xff,0xff,0xff,0xff,0xff,0xff,0xff,0xf4,0x00,0x00,0x00,0x00,0x00,
  0x00,0x00,0x00,0x00,0x00,0x00,0x00,0x00,0x00,0x00,0x00,0x00,0x00,0x00,0x00,0x00,0x07,0xff,0xff,0xff,0xff,0xff,0xff,0xff,0xf4,0x00,0x00,0x00,0x00,0x00,0x00,0x00,
  0x00,0x00,0x00,0x00,0x00,0x00,0x00,0x00,0x00,0x00,0x00,0x00,0x00,0x00,0x07,0xff,0xff,0xff,0xff,0xff,0xff,0xff,0xf4,0x00,0x00,0x00,0x00,0x00,0x00,0x00,0x00,0x00,
  0x00,0x00,0x00,0x00,0x00,0x00,0x00,0x00,0x00,0x00,0x00,0x00,0x07,0xff,0xff,0xff,0xff,0xff,0xff,0xff,0xf4,0x00,0x00,0x00,0x00,0x00,0x00,0x00,0x00,0x00,0x00,0x00,
  0x00,0x00,0x00,0x00,0x00,0x00,0x00,0x00,0x00,0x00,0x07,0xff,0xff,0xff,0xff,0xff,0xff,0xff,0xf4,0x00,0x00,0x00,0x00,0x00,0x00,0x00,0x00,0x00,0x00,0x00,0x00,0x00,
  0x00,0x00,0x00,0x00,0x00,0x00,0x00,0x00,0x07,0xff,0xff,0xff,0xff,0xff,0xff,0xff,0xf4,0x00,0x00,0x00,0x00,0x00,0x00,0x00,0x00,0x00,0x00,0x00,0x00,0x00,0x00,0x00,
  0x00,0x00,0x00,0x00,0x00,0x00,0x07,0xff,0xff,0xff,0xff,0xff,0xff,0xff,0xf4,0x00,0x00,0x00,0x00,0x00,0x00,0x00,0x00,0x00,0x00,0x00,0x00,0x00,0x00,0x00,0x00,0x00,
  0x00,0x00,0x00,0x00,0x07,0xff,0xff,0xff,0xff,0xff,0xff,0xff,0xf4,0x00,0x00,0x00,0x00,0x00,0x00,0x00,0x00,0x00,0x00,0x00,0x00,0x00,0x00,0x00,0x00,0x00,0x00,0x00,
  0x00,0x00,0x07,0xff,0xff,0xff,0xff,0xff,0xff,0xff,0xf4,0x00,0x00,0x00,0x00,0x00,0x00,0x00,0x00,0x00,0x00,0x00,0x00,0x00,0x00,0x00,0x00,0x00,0x00,0x00,0x00,0x00,
  0x07,0xff,0xff,0xff,0xff,0xff,0xff,0xff,0xf4,0x00,0x00,0x00,0x00,0x00,0x00,0x00,0x00,0x00,0x00,0x00,0x00,0x00,0x00,0x00,0x00,0x00,0x00,0x00,0x00,0x00,0x07,0xff,
  0xff,0xff,0xff,0xff,0xff,0xff,0xf4,0x00,0x00,0x00,0x00,0x00,0x00,0x00,0x00,0x00,0x00,0x00,0x00,0x00,0x00,0x00,0x00,0x00,0x00,0x00,0x00,0x00,0x07,0xff,0xff,0xff,
  0xff,0xff,0xff,0xff,0xf4,0x00,0x00,0x00,0x00,0x00,0x00,0x00,0x00,0x00,0x00,0x00,0x00,0x00,0x00,0x00,0x00,0x00,0x00,0x00,0x00,0x00,0x07,0xff,0xff,0xff,0xff,0xff,
  0xff,0xff,0xf4,0x00,0x00,0x00,0x00,0x00,0x00,0x00,0x00,0x00,0x00,0x00,0x00,0x00,0x00,0x00,0x00,0x00,0x00,0x00,0x00,0x00,0x07,0xff,0xff,0xff,0xff,0xff,0xff,0xff,
  0xf4,0x00,0x00,0x00,0x00,0x00,0x00,0x00,0x00,0x00,0x00,0x00,0x00,0x00,0x00,0x00,0x00,0x00,0x00,0x00,0x00,0x00,0x07,0xff,0xff,0xff,0xff,0xff,0xff,0xff,0xf4,0x00,
  0x00,0x00,0x00,0x00,0x00,0x00,0x00,0x00,0x00,0x00,0x00,0x00,0x01,0x66,0x66,0x66,0x66,0x66,0x66,0x66,0x6a,0xff,0xff,0xff,0xff,0xff,0xff,0xff,0xf9,0x66,0x66,0x66,
  0x66,0x66,0x66,0x66,0x10,0x00,0x00,0x00,0x00,0x00,0x03,0xff,0xff,0xff,0xff,0xff,0xff,0xff,0xff,0xff,0xff,0xff,0xff,0xff,0xff,0xff,0xff,0xff,0xff,0xff,0xff,0xff,
  0xff,0xff,0x20,0x00,0x00,0x00,0x00,0x00,0x03,0xff,0xff,0xff,0xff,0xff,0xff,0xff,0xff,0xff,0xff,0xff,0xff,0xff,0xff,0xff,0xff,0xff,0xff,0xff,0xff,0xff,0xff,0xff,
  0x20,0x00,0x00,0x00,0x00,0x00,0x03,0xff,0xff,0xff,0xff,0xff,0xff,0xff,0xff,0xff,0xff,0xff,0xff,0xff,0xff,0xff,0xff,0xff,0xff,0xff,0xff,0xff,0xff,0xff,0x20,0x00,
  0x00,0x00,0x00,0x00,0x03,0xff,0xff,0xff,0xff,0xff,0xff,0xff,0xff,0xff,0xff,0xff,0xff,0xff,0xff,0xff,0xff,0xff,0xff,0xff,0xff,0xff,0xff,0xff,0x20,0x00,0x00,0x00,
  0x00,0x00,0x03,0xff,0xff,0xff,0xff,0xff,0xff,0xff,0xff,0xff,0xff,0xff,0xff,0xff,0xff,0xff,0xff,0xff,0xff,0xff,0xff,0xff,0xff,0xff,0x20,0x00,0x00,0x00,0x00,0x00,
  0x03,0xff,0xff,0xff,0xff,0xff,0xff,0xff,0xff,0xff,0xff,0xff,0xff,0xff,0xff,0xff,0xff,0xff,0xff,0xff,0xff,0xff,0xff,0xff,0x20,0x00,0x00,0x00,0x00,0x00,0x03,0xff,
  0xff,0xff,0xff,0xff,0xff,0xff,0xff,0xff,0xff,0xff,0xff,0xff,0xff,0xff,0xff,0xff,0xff,0xff,0xff,0xff,0xff,0xff,0x20,0x00,0x00,0x00,0x00,0x00,0x03,0xff,0xff,0xff,
  0xff,0xff,0xff,0xff,0xff,0xff,0xff,0xff,0xff,0xff,0xff,0xff,0xff,0xff,0xff,0xff,0xff,0xff,0xff,0xff,0x20,0x00,0x00,0x00,0x00,0x00,0x03,0xff,0xff,0xff,0xff,0xff,
  0xff,0xff,0xff,0xff,0xff,0xff,0xff,0xff,0xff,0xff,0xff,0xff,0xff,0xff,0xff,0xff,0xff,0xff,0x20,0x00,0x00,0x00,0x00,0x00,0x03,0xff,0xff,0xff,0xff,0xff,0xff,0xff,
  0xff,0xff,0xff,0xff,0xff,0xff,0xff,0xff,0xff,0xff,0xff,0xff,0xff,0xff,0xff,0xff,0x20,0x00,0x00,0x00,0x00,0x00,0x03,0xff,0xff,0xff,0xff,0xff,0xff,0xff,0xff,0xff,
  0xff,0xff,0xff,0xff,0xff,0xff,0xff,0xff,0xff,0xff,0xff,0xff,0xff,0xff,0x20,0x00,0x00,0x00,0x00,0x00,0x03,0xff,0xff,0xff,0xff,0xff,0xff,0xff,0xff,0xff,0xff,0xff,
  0xff,0xff,0xff,0xff,0xff,0xff,0xff,0xff,0xff,0xff,0xff,0xff,0x20,0x00,0x00,0x00,0x00,0x00,0x00,0x00,0x00,0x00,0x00,0x00,0x00,0x00,0x00,0x00,0x01,0x11,0x10,0x00,
  0x00,0x00,0x00,0x00,0x00,0x00,0x00,0x00,0x00,0x00,0x00,0x00,0x00,0x00,0x00,0x00,0x00,0x00,0x00,0x00,0x00,0x00,0x00,0x37,0x9c,0xdf,0xff,0xff,0xff,0xfe,0xc9,0x63,
  0x00,0x00,0x00,0x00,0x00,0x00,0x00,0x00,0x00,0x00,0x00,0x00,0x00,0x00,0x00,0x00,0x00,0x00,0x00,0x16,0xbf,0xff,0xff,0xff,0xff,0xff,0xff,0xff,0xff,0xff,0xe9,0x30,
  0x00,0x00,0x00,0x00,0x00,0x00,0x00,0x00,0x00,0x00,0x00,0x00,0x00,0x00,0x00,0x00,0x3a,0xff,0xff,0xff,0xff,0xff,0xff,0xff,0xff,0xff,0xff,0xff,0xff,0xfd,0x50,0x00,
  0x00,0x00,0x00,0x00,0x00,0x00,0x00,0x00,0x00,0x00,0x00,0x00,0x00,0x2b,0xff,0xff,0xff,0xff,0xff,0xff,0xff,0xff,0xff,0xff,0xff,0xff,0xff,0xff,0xfd,0x30,0x00,0x00,
  0x00,0x00,0x00,0x00,0x00,0x00,0x00,0x00,0x00,0x00,0x08,0xff,0xff,0xff,0xff,0xff,0xff,0xff,0xff,0xff,0xff,0xff,0xff,0xff,0xff,0xff,0xff,0xf8,0x00,0x00,0x00,0x00,
  0x00,0x00,0x00,0x00,0x00,0x00,0x00,0x01,0xcf,0xff,0xff,0xff,0xff,0xff,0xff,0xff,0xff,0xff,0xff,0xff,0xff,0xff,0xff,0xff,0xff,0xff,0xb0,0x00,0x00,0x00,0x00,0x00,
  0x00,0x00,0x00,0x00,0x00,0x2e,0xff,0xff,0xff,0xff,0xff,0xff,0xff,0xff,0xff,0xff,0xff,0xff,0xff,0xff,0xff,0xff,0xff,0xff,0xfc,0x00,0x00,0x00,0x00,0x00,0x00,0x00,
  0x00,0x00,0x01,0xef,0xff,0xff,0xff,0xff,0xff,0xff,0xff,0xff,0xff,0xff,0xff,0xff,0xff,0xff,0xff,0xff,0xff,0xff,0xff,0xa0,0x00,0x00,0x00,0x00,0x00,0x00,0x00,0x00,
  0x0c,0xff,0xff,0xff,0xff,0xff,0xff,0xff,0xff,0xff,0xff,0xff,0xff,0xff,0xff,0xff,0xff,0xff,0xff,0xff,0xff,0xf7,0x00,0x00,0x00,0x00,0x00,0x00,0x00,0x00,0x8f,0xff,
  0xff,0xff,0xff,0xff,0xff,0xff,0xff,0xff,0xff,0xff,0xff,0xff,0xff,0xff,0xff,0xff,0xff,0xff,0xff,0xff,0x20,0x00,0x00,0x00,0x00,0x00,0x00,0x02,0xff,0xff,0xff,0xff,
  0xff,0xff,0xff,0xff,0xff,0xff,0xff,0xff,0xff,0xff,0xff,0xff,0xff,0xff,0xff,0xff,0xff,0xff,0xb0,0x00,0x00,0x00,0x00,0x00,0x00,0x0b,0xff,0xff,0xff,0xff,0xff,0xff,
  0xff,0xff,0xff,0xfe,0xcb,0xbc,0xef,0xff,0xff,0xff,0xff,0xff,0xff,0xff,0xff,0xff,0xf3,0x00,0x00,0x00,0x00,0x00,0x00,0x2f,0xff,0xff,0xff,0xff,0xff,0xff,0xff,0xff,
  0xe7,0x20,0x00,0x00,0x02,0x7e,0xff,0xff,0xff,0xff,0xff,0xff,0xff,0xff,0xf9,0x00,0x00,0x00,0x00,0x00,0x00,0x8f,0xff,0xff,0xff,0xff,0xff,0xff,0xff,0xf9,0x00,0x00,
  0x00,0x00,0x00,0x01,0xbf,0xff,0xff,0xff,0xff,0xff,0xff,0xff,0xff,0x00,0x00,0x00,0x00,0x00,0x00,0xdf,0xff,0xff,0xff,0xff,0xff,0xff,0xff,0x70,0x00,0x00,0x00,0x00,
  0x00,0x00,0x0b,0xff,0xff,0xff,0xff,0xff,0xff,0xff,0xff,0x40,0x00,0x00,0x00,0x00,0x01,0xff,0xff,0xff,0xff,0xff,0xff,0xff,0xfa,0x00,0x00,0x00,0x00,0x00,0x00,0x00,
  0x01,0xef,0xff,0xff,0xff,0xff,0xff,0xff,0xff,0x70,0x00,0x00,0x00,0x00,0x05,0xff,0xff,0xff,0xff,0xff,0xff,0xff,0xf1,0x00,0x00,0x00,0x00,0x00,0x00,0x00,0x00,0x8f,
  0xff,0xff,0xff,0xff,0xff,0xff,0xff,0xa0,0x00,0x00,0x00,0x00,0x07,0xff,0xff,0xff,0xff,0xff,0xff,0xff,0xa0,0x00,0x00,0x00,0x00,0x00,0x00,0x00,0x00,0x3f,0xff,0xff,
  0xff,0xff,0xff,0xff,0xff,0xc0,0x00,0x00,0x00,0x00,0x09,0xff,0xff,0xff,0xff,0xff,0xff,0xff,0x50,0x00,0x00,0x00,0x00,0x00,0x00,0x00,0x00,0x0f,0xff,0xff,0xff,0xff,
  0xff,0xff,0xff,0xe0,0x00,0x00,0x00,0x00,0x0a,0xff,0xff,0xff,0xff,0xff,0xff,0xff,0x20,0x00,0x00,0x00,0x00,0x00,0x00,0x00,0x00,0x0e,0xff,0xff,0xff,0xff,0xff,0xff,
  0xff,0xe0,0x00,0x00,0x00,0x00,0x0b,0xff,0xff,0xff,0xff,0xff,0xff,0xff,0x10,0x00,0x00,0x00,0x00,0x00,0x00,0x00,0x00,0x0f,0xff,0xff,0xff,0xff,0xff,0xff,0xff,0xe0,
  0x00,0x00,0x00,0x00,0x0b,0xff,0xff,0xff,0xff,0xff,0xff,0xff,0x10,0x00,0x00,0x00,0x00,0x00,0x00,0x00,0x00,0x1f,0xff,0xff,0xff,0xff,0xff,0xff,0xff,0xd0,0x00,0x00,
  0x00,0x00,0x0b,0xff,0xff,0xff,0xff,0xff,0xff,0xff,0x10,0x00,0x00,0x00,0x00,0x00,0x00,0x00,0x00,0x5f,0xff,0xff,0xff,0xff,0xff,0xff,0xff,0xb0,0x00,0x00,0x00,0x00,
  0x09,0xff,0xff,0xff,0xff,0xff,0xff,0xff,0x10,0x00,0x00,0x00,0x00,0x00,0x00,0x00,0x00,0xaf,0xff,0xff,0xff,0xff,0xff,0xff,0xff,0x80,0x00,0x00,0x00,0x00,0x00,0x11,
  0x11,0x11,0x11,0x11,0x11,0x11,0x00,0x00,0x00,0x00,0x00,0x00,0x00,0x00,0x02,0xff,0xff,0xff,0xff,0xff,0xff,0xff,0xff,0x50,0x00,0x00,0x00,0x00,0x00,0x00,0x00,0x00,
  0x00,0x00,0x00,0x00,0x00,0x00,0x00,0x00,0x00,0x00,0x00,0x00,0x0b,0xff,0xff,0xff,0xff,0xff,0xff,0xff,0xff,0x10,0x00,0x00,0x00,0x00,0x00,0x00,0x00,0x00,0x00,0x00,
  0x00,0x00,0x00,0x00,0x00,0x00,0x00,0x00,0x00,0x00,0x6f,0xff,0xff,0xff,0xff,0xff,0xff,0xff,0xfb,0x00,0x00,0x00,0x00,0x00,0x00,0x00,0x00,0x00,0x00,0x00,0x00,0x00,
  0x00,0x00,0x00,0x00,0x00,0x00,0x00,0x03,0xff,0xff,0xff,0xff,0xff,0xff,0xff,0xff,0xf5,0x00,0x00,0x00,0x00,0x00,0x00,0x00,0x00,0x00,0x00,0x00,0x00,0x00,0x00,0x00,
  0x00,0x00,0x00,0x00,0x00,0x2e,0xff,0xff,0xff,0xff,0xff,0xff,0xff,0xff,0xd0,0x00,0x00,0x00,0x00,0x00,0x00,0x00,0x00,0x00,0x00,0x00,0x00,0x00,0x00,0x00,0x00,0x00,
  0x00,0x00,0x02,0xef,0xff,0xff,0xff,0xff,0xff,0xff,0xff,0xff,0x50,0x00,0x00,0x00,0x00,0x00,0x00,0x00,0x00,0x00,0x00,0x00,0x00,0x00,0x00,0x00,0x00,0x00,0x00,0x00,
  0x3e,0xff,0xff,0xff,0xff,0xff,0xff,0xff,0xff,0xfb,0x00,0x00,0x00,0x00,0x00,0x00,0x00,0x00,0x00,0x00,0x00,0x00,0x00,0x00,0x00,0x00,0x00,0x00,0x00,0x06,0xff,0xff,
  0xff,0xff,0xff,0xff,0xff,0xff,0xff,0xf2,0x00,0x00,0x00,0x00,0x00,0x00,0x00,0x00,0x00,0x00,0x00,0x00,0x00,0x00,0x00,0x00,0x00,0x00,0x00,0x9f,0xff,0xff,0xff,0xff,
  0xff,0xff,0xff,0xff,0xff,0x60,0x00,0x00,0x00,0x00,0x00,0x00,0x00,0x00,0x00,0x00,0x00,0x00,0x00,0x00,0x00,0x00,0x00,0x00,0x2d,0xff,0xff,0xff,0xff,0xff,0xff,0xff,
  0xff,0xff,0xf9,0x00,0x00,0x00,0x00,0x00,0x00,0x00,0x00,0x00,0x00,0x00,0x00,0x00,0x00,0x00,0x00,0x00,0x00,0x05,0xff,0xff,0xff,0xff,0xff,0xff,0xff,0xff,0xff,0xff,
  0xb0,0x00,0x00,0x00,0x00,0x00,0x00,0x00,0x00,0x00,0x00,0x00,0x00,0x00,0x00,0x00,0x00,0x00,0x00,0x9f,0xff,0xff,0xff,0xff,0xff,0xff,0xff,0xff,0xff,0xfc,0x00,0x00,
  0x00,0x00,0x00,0x00,0x00,0x00,0x00,0x00,0x00,0x00,0x00,0x00,0x00,0x00,0x00,0x00,0x2c,0xff,0xff,0xff,0xff,0xff,0xff,0xff,0xff,0xff,0xff,0xc0,0x00,0x00,0x00,0x00,
  0x00,0x00,0x00,0x00,0x00,0x00,0x00,0x00,0x00,0x00,0x00,0x00,0x00,0x05,0xff,0xff,0xff,0xff,0xff,0xff,0xff,0xff,0xff,0xff,0xfb,0x00,0x00,0x00,0x00,0x00,0x00,0x00,
  0x00,0x00,0x00,0x00,0x00,0x00,0x00,0x00,0x00,0x00,0x00,0x9f,0xff,0xff,0xff,0xff,0xff,0xff,0xff,0xff,0xff,0xff,0xa0,0x00,0x00,0x00,0x00,0x00,0x00,0x00,0x00,0x00,
  0x00,0x00,0x00,0x00,0x00,0x00,0x00,0x00,0x1c,0xff,0xff,0xff,0xff,0xff,0xff,0xff,0xff,0xff,0xff,0xf7,0x00,0x00,0x00,0x00,0x00,0x00,0x00,0x00,0x00,0x00,0x00,0x00,
  0x00,0x00,0x00,0x00,0x00,0x04,0xef,0xff,0xff,0xff,0xff,0xff,0xff,0xff,0xff,0xff,0xfe,0x40,0x00,0x00,0x00,0x00,0x00,0x00,0x00,0x00,0x00,0x00,0x00,0x00,0x00,0x00,
  0x00,0x00,0x00,0x6f,0xff,0xff,0xff,0xff,0xff,0xff,0xff,0xff,0xff,0xff,0xc2,0x00,0x00,0x00,0x00,0x00,0x00,0x00,0x00,0x00,0x00,0x00,0x00,0x00,0x00,0x00,0x00,0x00,
  0x09,0xff,0xff,0xff,0xff,0xff,0xff,0xff,0xff,0xff,0xff,0xf8,0x00,0x00,0x00,0x00,0x00,0x00,0x00,0x00,0x00,0x00,0x00,0x00,0x00,0x00,0x00,0x00,0x00,0x01,0xcf,0xff,
  0xff,0xff,0xff,0xff,0xff,0xff,0xff,0xff,0xfe,0x40,0x00,0x00,0x00,0x00,0x00,0x00,0x00,0x00,0x00,0x00,0x00,0x00,0x00,0x00,0x00,0x00,0x00,0x1d,0xff,0xff,0xff,0xff,
  0xff,0xff,0xff,0xff,0xff,0xff,0xa1,0x00,0x00,0x00,0x00,0x00,0x00,0x00,0x00,0x00,0x00,0x00,0x00,0x00,0x00,0x00,0x00,0x00,0x02,0xef,0xff,0xff,0xff,0xff,0xff,0xff,
  0xff,0xff,0xff,0xf6,0x00,0x00,0x00,0x00,0x00,0x00,0x00,0x00,0x00,0x00,0x00,0x00,0x00,0x00,0x00,0x00,0x00,0x00,0x2e,0xff,0xff,0xff,0xff,0xff,0xff,0xff,0xff,0xff,
  0xfb,0x20,0x00,0x00,0x00,0x00,0x00,0x00,0x00,0x00,0x00,0x00,0x00,0x00,0x00,0x00,0x00,0x00,0x00,0x02,0xef,0xff,0xff,0xff,0xff,0xff,0xff,0xff,0xff,0xff,0x70,0x00,
  0x00,0x00,0x00,0x00,0x00,0x00,0x00,0x00,0x00,0x00,0x00,0x00,0x00,0x00,0x00,0x00,0x00,0x1e,0xff,0xff,0xff,0xff,0xff,0xff,0xff,0xff,0xff,0xd3,0x00,0x00,0x00,0x00,
  0x00,0x00,0x00,0x00,0x00,0x00,0x00,0x00,0x00,0x00,0x00,0x00,0x00,0x00,0x00,0xdf,0xff,0xff,0xff,0xff,0xff,0xff,0xff,0xff,0xf9,0x00,0x00,0x00,0x00,0x00,0x00,0x00,
  0x00,0x00,0x00,0x00,0x00,0x00,0x00,0x00,0x00,0x00,0x00,0x00,0x0a,0xff,0xff,0xff,0xff,0xff,0xff,0xff,0xff,0xff,0x60,0x00,0x00,0x00,0x00,0x00,0x00,0x00,0x00,0x00,
  0x00,0x00,0x00,0x00,0x00,0x00,0x00,0x00,0x00,0x00,0x6f,0xff,0xff,0xff,0xff,0xff,0xff,0xff,0xff,0xe3,0x00,0x00,0x00,0x00,0x00,0x00,0x00,0x00,0x00,0x00,0x00,0x00,
  0x00,0x00,0x00,0x00,0x00,0x00,0x00,0x01,0xff,0xff,0xff,0xff,0xff,0xff,0xff,0xff,0xff,0x20,0x00,0x00,0x00,0x00,0x00,0x00,0x00,0x00,0x00,0x00,0x00,0x00,0x00,0x00,
  0x00,0x00,0x00,0x00,0x00,0x0a,0xff,0xff,0xff,0xff,0xff,0xff,0xff,0xff,0xfd,0xaa,0xaa,0xaa,0xaa,0xaa,0xaa,0xaa,0xaa,0xaa,0xaa,0xaa,0xaa,0xaa,0xaa,0xa4,0x00,0x00,
  0x00,0x00,0x00,0x3f,0xff,0xff,0xff,0xff,0xff,0xff,0xff,0xff,0xff,0xff,0xff,0xff,0xff,0xff,0xff,0xff,0xff,0xff,0xff,0xff,0xff,0xff,0xff,0xf7,0x00,0x00,0x00,0x00,
  0x00,0xaf,0xff,0xff,0xff,0xff,0xff,0xff,0xff,0xff,0xff,0xff,0xff,0xff,0xff,0xff,0xff,0xff,0xff,0xff,0xff,0xff,0xff,0xff,0xff,0xf7,0x00,0x00,0x00,0x00,0x01,0xff,
  0xff,0xff,0xff,0xff,0xff,0xff,0xff,0xff,0xff,0xff,0xff,0xff,0xff,0xff,0xff,0xff,0xff,0xff,0xff,0xff,0xff,0xff,0xff,0xf7,0x00,0x00,0x00,0x00,0x06,0xff,0xff,0xff,
  0xff,0xff,0xff,0xff,0xff,0xff,0xff,0xff,0xff,0xff,0xff,0xff,0xff,0xff,0xff,0xff,0xff,0xff,0xff,0xff,0xff,0xf7,0x00,0x00,0x00,0x00,0x0a,0xff,0xff,0xff,0xff,0xff,
  0xff,0xff,0xff,0xff,0xff,0xff,0xff,0xff,0xff,0xff,0xff,0xff,0xff,0xff,0xff,0xff,0xff,0xff,0xff,0xf7,0x00,0x00,0x00,0x00,0x0e,0xff,0xff,0xff,0xff,0xff,0xff,0xff,
  0xff,0xff,0xff,0xff,0xff,0xff,0xff,0xff,0xff,0xff,0xff,0xff,0xff,0xff,0xff,0xff,0xff,0xf7,0x00,0x00,0x00,0x00,0x0f,0xff,0xff,0xff,0xff,0xff,0xff,0xff,0xff,0xff,
  0xff,0xff,0xff,0xff,0xff,0xff,0xff,0xff,0xff,0xff,0xff,0xff,0xff,0xff,0xff,0xf7,0x00,0x00,0x00,0x00,0x2f,0xff,0xff,0xff,0xff,0xff,0xff,0xff,0xff,0xff,0xff,0xff,
  0xff,0xff,0xff,0xff,0xff,0xff,0xff,0xff,0xff,0xff,0xff,0xff,0xff,0xf7,0x00,0x00,0x00,0x00,0x3f,0xff,0xff,0xff,0xff,0xff,0xff,0xff,0xff,0xff,0xff,0xff,0xff,0xff,
  0xff,0xff,0xff,0xff,0xff,0xff,0xff,0xff,0xff,0xff,0xff,0xf7,0x00,0x00,0x00,0x00,0x3f,0xff,0xff,0xff,0xff,0xff,0xff,0xff,0xff,0xff,0xff,0xff,0xff,0xff,0xff,0xff,
  0xff,0xff,0xff,0xff,0xff,0xff,0xff,0xff,0xff,0xf7,0x00,0x00,0x00,0x00,0x3f,0xff,0xff,0xff,0xff,0xff,0xff,0xff,0xff,0xff,0xff,0xff,0xff,0xff,0xff,0xff,0xff,0xff,
  0xff,0xff,0xff,0xff,0xff,0xff,0xff,0xf7,0x00,0x00,0x00,0x00,0x3f,0xff,0xff,0xff,0xff,0xff,0xff,0xff,0xff,0xff,0xff,0xff,0xff,0xff,0xff,0xff,0xff,0xff,0xff,0xff,
  0xff,0xff,0xff,0xff,0xff,0xf7,0x00,0x00,0x00,0x00,0x3f,0xff,0xff,0xff,0xff,0xff,0xff,0xff,0xff,0xff,0xff,0xff,0xff,0xff,0xff,0xff,0xff,0xff,0xff,0xff,0xff,0xff,
  0xff,0xff,0xff,0xf7,0x00,0x00,0x00,0x00,0x00,0x00,0x00,0x00,0x00,0x00,0x00,0x00,0x00,0x00,0x00,0x00,0x11,0x11,0x00,0x00,0x00,0x00,0x00,0x00,0x00,0x00,0x00,0x00,
  0x00,0x00,0x00,0x00,0x00,0x00,0x00,0x00,0x00,0x00,0x00,0x00,0x00,0x00,0x02,0x58,0xbd,0xff,0xff,0xff,0xff,0xec,0xa7,0x40,0x00,0x00,0x00,0x00,0x00,0x00,0x00,0x00,
  0x00,0x00,0x00,0x00,0x00,0x00,0x00,0x00,0x00,0x00,0x00,0x39,0xef,0xff,0xff,0xff,0xff,0xff,0xff,0xff,0xff,0xff,0xb6,0x10,0x00,0x00,0x00,0x00,0x00,0x00,0x00,0x00,
  0x00,0x00,0x00,0x00,0x00,0x00,0x00,0x00,0x6d,0xff,0xff,0xff,0xff,0xff,0xff,0xff,0xff,0xff,0xff,0xff,0xff,0xfa,0x20,0x00,0x00,0x00,0x00,0x00,0x00,0x00,0x00,0x00,
  0x00,0x00,0x00,0x00,0x00,0x5e,0xff,0xff,0xff,0xff,0xff,0xff,0xff,0xff,0xff,0xff,0xff,0xff,0xff,0xff,0xfa,0x10,0x00,0x00,0x00,0x00,0x00,0x00,0x00,0x00,0x00,0x00,
  0x00,0x00,0x1b,0xff,0xff,0xff,0xff,0xff,0xff,0xff,0xff,0xff,0xff,0xff,0xff,0xff,0xff,0xff,0xff,0xe5,0x00,0x00,0x00,0x00,0x00,0x00,0x00,0x00,0x00,0x00,0x00,0x03,
  0xef,0xff,0xff,0xff,0xff,0xff,0xff,0xff,0xff,0xff,0xff,0xff,0xff,0xff,0xff,0xff,0xff,0xff,0x80,0x00,0x00,0x00,0x00,0x00,0x00,0x00,0x00,0x00,0x00,0x4f,0xff,0xff,
  0xff,0xff,0xff,0xff,0xff,0xff,0xff,0xff,0xff,0xff,0xff,0xff,0xff,0xff,0xff,0xff,0xf9,0x00,0x00,0x00,0x00,0x00,0x00,0x00,0x00,0x00,0x03,0xff,0xff,0xff,0xff,0xff,
  0xff,0xff,0xff,0xff,0xff,0xff,0xff,0xff,0xff,0xff,0xff,0xff,0xff,0xff,0xff,0x70,0x00,0x00,0x00,0x00,0x00,0x00,0x00,0x00,0x1e,0xff,0xff,0xff,0xff,0xff,0xff,0xff,
  0xff,0xff,0xff,0xff,0xff,0xff,0xff,0xff,0xff,0xff,0xff,0xff,0xff,0xf4,0x00,0x00,0x00,0x00,0x00,0x00,0x00,0x00,0xaf,0xff,0xff,0xff,0xff,0xff,0xff,0xff,0xff,0xff,
  0xff,0xff,0xff,0xff,0xff,0xff,0xff,0xff,0xff,0xff,0xff,0xfe,0x00,0x00,0x00,0x00,0x00,0x00,0x00,0x03,0xff,0xff,0xff,0xff,0xff,0xff,0xff,0xff,0xff,0xff,0xff,0xff,
  0xff,0xff,0xff,0xff,0xff,0xff,0xff,0xff,0xff,0xff,0x70,0x00,0x00,0x00,0x00,0x00,0x00,0x0b,0xff,0xff,0xff,0xff,0xff,0xff,0xff,0xff,0xff,0xc9,0x77,0x79,0xdf,0xff,
  0xff,0xff,0xff,0xff,0xff,0xff,0xff,0xff,0xe0,0x00,0x00,0x00,0x00,0x00,0x00,0x2f,0xff,0xff,0xff,0xff,0xff,0xff,0xff,0xfe,0x71,0x00,0x00,0x00,0x02,0x9f,0xff,0xff,
  0xff,0xff,0xff,0xff,0xff,0xff,0xf4,0x00,0x00,0x00,0x00,0x00,0x00,0x7f,0xff,0xff,0xff,0xff,0xff,0xff,0xff,0xb1,0x00,0x00,0x00,0x00,0x00,0x04,0xef,0xff,0xff,0xff,
  0xff,0xff,0xff,0xff,0xf9,0x00,0x00,0x00,0x00,0x00,0x00,0xbf,0xff,0xff,0xff,0xff,0xff,0xff,0xfb,0x00,0x00,0x00,0x00,0x00,0x00,0x00,0x3f,0xff,0xff,0xff,0xff,0xff,
  0xff,0xff,0xfd,0x00,0x00,0x00,0x00,0x00,0x00,0xdf,0xff,0xff,0xff,0xff,0xff,0xff,0xe1,0x00,0x00,0x00,0x00,0x00,0x00,0x00,0x09,0xff,0xff,0xff,0xff,0xff,0xff,0xff,
  0xff,0x00,0x00,0x00,0x00,0x00,0x00,0xff,0xff,0xff,0xff,0xff,0xff,0xff,0x80,0x00,0x00,0x00,0x00,0x00,0x00,0x00,0x01,0xff,0xff,0xff,0xff,0xff,0xff,0xff,0xff,0x10,
  0x00,0x00,0x00,0x00,0x00,0xff,0xff,0xff,0xff,0xff,0xff,0xff,0x30,0x00,0x00,0x00,0x00,0x00,0x00,0x00,0x00,0xdf,0xff,0xff,0xff,0xff,0xff,0xff,0xff,0x20,0x00,0x00,
  0x00,0x00,0x00,0xff,0xff,0xff,0xff,0xff,0xff,0xff,0x10,0x00,0x00,0x00,0x00,0x00,0x00,0x00,0x00,0xaf,0xff,0xff,0xff,0xff,0xff,0xff,0xff,0x20,0x00,0x00,0x00,0x00,
  0x00,0xff,0xff,0xff,0xff,0xff,0xff,0xff,0x10,0x00,0x00,0x00,0x00,0x00,0x00,0x00,0x00,0x9f,0xff,0xff,0xff,0xff,0xff,0xff,0xff,0x10,0x00,0x00,0x00,0x00,0x00,0x55,
  0x55,0x55,0x55,0x55,0x55,0x55,0x00,0x00,0x00,0x00,0x00,0x00,0x00,0x00,0x00,0x9f,0xff,0xff,0xff,0xff,0xff,0xff,0xff,0x00,0x00,0x00,0x00,0x00,0x00,0x00,0x00,0x00,
  0x00,0x00,0x00,0x00,0x00,0x00,0x00,0x00,0x00,0x00,0x00,0x00,0x00,0xbf,0xff,0xff,0xff,0xff,0xff,0xff,0xfc,0x00,0x00,0x00,0x00,0x00,0x00,0x00,0x00,0x00,0x00,0x00,
  0x00,0x00,0x00,0x00,0x00,0x00,0x00,0x00,0x00,0x00,0x00,0xef,0xff,0xff,0xff,0xff,0xff,0xff,0xf8,0x00,0x00,0x00,0x00,0x00,0x00,0x00,0x00,0x00,0x00,0x00,0x00,0x00,
  0x00,0x00,0x00,0x00,0x00,0x00,0x00,0x00,0x04,0xff,0xff,0xff,0xff,0xff,0xff,0xff,0xf2,0x00,0x00,0x00,0x00,0x00,0x00,0x00,0x00,0x00,0x00,0x00,0x00,0x00,0x00,0x00,
  0x00,0x00,0x00,0x00,0x00,0x00,0x0c,0xff,0xff,0xff,0xff,0xff,0xff,0xff,0xb0,0x00,0x00,0x00,0x00,0x00,0x00,0x00,0x00,0x00,0x00,0x00,0x00,0x00,0x00,0x00,0x00,0x00,
  0x00,0x00,0x00,0x00,0x9f,0xff,0xff,0xff,0xff,0xff,0xff,0xff,0x30,0x00,0x00,0x00,0x00,0x00,0x00,0x00,0x00,0x00,0x00,0x00,0x00,0x00,0x00,0x00,0x00,0x00,0x00,0x00,
  0x00,0x1a,0xff,0xff,0xff,0xff,0xff,0xff,0xff,0xfa,0x00,0x00,0x00,0x00,0x00,0x00,0x00,0x00,0x00,0x00,0x00,0x00,0x00,0x00,0x00,0x00,0x00,0x00,0x00,0x01,0x48,0xef,
  0xff,0xff,0xff,0xff,0xff,0xff,0xff,0xd1,0x00,0x00,0x00,0x00,0x00,0x00,0x00,0x00,0x00,0x00,0x00,0x00,0x00,0x00,0x00,0x00,0x8f,0xff,0xff,0xff,0xff,0xff,0xff,0xff,
  0xff,0xff,0xff,0xff,0xfe,0x20,0x00,0x00,0x00,0x00,0x00,0x00,0x00,0x00,0x00,0x00,0x00,0x00,0x00,0x00,0x00,0x00,0x8f,0xff,0xff,0xff,0xff,0xff,0xff,0xff,0xff,0xff,
  0xff,0xff,0xd2,0x00,0x00,0x00,0x00,0x00,0x00,0x00,0x00,0x00,0x00,0x00,0x00,0x00,0x00,0x00,0x00,0x00,0x8f,0xff,0xff,0xff,0xff,0xff,0xff,0xff,0xff,0xff,0xff,0xfa,
  0x10,0x00,0x00,0x00,0x00,0x00,0x00,0x00,0x00,0x00,0x00,0x00,0x00,0x00,0x00,0x00,0x00,0x00,0x8f,0xff,0xff,0xff,0xff,0xff,0xff,0xff,0xff,0xff,0xfd,0x40,0x00,0x00,
  0x00,0x00,0x00,0x00,0x00,0x00,0x00,0x00,0x00,0x00,0x00,0x00,0x00,0x00,0x00,0x00,0x8f,0xff,0xff,0xff,0xff,0xff,0xff,0xff,0xff,0xff,0x50,0x00,0x00,0x00,0x00,0x00,
  0x00,0x00,0x00,0x00,0x00,0x00,0x00,0x00,0x00,0x00,0x00,0x00,0x00,0x00,0x8f,0xff,0xff,0xff,0xff,0xff,0xff,0xff,0xff,0xff,0xe9,0x20,0x00,0x00,0x00,0x00,0x00,0x00,
  0x00,0x00,0x00,0x00,0x00,0x00,0x00,0x00,0x00,0x00,0x00,0x00,0x8f,0xff,0xff,0xff,0xff,0xff,0xff,0xff,0xff,0xff,0xff,0xfa,0x10,0x00,0x00,0x00,0x00,0x00,0x00,0x00,
  0x00,0x00,0x00,0x00,0x00,0x00,0x00,0x00,0x00,0x00,0x8f,0xff,0xff,0xff,0xff,0xff,0xff,0xff,0xff,0xff,0xff,0xff,0xf5,0x00,0x00,0x00,0x00,0x00,0x00,0x00,0x00,0x00,
  0x00,0x00,0x00,0x00,0x00,0x00,0x00,0x00,0x8f,0xff,0xff,0xff,0xff,0xff,0xff,0xff,0xff,0xff,0xff,0xff,0xff,0x80,0x00,0x00,0x00,0x00,0x00,0x00,0x00,0x00,0x00,0x00,
  0x00,0x00,0x00,0x00,0x00,0x00,0x8f,0xff,0xff,0xff,0xff,0xff,0xff,0xff,0xff,0xff,0xff,0xff,0xff,0xf9,0x00,0x00,0x00,0x00,0x00,0x00,0x00,0x00,0x00,0x00,0x00,0x00,
  0x00,0x00,0x00,0x00,0x6c,0xcc,0xcc,0xcd,0xef,0xff,0xff,0xff,0xff,0xff,0xff,0xff,0xff,0xff,0x60,0x00,0x00,0x00,0x00,0x00,0x00,0x00,0x00,0x00,0x00,0x00,0x00,0x00,
  0x00,0x00,0x00,0x00,0x00,0x00,0x01,0x5b,0xff,0xff,0xff,0xff,0xff,0xff,0xff,0xff,0xf2,0x00,0x00,0x00,0x00,0x00,0x00,0x00,0x00,0x00,0x00,0x00,0x00,0x00,0x00,0x00,
  0x00,0x00,0x00,0x00,0x00,0x00,0x3e,0xff,0xff,0xff,0xff,0xff,0xff,0xff,0xfb,0x00,0x00,0x00,0x00,0x00,0x00,0x00,0x00,0x00,0x00,0x00,0x00,0x00,0x00,0x00,0x00,0x00,
  0x00,0x00,0x00,0x00,0x01,0xef,0xff,0xff,0xff,0xff,0xff,0xff,0xff,0x30,0x00,0x00,0x00,0x00,0x00,0x00,0x00,0x00,0x00,0x00,0x00,0x00,0x00,0x00,0x00,0x00,0x00,0x00,
  0x00,0x00,0x00,0x4f,0xff,0xff,0xff,0xff,0xff,0xff,0xff,0xa0,0x00,0x00,0x00,0x00,0x00,0x00,0x00,0x00,0x00,0x00,0x00,0x00,0x00,0x00,0x00,0x00,0x00,0x00,0x00,0x00,
  0x00,0x0c,0xff,0xff,0xff,0xff,0xff,0xff,0xff,0xf0,0x00,0x00,0x00,0x00,0x00,0x00,0x00,0x00,0x00,0x00,0x00,0x00,0x00,0x00,0x00,0x00,0x00,0x00,0x00,0x00,0x00,0x07,
  0xff,0xff,0xff,0xff,0xff,0xff,0xff,0xf4,0x00,0x00,0x00,0x00,0x00,0x00,0x00,0x00,0x00,0x00,0x00,0x00,0x00,0x00,0x00,0x00,0x00,0x00,0x00,0x00,0x00,0x04,0xff,0xff,
  0xff,0xff,0xff,0xff,0xff,0xf7,0x00,0x00,0x00,0x00,0x00,0x00,0x00,0x00,0x00,0x00,0x00,0x00,0x00,0x00,0x00,0x00,0x00,0x00,0x00,0x00,0x00,0x02,0xff,0xff,0xff,0xff,
  0xff,0xff,0xff,0xf9,0x00,0x00,0x00,0x00,0xdf,0xff,0xff,0xff,0xff,0xff,0xff,0xb0,0x00,0x00,0x00,0x00,0x00,0x00,0x00,0x00,0x00,0x02,0xff,0xff,0xff,0xff,0xff,0xff,
  0xff,0xfb,0x00,0x00,0x00,0x00,0xef,0xff,0xff,0xff,0xff,0xff,0xff,0xb0,0x00,0x00,0x00,0x00,0x00,0x00,0x00,0x00,0x00,0x03,0xff,0xff,0xff,0xff,0xff,0xff,0xff,0xfc,
  0x00,0x00,0x00,0x00,0xdf,0xff,0xff,0xff,0xff,0xff,0xff,0xc0,0x00,0x00,0x00,0x00,0x00,0x00,0x00,0x00,0x00,0x05,0xff,0xff,0xff,0xff,0xff,0xff,0xff,0xfc,0x00,0x00,
  0x00,0x00,0xcf,0xff,0xff,0xff,0xff,0xff,0xff,0xe0,0x00,0x00,0x00,0x00,0x00,0x00,0x00,0x00,0x00,0x09,0xff,0xff,0xff,0xff,0xff,0xff,0xff,0xfb,0x00,0x00,0x00,0x00,
  0xaf,0xff,0xff,0xff,0xff,0xff,0xff,0xf2,0x00,0x00,0x00,0x00,0x00,0x00,0x00,0x00,0x00,0x0e,0xff,0xff,0xff,0xff,0xff,0xff,0xff,0xf9,0x00,0x00,0x00,0x00,0x8f,0xff,
  0xff,0xff,0xff,0xff,0xff,0xfa,0x00,0x00,0x00,0x00,0x00,0x00,0x00,0x00,0x00,0x6f,0xff,0xff,0xff,0xff,0xff,0xff,0xff,0xf6,0x00,0x00,0x00,0x00,0x4f,0xff,0xff,0xff,
  0xff,0xff,0xff,0xff,0x50,0x00,0x00,0x00,0x00,0x00,0x00,0x00,0x02,0xff,0xff,0xff,0xff,0xff,0xff,0xff,0xff,0xf3,0x00,0x00,0x00,0x00,0x0f,0xff,0xff,0xff,0xff,0xff,
  0xff,0xff,0xf6,0x00,0x00,0x00,0x00,0x00,0x00,0x00,0x3e,0xff,0xff,0xff,0xff,0xff,0xff,0xff,0xff,0xe0,0x00,0x00,0x00,0x00,0x0a,0xff,0xff,0xff,0xff,0xff,0xff,0xff,
  0xff,0xc5,0x00,0x00,0x00,0x00,0x00,0x29,0xff,0xff,0xff,0xff,0xff,0xff,0xff,0xff,0xff,0x90,0x00,0x00,0x00,0x00,0x03,0xff,0xff,0xff,0xff,0xff,0xff,0xff,0xff,0xff,
  0xfb,0x97,0x66,0x67,0xad,0xff,0xff,0xff,0xff,0xff,0xff,0xff,0xff,0xff,0xff,0x20,0x00,0x00,0x00,0x00,0x00,0xbf,0xff,0xff,0xff,0xff,0xff,0xff,0xff,0xff,0xff,0xff,
  0xff,0xff,0xff,0xff,0xff,0xff,0xff,0xff,0xff,0xff,0xff,0xff,0xfa,0x00,0x00,0x00,0x00,0x00,0x00,0x2f,0xff,0xff,0xff,0xff,0xff,0xff,0xff,0xff,0xff,0xff,0xff,0xff,
  0xff,0xff,0xff,0xff,0xff,0xff,0xff,0xff,0xff,0xff,0xe1,0x00,0x00,0x00,0x00,0x00,0x00,0x06,0xff,0xff,0xff,0xff,0xff,0xff,0xff,0xff,0xff,0xff,0xff,0xff,0xff,0xff,
  0xff,0xff,0xff,0xff,0xff,0xff,0xff,0xff,0x50,0x00,0x00,0x00,0x00,0x00,0x00,0x00,0x9f,0xff,0xff,0xff,0xff,0xff,0xff,0xff,0xff,0xff,0xff,0xff,0xff,0xff,0xff,0xff,
  0xff,0xff,0xff,0xff,0xff,0xf8,0x00,0x00,0x00,0x00,0x00,0x00,0x00,0x00,0x09,0xff,0xff,0xff,0xff,0xff,0xff,0xff,0xff,0xff,0xff,0xff,0xff,0xff,0xff,0xff,0xff,0xff,
  0xff,0xff,0xff,0x80,0x00,0x00,0x00,0x00,0x00,0x00,0x00,0x00,0x00,0x7f,0xff,0xff,0xff,0xff,0xff,0xff,0xff,0xff,0xff,0xff,0xff,0xff,0xff,0xff,0xff,0xff,0xff,0xff,
  0xf6,0x00,0x00,0x00,0x00,0x00,0x00,0x00,0x00,0x00,0x00,0x04,0xef,0xff,0xff,0xff,0xff,0xff,0xff,0xff,0xff,0xff,0xff,0xff,0xff,0xff,0xff,0xff,0xff,0xfd,0x30,0x00,
  0x00,0x00,0x00,0x00,0x00,0x00,0x00,0x00,0x00,0x00,0x08,0xff,0xff,0xff,0xff,0xff,0xff,0xff,0xff,0xff,0xff,0xff,0xff,0xff,0xff,0xff,0xff,0x70,0x00,0x00,0x00,0x00,
  0x00,0x00,0x00,0x00,0x00,0x00,0x00,0x00,0x00,0x18,0xef,0xff,0xff,0xff,0xff,0xff,0xff,0xff,0xff,0xff,0xff,0xff,0xff,0xfe,0x81,0x00,0x00,0x00,0x00,0x00,0x00,0x00,
  0x00,0x00,0x00,0x00,0x00,0x00,0x00,0x00,0x04,0xae,0xff,0xff,0xff,0xff,0xff,0xff,0xff,0xff,0xff,0xff,0xea,0x50,0x00,0x00,0x00,0x00,0x00,0x00,0x00,0x00,0x00,0x00,
  0x00,0x00,0x00,0x00,0x00,0x00,0x00,0x00,0x26,0x9b,0xdf,0xff,0xff,0xff,0xff,0xfd,0xb9,0x62,0x00,0x00,0x00,0x00,0x00,0x00,0x00,0x00,0x00,0x00,0x00,0x00,0x00,0x00,
  0x00,0x00,0x00,0x00,0x00,0x00,0x00,0x00,0x00,0x01,0x22,0x22,0x10,0x00,0x00,0x00,0x00,0x00,0x00,0x00,0x00,0x00,0x00,0x00,0x00,0x00,0x00,0x00,0x00,0x00,0x00,0x00,
  0x00,0x00,0x00,0x00,0x01,0x11,0x11,0x11,0x11,0x11,0x11,0x11,0x00,0x00,0x00,0x00,0x00,0x00,0x00,0x00,0x00,0x00,0x00,0x00,0x00,0x00,0x00,0x00,0x00,0x00,0x00,0x00,
  0x00,0x00,0x8f,0xff,0xff,0xff,0xff,0xff,0xff,0xff,0x50,0x00,0x00,0x00,0x00,0x00,0x00,0x00,0x00,0x00,0x00,0x00,0x00,0x00,0x00,0x00,0x00,0x00,0x00,0x00,0x00,0x00,
  0xcf,0xff,0xff,0xff,0xff,0xff,0xff,0xff,0x20,0x00,0x00,0x00,0x00,0x00,0x00,0x00,0x00,0x00,0x00,0x00,0x00,0x00,0x00,0x00,0x00,0x00,0x00,0x00,0x00,0x01,0xff,0xff,
  0xff,0xff,0xff,0xff,0xff,0xfe,0x00,0x00,0x00,0x00,0x00,0x00,0x00,0x00,0x00,0x00,0x00,0x00,0x00,0x00,0x00,0x00,0x00,0x00,0x00,0x00,0x00,0x05,0xff,0xff,0xff,0xff,
  0xff,0xff,0xff,0xf9,0x00,0x00,0x00,0x00,0x00,0x00,0x00,0x00,0x00,0x00,0x00,0x00,0x00,0x00,0x00,0x00,0x00,0x00,0x00,0x00,0x00,0x0a,0xff,0xff,0xff,0xff,0xff,0xff,
  0xff,0xf5,0x00,0x00,0x00,0x00,0x00,0x00,0x00,0x00,0x00,0x00,0x00,0x00,0x00,0x00,0x00,0x00,0x00,0x00,0x00,0x00,0x00,0x0f,0xff,0xff,0xff,0xff,0xff,0xff,0xff,0xf0,
  0x00,0x00,0x00,0x00,0x00,0x00,0x00,0x00,0x00,0x00,0x00,0x00,0x00,0x00,0x00,0x00,0x00,0x00,0x00,0x00,0x00,0x4f,0xff,0xff,0xff,0xff,0xff,0xff,0xff,0xa0,0x00,0x00,
  0x00,0x00,0x00,0x00,0x00,0x00,0x00,0x00,0x00,0x00,0x00,0x00,0x00,0x00,0x00,0x00,0x00,0x00,0x00,0x9f,0xff,0xff,0xff,0xff,0xff,0xff,0xff,0x40,0x00,0x00,0x01,0x33,
  0x33,0x33,0x20,0x00,0x00,0x00,0x00,0x00,0x00,0x00,0x00,0x00,0x00,0x00,0x00,0x00,0x00,0xef,0xff,0xff,0xff,0xff,0xff,0xff,0xfe,0x00,0x00,0x00,0x0a,0xff,0xff,0xff,
  0x90,0x00,0x00,0x00,0x00,0x00,0x00,0x00,0x00,0x00,0x00,0x00,0x00,0x00,0x04,0xff,0xff,0xff,0xff,0xff,0xff,0xff,0xf8,0x00,0x00,0x00,0x0f,0xff,0xff,0xff,0x90,0x00,
  0x00,0x00,0x00,0x00,0x00,0x00,0x00,0x00,0x00,0x00,0x00,0x00,0x0a,0xff,0xff,0xff,0xff,0xff,0xff,0xff,0xf1,0x00,0x00,0x00,0x5f,0xff,0xff,0xff,0x90,0x00,0x00,0x00,
  0x00,0x00,0x00,0x00,0x00,0x00,0x00,0x00,0x00,0x00,0x0f,0xff,0xff,0xff,0xff,0xff,0xff,0xff,0xa0,0x00,0x00,0x00,0xbf,0xff,0xff,0xff,0x90,0x00,0x00,0x00,0x00,0x00,
  0x00,0x00,0x00,0x00,0x00,0x00,0x00,0x00,0x5f,0xff,0xff,0xff,0xff,0xff,0xff,0xff,0x30,0x00,0x00,0x01,0xff,0xff,0xff,0xff,0x90,0x00,0x00,0x00,0x00,0x00,0x00,0x00,
  0x00,0x00,0x00,0x00,0x00,0x00,0xcf,0xff,0xff,0xff,0xff,0xff,0xff,0xfc,0x00,0x00,0x00,0x07,0xff,0xff,0xff,0xff,0x90,0x00,0x00,0x00,0x00,0x00,0x00,0x00,0x00,0x00,
  0x00,0x00,0x00,0x02,0xff,0xff,0xff,0xff,0xff,0xff,0xff,0xf5,0x00,0x00,0x00,0x0e,0xff,0xff,0xff,0xff,0x90,0x00,0x00,0x00,0x00,0x00,0x00,0x00,0x00,0x00,0x00,0x00,
  0x00,0x08,0xff,0xff,0xff,0xff,0xff,0xff,0xff,0xd0,0x00,0x00,0x00,0x5f,0xff,0xff,0xff,0xff,0x90,0x00,0x00,0x00,0x00,0x00,0x00,0x00,0x00,0x00,0x00,0x00,0x00,0x0e,
  0xff,0xff,0xff,0xff,0xff,0xff,0xff,0x50,0x00,0x00,0x00,0xcf,0xff,0xff,0xff,0xff,0x90,0x00,0x00,0x00,0x00,0x00,0x00,0x00,0x00,0x00,0x00,0x00,0x00,0x5f,0xff,0xff,
  0xff,0xff,0xff,0xff,0xfd,0x00,0x00,0x00,0x04,0xff,0xff,0xff,0xff,0xff,0x90,0x00,0x00,0x00,0x00,0x00,0x00,0x00,0x00,0x00,0x00,0x00,0x00,0xcf,0xff,0xff,0xff,0xff,
  0xff,0xff,0xf5,0x00,0x00,0x00,0x0c,0xff,0xff,0xff,0xff,0xff,0x90,0x00,0x00,0x00,0x00,0x00,0x00,0x00,0x00,0x00,0x00,0x00,0x03,0xff,0xff,0xff,0xff,0xff,0xff,0xff,
  0xd0,0x00,0x00,0x00,0x4f,0xff,0xff,0xff,0xff,0xff,0x90,0x00,0x00,0x00,0x00,0x00,0x00,0x00,0x00,0x00,0x00,0x00,0x0a,0xff,0xff,0xff,0xff,0xff,0xff,0xff,0x40,0x00,
  0x00,0x00,0xcf,0xff,0xff,0xff,0xff,0xff,0x90,0x00,0x00,0x00,0x00,0x00,0x00,0x00,0x00,0x00,0x00,0x00,0x1f,0xff,0xff,0xff,0xff,0xff,0xff,0xfb,0x00,0x00,0x00,0x04,
  0xff,0xff,0xff,0xff,0xff,0xff,0x90,0x00,0x00,0x00,0x00,0x00,0x00,0x00,0x00,0x00,0x00,0x00,0x8f,0xff,0xff,0xff,0xff,0xff,0xff,0xf3,0x00,0x00,0x00,0x0c,0xff,0xff,
  0xff,0xff,0xff,0xff,0x90,0x00,0x00,0x00,0x00,0x00,0x00,0x00,0x00,0x00,0x00,0x01,0xff,0xff,0xff,0xff,0xff,0xff,0xff,0x90,0x00,0x00,0x00,0x5f,0xff,0xff,0xff,0xff,
  0xff,0xff,0x90,0x00,0x00,0x00,0x00,0x00,0x00,0x00,0x00,0x00,0x00,0x07,0xff,0xff,0xff,0xff,0xff,0xff,0xff,0x10,0x00,0x00,0x00,0xef,0xff,0xff,0xff,0xff,0xff,0xff,
  0x90,0x00,0x00,0x00,0x00,0x00,0x00,0x00,0x00,0x00,0x00,0x0e,0xff,0xff,0xff,0xff,0xff,0xff,0xf6,0x00,0x00,0x00,0x07,0xff,0xff,0xff,0xff,0xff,0xff,0xff,0x90,0x00,
  0x00,0x00,0x00,0x00,0x00,0x00,0x00,0x00,0x00,0x7f,0xff,0xff,0xff,0xff,0xff,0xff,0xc0,0x00,0x00,0x00,0x0b,0xff,0xff,0xff,0xff,0xff,0xff,0xff,0x90,0x00,0x00,0x00,
  0x00,0x00,0x00,0x00,0x00,0x00,0x00,0xef,0xff,0xff,0xff,0xff,0xff,0xff,0x30,0x00,0x00,0x00,0x0b,0xff,0xff,0xff,0xff,0xff,0xff,0xff,0x90,0x00,0x00,0x00,0x00,0x00,
  0x00,0x00,0x00,0x00,0x06,0xff,0xff,0xff,0xff,0xff,0xff,0xf9,0x00,0x00,0x00,0x00,0x0b,0xff,0xff,0xff,0xff,0xff,0xff,0xff,0x90,0x00,0x00,0x00,0x00,0x00,0x00,0x00,
  0x00,0x00,0x0e,0xff,0xff,0xff,0xff,0xff,0xff,0xe0,0x00,0x00,0x00,0x00,0x0b,0xff,0xff,0xff,0xff,0xff,0xff,0xff,0x90,0x00,0x00,0x00,0x00,0x00,0x00,0x00,0x00,0x00,
  0x7f,0xff,0xff,0xff,0xff,0xff,0xff,0x40,0x00,0x00,0x00,0x00,0x0b,0xff,0xff,0xff,0xff,0xff,0xff,0xff,0x90,0x00,0x00,0x00,0x00,0x00,0x00,0x00,0x00,0x00,0xef,0xff,
  0xff,0xff,0xff,0xff,0xf9,0x00,0x00,0x00,0x00,0x00,0x0b,0xff,0xff,0xff,0xff,0xff,0xff,0xff,0x90,0x00,0x00,0x00,0x00,0x00,0x00,0x00,0x00,0x08,0xff,0xff,0xff,0xff,
  0xff,0xff,0xe0,0x00,0x00,0x00,0x00,0x00,0x0b,0xff,0xff,0xff,0xff,0xff,0xff,0xff,0x90,0x00,0x00,0x00,0x00,0x00,0x00,0x00,0x00,0x1f,0xff,0xff,0xff,0xff,0xff,0xff,
  0x40,0x00,0x00,0x00,0x00,0x00,0x0b,0xff,0xff,0xff,0xff,0xff,0xff,0xff,0x90,0x00,0x00,0x00,0x00,0x00,0x00,0x00,0x00,0xaf,0xff,0xff,0xff,0xff,0xff,0xf9,0x00,0x00,
  0x00,0x00,0x00,0x00,0x0b,0xff,0xff,0xff,0xff,0xff,0xff,0xff,0x90,0x00,0x00,0x00,0x00,0x00,0x00,0x00,0x03,0xff,0xff,0xff,0xff,0xff,0xff,0xd0,0x00,0x00,0x00,0x00,
  0x00,0x00,0x0b,0xff,0xff,0xff,0xff,0xff,0xff,0xff,0x90,0x00,0x00,0x00,0x00,0x00,0x00,0x00,0x0c,0xff,0xff,0xff,0xff,0xff,0xff,0x20,0x00,0x00,0x00,0x00,0x00,0x00,
  0x0b,0xff,0xff,0xff,0xff,0xff,0xff,0xff,0x90,0x00,0x00,0x00,0x00,0x00,0x00,0x00,0x5f,0xff,0xff,0xff,0xff,0xff,0xf5,0x00,0x00,0x00,0x00,0x00,0x00,0x00,0x0b,0xff,
  0xff,0xff,0xff,0xff,0xff,0xff,0x90,0x00,0x00,0x00,0x00,0x00,0x00,0x01,0xef,0xff,0xff,0xff,0xff,0xff,0x90,0x00,0x00,0x00,0x00,0x00,0x00,0x00,0x0b,0xff,0xff,0xff,
  0xff,0xff,0xff,0xff,0x90,0x00,0x00,0x00,0x00,0x00,0x00,0x09,0xff,0xff,0xff,0xff,0xff,0xfb,0x00,0x00,0x00,0x00,0x00,0x00,0x00,0x00,0x0b,0xff,0xff,0xff,0xff,0xff,
  0xff,0xff,0x90,0x00,0x00,0x00,0x00,0x00,0x00,0x3f,0xff,0xff,0xff,0xff,0xff,0xd2,0x11,0x11,0x11,0x11,0x11,0x11,0x11,0x11,0x1b,0xff,0xff,0xff,0xff,0xff,0xff,0xff,
  0xa1,0x11,0x11,0x11,0x10,0x00,0x00,0x6f,0xff,0xff,0xff,0xff,0xff,0xff,0xff,0xff,0xff,0xff,0xff,0xff,0xff,0xff,0xff,0xff,0xff,0xff,0xff,0xff,0xff,0xff,0xff,0xff,
  0xff,0xff,0xf5,0x00,0x00,0x6f,0xff,0xff,0xff,0xff,0xff,0xff,0xff,0xff,0xff,0xff,0xff,0xff,0xff,0xff,0xff,0xff,0xff,0xff,0xff,0xff,0xff,0xff,0xff,0xff,0xff,0xff,
  0xf5,0x00,0x00,0x6f,0xff,0xff,0xff,0xff,0xff,0xff,0xff,0xff,0xff,0xff,0xff,0xff,0xff,0xff,0xff,0xff,0xff,0xff,0xff,0xff,0xff,0xff,0xff,0xff,0xff,0xff,0xf5,0x00,
  0x00,0x6f,0xff,0xff,0xff,0xff,0xff,0xff,0xff,0xff,0xff,0xff,0xff,0xff,0xff,0xff,0xff,0xff,0xff,0xff,0xff,0xff,0xff,0xff,0xff,0xff,0xff,0xff,0xf5,0x00,0x00,0x6f,
  0xff,0xff,0xff,0xff,0xff,0xff,0xff,0xff,0xff,0xff,0xff,0xff,0xff,0xff,0xff,0xff,0xff,0xff,0xff,0xff,0xff,0xff,0xff,0xff,0xff,0xff,0xf5,0x00,0x00,0x6f,0xff,0xff,
  0xff,0xff,0xff,0xff,0xff,0xff,0xff,0xff,0xff,0xff,0xff,0xff,0xff,0xff,0xff,0xff,0xff,0xff,0xff,0xff,0xff,0xff,0xff,0xff,0xf5,0x00,0x00,0x6f,0xff,0xff,0xff,0xff,
  0xff,0xff,0xff,0xff,0xff,0xff,0xff,0xff,0xff,0xff,0xff,0xff,0xff,0xff,0xff,0xff,0xff,0xff,0xff,0xff,0xff,0xff,0xf5,0x00,0x00,0x6f,0xff,0xff,0xff,0xff,0xff,0xff,
  0xff,0xff,0xff,0xff,0xff,0xff,0xff,0xff,0xff,0xff,0xff,0xff,0xff,0xff,0xff,0xff,0xff,0xff,0xff,0xff,0xf5,0x00,0x00,0x6f,0xff,0xff,0xff,0xff,0xff,0xff,0xff,0xff,
  0xff,0xff,0xff,0xff,0xff,0xff,0xff,0xff,0xff,0xff,0xff,0xff,0xff,0xff,0xff,0xff,0xff,0xff,0xf5,0x00,0x00,0x6f,0xff,0xff,0xff,0xff,0xff,0xff,0xff,0xff,0xff,0xff,
  0xff,0xff,0xff,0xff,0xff,0xff,0xff,0xff,0xff,0xff,0xff,0xff,0xff,0xff,0xff,0xff,0xf5,0x00,0x00,0x6f,0xff,0xff,0xff,0xff,0xff,0xff,0xff,0xff,0xff,0xff,0xff,0xff,
  0xff,0xff,0xff,0xff,0xff,0xff,0xff,0xff,0xff,0xff,0xff,0xff,0xff,0xff,0xf5,0x00,0x00,0x6f,0xff,0xff,0xff,0xff,0xff,0xff,0xff,0xff,0xff,0xff,0xff,0xff,0xff,0xff,
  0xff,0xff,0xff,0xff,0xff,0xff,0xff,0xff,0xff,0xff,0xff,0xff,0xf4,0x00,0x00,0x00,0x00,0x00,0x00,0x00,0x00,0x00,0x00,0x00,0x00,0x00,0x00,0x00,0x00,0x00,0x0b,0xff,
  0xff,0xff,0xff,0xff,0xff,0xff,0x90,0x00,0x00,0x00,0x00,0x00,0x00,0x00,0x00,0x00,0x00,0x00,0x00,0x00,0x00,0x00,0x00,0x00,0x00,0x00,0x00,0x00,0x0b,0xff,0xff,0xff,
  0xff,0xff,0xff,0xff,0x90,0x00,0x00,0x00,0x00,0x00,0x00,0x00,0x00,0x00,0x00,0x00,0x00,0x00,0x00,0x00,0x00,0x00,0x00,0x00,0x00,0x00,0x0b,0xff,0xff,0xff,0xff,0xff,
  0xff,0xff,0x90,0x00,0x00,0x00,0x00,0x00,0x00,0x00,0x00,0x00,0x00,0x00,0x00,0x00,0x00,0x00,0x00,0x00,0x00,0x00,0x00,0x00,0x0b,0xff,0xff,0xff,0xff,0xff,0xff,0xff,
  0x90,0x00,0x00,0x00,0x00,0x00,0x00,0x00,0x00,0x00,0x00,0x00,0x00,0x00,0x00,0x00,0x00,0x00,0x00,0x00,0x00,0x00,0x0b,0xff,0xff,0xff,0xff,0xff,0xff,0xff,0x90,0x00,
  0x00,0x00,0x00,0x00,0x00,0x00,0x00,0x00,0x00,0x00,0x00,0x00,0x00,0x00,0x00,0x00,0x00,0x00,0x00,0x00,0x0b,0xff,0xff,0xff,0xff,0xff,0xff,0xff,0x90,0x00,0x00,0x00,
  0x00,0x00,0x00,0x00,0x00,0x00,0x00,0x00,0x00,0x00,0x00,0x00,0x00,0x00,0x00,0x00,0x00,0x00,0x0b,0xff,0xff,0xff,0xff,0xff,0xff,0xff,0x90,0x00,0x00,0x00,0x00,0x00,
  0x00,0x00,0x00,0x00,0x00,0x00,0x00,0x00,0x00,0x00,0x00,0x00,0x00,0x00,0x00,0x00,0x0b,0xff,0xff,0xff,0xff,0xff,0xff,0xff,0x90,0x00,0x00,0x00,0x00,0x00,0x00,0x00,
  0x00,0x00,0x00,0x00,0x00,0x00,0x00,0x00,0x00,0x00,0x00,0x00,0x00,0x00,0x0b,0xff,0xff,0xff,0xff,0xff,0xff,0xff,0x90,0x00,0x00,0x00,0x00,0x00,0x00,0x00,0x00,0x00,
  0x00,0x00,0x00,0x00,0x00,0x00,0x00,0x00,0x00,0x00,0x00,0x00,0x0b,0xff,0xff,0xff,0xff,0xff,0xff,0xff,0x90,0x00,0x00,0x00,0x00,0x00,0x00,0x00,0x00,0x00,0x00,0x00,
  0x00,0x00,0x00,0x00,0x00,0x00,0x00,0x00,0x00,0x00,0x0b,0xff,0xff,0xff,0xff,0xff,0xff,0xff,0x90,0x00,0x00,0x00,0x00,0x00,0x00,0x00,0x00,0x00,0x00,0x00,0x00,0x00,
  0x00,0x00,0x00,0x00,0x00,0x00,0x00,0x00,0x0b,0xff,0xff,0xff,0xff,0xff,0xff,0xff,0x90,0x00,0x00,0x00,0x00,0x00,0x00,0x00,0x00,0x00,0x00,0x00,0x00,0x00,0x00,0x00,
  0x00,0x00,0x00,0x00,0x00,0x00,0x0b,0xff,0xff,0xff,0xff,0xff,0xff,0xff,0x90,0x00,0x00,0x00,0x00,0x00,0x00,0x00,0x00,0x00,0x00,0x00,0x00,0x00,0x00,0x00,0x00,0x00,
  0x00,0x00,0x00,0x00,0x0b,0xff,0xff,0xff,0xff,0xff,0xff,0xff,0x90,0x00,0x00,0x00,0x00,0x00,0x00,0x00,0x00,0x00,0x09,0xff,0xff,0xff,0xff,0xff,0xff,0xff,0xff,0xff,
  0xff,0xff,0xff,0xff,0xff,0xff,0xff,0xff,0xff,0xff,0xff,0xf6,0x00,0x00,0x00,0x00,0x00,0x00,0x00,0x00,0x0b,0xff,0xff,0xff,0xff,0xff,0xff,0xff,0xff,0xff,0xff,0xff,
  0xff,0xff,0xff,0xff,0xff,0xff,0xff,0xff,0xff,0xf7,0x00,0x00,0x00,0x00,0x00,0x00,0x00,0x00,0x0c,0xff,0xff,0xff,0xff,0xff,0xff,0xff,0xff,0xff,0xff,0xff,0xff,0xff,
  0xff,0xff,0xff,0xff,0xff,0xff,0xff,0xf7,0x00,0x00,0x00,0x00,0x00,0x00,0x00,0x00,0x0d,0xff,0xff,0xff,0xff,0xff,0xff,0xff,0xff,0xff,0xff,0xff,0xff,0xff,0xff,0xff,
  0xff,0xff,0xff,0xff,0xff,0xf7,0x00,0x00,0x00,0x00,0x00,0x00,0x00,0x00,0x0e,0xff,0xff,0xff,0xff,0xff,0xff,0xff,0xff,0xff,0xff,0xff,0xff,0xff,0xff,0xff,0xff,0xff,
  0xff,0xff,0xff,0xf7,0x00,0x00,0x00,0x00,0x00,0x00,0x00,0x00,0x0f,0xff,0xff,0xff,0xff,0xff,0xff,0xff,0xff,0xff,0xff,0xff,0xff,0xff,0xff,0xff,0xff,0xff,0xff,0xff,
  0xff,0xf7,0x00,0x00,0x00,0x00,0x00,0x00,0x00,0x00,0x1f,0xff,0xff,0xff,0xff,0xff,0xff,0xff,0xff,0xff,0xff,0xff,0xff,0xff,0xff,0xff,0xff,0xff,0xff,0xff,0xff,0xf7,
  0x00,0x00,0x00,0x00,0x00,0x00,0x00,0x00,0x2f,0xff,0xff,0xff,0xff,0xff,0xff,0xff,0xff,0xff,0xff,0xff,0xff,0xff,0xff,0xff,0xff,0xff,0xff,0xff,0xff,0xf7,0x00,0x00,
  0x00,0x00,0x00,0x00,0x00,0x00,0x3f,0xff,0xff,0xff,0xff,0xff,0xff,0xff,0xff,0xff,0xff,0xff,0xff,0xff,0xff,0xff,0xff,0xff,0xff,0xff,0xff,0xf7,0x00,0x00,0x00,0x00,
  0x00,0x00,0x00,0x00,0x4f,0xff,0xff,0xff,0xff,0xff,0xff,0xff,0xff,0xff,0xff,0xff,0xff,0xff,0xff,0xff,0xff,0xff,0xff,0xff,0xff,0xf7,0x00,0x00,0x00,0x00,0x00,0x00,
  0x00,0x00,0x6f,0xff,0xff,0xff,0xff,0xff,0xff,0xff,0xff,0xff,0xff,0xff,0xff,0xff,0xff,0xff,0xff,0xff,0xff,0xff,0xff,0xf7,0x00,0x00,0x00,0x00,0x00,0x00,0x00,0x00,
  0x7f,0xff,0xff,0xff,0xff,0xff,0xff,0xff,0xff,0xff,0xff,0xff,0xff,0xff,0xff,0xff,0xff,0xff,0xff,0xff,0xff,0xf7,0x00,0x00,0x00,0x00,0x00,0x00,0x00,0x00,0x8f,0xff,
  0xff,0xff,0xff,0xff,0xff,0xff,0xff,0xff,0xff,0xff,0xff,0xff,0xff,0xff,0xff,0xff,0xff,0xff,0xff,0xf7,0x00,0x00,0x00,0x00,0x00,0x00,0x00,0x00,0x9f,0xff,0xff,0xff,
  0xff,0xff,0xff,0xcc,0xcc,0xcc,0xcc,0xcc,0xcc,0xcc,0xcc,0xcc,0xcc,0xcc,0xcc,0xcc,0xcc,0xc5,0x00,0x00,0x00,0x00,0x00,0x00,0x00,0x00,0xbf,0xff,0xff,0xff,0xff,0xff,
  0xfb,0x00,0x00,0x00,0x00,0x00,0x00,0x00,0x00,0x00,0x00,0x00,0x00,0x00,0x00,0x00,0x00,0x00,0x00,0x00,0x00,0x00,0x00,0x00,0xcf,0xff,0xff,0xff,0xff,0xff,0xfa,0x00,
  0x00,0x00,0x00,0x00,0x00,0x00,0x00,0x00,0x00,0x00,0x00,0x00,0x00,0x00,0x00,0x00,0x00,0x00,0x00,0x00,0x00,0x00,0xdf,0xff,0xff,0xff,0xff,0xff,0xf9,0x00,0x00,0x00,
  0x00,0x00,0x00,0x00,0x00,0x00,0x00,0x00,0x00,0x00,0x00,0x00,0x00,0x00,0x00,0x00,0x00,0x00,0x00,0x00,0xef,0xff,0xff,0xff,0xff,0xff,0xf8,0x00,0x00,0x00,0x00,0x00,
  0x00,0x00,0x00,0x00,0x00,0x00,0x00,0x00,0x00,0x00,0x00,0x00,0x00,0x00,0x00,0x00,0x00,0x00,0xff,0xff,0xff,0xff,0xff,0xff,0xf7,0x00,0x00,0x00,0x00,0x00,0x00,0x00,
  0x00,0x00,0x00,0x00,0x00,0x00,0x00,0x00,0x00,0x00,0x00,0x00,0x00,0x00,0x00,0x01,0xff,0xff,0xff,0xff,0xff,0xff,0xf6,0x00,0x00,0x00,0x00,0x00,0x00,0x00,0x00,0x00,
  0x00,0x00,0x00,0x00,0x00,0x00,0x00,0x00,0x00,0x00,0x00,0x00,0x00,0x02,0xff,0xff,0xff,0xff,0xff,0xff,0xf5,0x00,0x00,0x00,0x00,0x00,0x00,0x00,0x00,0x00,0x00,0x00,
  0x00,0x00,0x00,0x00,0x00,0x00,0x00,0x00,0x00,0x00,0x00,0x03,0xff,0xff,0xff,0xff,0xff,0xff,0xf4,0x00,0x00,0x00,0x00,0x00,0x00,0x00,0x00,0x00,0x00,0x00,0x00,0x00,
  0x00,0x00,0x00,0x00,0x00,0x00,0x00,0x00,0x00,0x04,0xff,0xff,0xff,0xff,0xff,0xff,0xf3,0x00,0x00,0x00,0x00,0x35,0x67,0x77,0x64,0x20,0x00,0x00,0x00,0x00,0x00,0x00,
  0x00,0x00,0x00,0x00,0x00,0x00,0x00,0x05,0xff,0xff,0xff,0xff,0xff,0xff,0xf2,0x00,0x00,0x39,0xdf,0xff,0xff,0xff,0xff,0xff,0xc8,0x30,0x00,0x00,0x00,0x00,0x00,0x00,
  0x00,0x00,0x00,0x00,0x00,0x07,0xff,0xff,0xff,0xff,0xff,0xff,0xf1,0x00,0x7d,0xff,0xff,0xff,0xff,0xff,0xff,0xff,0xff,0xfd,0x60,0x00,0x00,0x00,0x00,0x00,0x00,0x00,
  0x00,0x00,0x00,0x08,0xff,0xff,0xff,0xff,0xff,0xff,0xf0,0x6e,0xff,0xff,0xff,0xff,0xff,0xff,0xff,0xff,0xff,0xff,0xfe,0x50,0x00,0x00,0x00,0x00,0x00,0x00,0x00,0x00,
  0x00,0x09,0xff,0xff,0xff,0xff,0xff,0xff,0xfc,0xff,0xff,0xff,0xff,0xff,0xff,0xff,0xff,0xff,0xff,0xff,0xff,0xfb,0x10,0x00,0x00,0x00,0x00,0x00,0x00,0x00,0x00,0x0a,
  0xff,0xff,0xff,0xff,0xff,0xff,0xff,0xff,0xff,0xff,0xff,0xff,0xff,0xff,0xff,0xff,0xff,0xff,0xff,0xff,0xe2,0x00,0x00,0x00,0x00,0x00,0x00,0x00,0x00,0x0b,0xff,0xff,
  0xff,0xff,0xff,0xff,0xff,0xff,0xff,0xff,0xff,0xff,0xff,0xff,0xff,0xff,0xff,0xff,0xff,0xff,0xfe,0x20,0x00,0x00,0x00,0x00,0x00,0x00,0x00,0x0d,0xff,0xff,0xff,0xff,
  0xff,0xff,0xff,0xff,0xff,0xff,0xff,0xff,0xff,0xff,0xff,0xff,0xff,0xff,0xff,0xff,0xff,0xe1,0x00,0x00,0x00,0x00,0x00,0x00,0x00,0x0e,0xff,0xff,0xff,0xff,0xff,0xff,
  0xff,0xff,0xff,0xff,0xff,0xff,0xff,0xff,0xff,0xff,0xff,0xff,0xff,0xff,0xff,0xfb,0x00,0x00,0x00,0x00,0x00,0x00,0x00,0x0f,0xff,0xff,0xff,0xff,0xff,0xff,0xff,0xff,
  0xff,0xff,0xff,0xff,0xff,0xff,0xff,0xff,0xff,0xff,0xff,0xff,0xff,0xff,0x60,0x00,0x00,0x00,0x00,0x00,0x00,0x0f,0xff,0xff,0xff,0xff,0xff,0xff,0xff,0xff,0xff,0xff,
  0xff,0xff,0xff,0xff,0xff,0xff,0xff,0xff,0xff,0xff,0xff,0xff,0xe1,0x00,0x00,0x00,0x00,0x00,0x00,0x2f,0xff,0xff,0xff,0xff,0xff,0xff,0xff,0xff,0xff,0xc9,0x87,0x79,
  0xcf,0xff,0xff,0xff,0xff,0xff,0xff,0xff,0xff,0xff,0xf7,0x00,0x00,0x00,0x00,0x00,0x00,0x3f,0xff,0xff,0xff,0xff,0xff,0xff,0xff,0xff,0x81,0x00,0x00,0x00,0x01,0x7f,
  0xff,0xff,0xff,0xff,0xff,0xff,0xff,0xff,0xfe,0x00,0x00,0x00,0x00,0x00,0x00,0x4f,0xff,0xff,0xff,0xff,0xff,0xff,0xff,0xc2,0x00,0x00,0x00,0x00,0x00,0x01,0xcf,0xff,
  0xff,0xff,0xff,0xff,0xff,0xff,0xff,0x50,0x00,0x00,0x00,0x00,0x00,0x4e,0xff,0xff,0xff,0xff,0xff,0xff,0xfb,0x00,0x00,0x00,0x00,0x00,0x00,0x00,0x0b,0xff,0xff,0xff,
  0xff,0xff,0xff,0xff,0xff,0xa0,0x00,0x00,0x00,0x00,0x00,0x00,0x13,0x57,0x9b,0xdf,0xff,0xff,0xc0,0x00,0x00,0x00,0x00,0x00,0x00,0x00,0x01,0xef,0xff,0xff,0xff,0xff,
  0xff,0xff,0xff,0xe0,0x00,0x00,0x00,0x00,0x00,0x00,0x00,0x00,0x00,0x00,0x13,0x57,0x10,0x00,0x00,0x00,0x00,0x00,0x00,0x00,0x00,0x6f,0xff,0xff,0xff,0xff,0xff,0xff,
  0xff,0xf2,0x00,0x00,0x00,0x00,0x00,0x00,0x00,0x00,0x00,0x00,0x00,0x00,0x00,0x00,0x00,0x00,0x00,0x00,0x00,0x00,0x00,0x0e,0xff,0xff,0xff,0xff,0xff,0xff,0xff,0xf4,
  0x00,0x00,0x00,0x00,0x00,0x00,0x00,0x00,0x00,0x00,0x00,0x00,0x00,0x00,0x00,0x00,0x00,0x00,0x00,0x00,0x00,0x0a,0xff,0xff,0xff,0xff,0xff,0xff,0xff,0xf7,0x00,0x00,
  0x00,0x00,0x00,0x00,0x00,0x00,0x00,0x00,0x00,0x00,0x00,0x00,0x00,0x00,0x00,0x00,0x00,0x00,0x00,0x06,0xff,0xff,0xff,0xff,0xff,0xff,0xff,0xf8,0x00,0x00,0x00,0x00,
  0x00,0x00,0x00,0x00,0x00,0x00,0x00,0x00,0x00,0x00,0x00,0x00,0x00,0x00,0x00,0x00,0x00,0x04,0xff,0xff,0xff,0xff,0xff,0xff,0xff,0xfa,0x00,0x00,0x00,0x00,0x00,0x00,
  0x00,0x00,0x00,0x00,0x00,0x00,0x00,0x00,0x00,0x00,0x00,0x00,0x00,0x00,0x00,0x02,0xff,0xff,0xff,0xff,0xff,0xff,0xff,0xfa,0x00,0x00,0x00,0x00,0x00,0x00,0x00,0x00,
  0x00,0x00,0x00,0x00,0x00,0x00,0x00,0x00,0x00,0x00,0x00,0x00,0x00,0x02,0xff,0xff,0xff,0xff,0xff,0xff,0xff,0xfa,0x00,0x00,0x00,0x00,0xee,0xee,0xee,0xee,0xee,0xee,
  0xee,0xa0,0x00,0x00,0x00,0x00,0x00,0x00,0x00,0x00,0x00,0x03,0xff,0xff,0xff,0xff,0xff,0xff,0xff,0xfa,0x00,0x00,0x00,0x00,0xef,0xff,0xff,0xff,0xff,0xff,0xff,0xc0,
  0x00,0x00,0x00,0x00,0x00,0x00,0x00,0x00,0x00,0x04,0xff,0xff,0xff,0xff,0xff,0xff,0xff,0xf9,0x00,0x00,0x00,0x00,0xdf,0xff,0xff,0xff,0xff,0xff,0xff,0xf0,0x00,0x00,
  0x00,0x00,0x00,0x00,0x00,0x00,0x00,0x07,0xff,0xff,0xff,0xff,0xff,0xff,0xff,0xf8,0x00,0x00,0x00,0x00,0xbf,0xff,0xff,0xff,0xff,0xff,0xff,0xf2,0x00,0x00,0x00,0x00,
  0x00,0x00,0x00,0x00,0x00,0x0b,0xff,0xff,0xff,0xff,0xff,0xff,0xff,0xf5,0x00,0x00,0x00,0x00,0x9f,0xff,0xff,0xff,0xff,0xff,0xff,0xf8,0x00,0x00,0x00,0x00,0x00,0x00,
  0x00,0x00,0x00,0x1f,0xff,0xff,0xff,0xff,0xff,0xff,0xff,0xf3,0x00,0x00,0x00,0x00,0x6f,0xff,0xff,0xff,0xff,0xff,0xff,0xfe,0x00,0x00,0x00,0x00,0x00,0x00,0x00,0x00,
  0x00,0x8f,0xff,0xff,0xff,0xff,0xff,0xff,0xff,0xf0,0x00,0x00,0x00,0x00,0x2f,0xff,0xff,0xff,0xff,0xff,0xff,0xff,0x80,0x00,0x00,0x00,0x00,0x00,0x00,0x00,0x02,0xff,
  0xff,0xff,0xff,0xff,0xff,0xff,0xff,0xb0,0x00,0x00,0x00,0x00,0x0d,0xff,0xff,0xff,0xff,0xff,0xff,0xff,0xf5,0x00,0x00,0x00,0x00,0x00,0x00,0x00,0x1d,0xff,0xff,0xff,
  0xff,0xff,0xff,0xff,0xff,0x50,0x00,0x00,0x00,0x00,0x07,0xff,0xff,0xff,0xff,0xff,0xff,0xff,0xff,0x70,0x00,0x00,0x00,0x00,0x00,0x02,0xdf,0xff,0xff,0xff,0xff,0xff,
  0xff,0xff,0xff,0x00,0x00,0x00,0x00,0x00,0x01,0xff,0xff,0xff,0xff,0xff,0xff,0xff,0xff,0xfd,0x50,0x00,0x00,0x00,0x01,0x8f,0xff,0xff,0xff,0xff,0xff,0xff,0xff,0xff,
  0xf8,0x00,0x00,0x00,0x00,0x00,0x00,0x9f,0xff,0xff,0xff,0xff,0xff,0xff,0xff,0xff,0xff,0xb9,0x77,0x8a,0xdf,0xff,0xff,0xff,0xff,0xff,0xff,0xff,0xff,0xff,0xf1,0x00,
  0x00,0x00,0x00,0x00,0x00,0x1e,0xff,0xff,0xff,0xff,0xff,0xff,0xff,0xff,0xff,0xff,0xff,0xff,0xff,0xff,0xff,0xff,0xff,0xff,0xff,0xff,0xff,0xff,0x70,0x00,0x00,0x00,
  0x00,0x00,0x00,0x05,0xff,0xff,0xff,0xff,0xff,0xff,0xff,0xff,0xff,0xff,0xff,0xff,0xff,0xff,0xff,0xff,0xff,0xff,0xff,0xff,0xff,0xfc,0x00,0x00,0x00,0x00,0x00,0x00,
  0x00,0x00,0x9f,0xff,0xff,0xff,0xff,0xff,0xff,0xff,0xff,0xff,0xff,0xff,0xff,0xff,0xff,0xff,0xff,0xff,0xff,0xff,0xff,0xe1,0x00,0x00,0x00,0x00,0x00,0x00,0x00,0x00,
  0x0b,0xff,0xff,0xff,0xff,0xff,0xff,0xff,0xff,0xff,0xff,0xff,0xff,0xff,0xff,0xff,0xff,0xff,0xff,0xff,0xff,0x30,0x00,0x00,0x00,0x00,0x00,0x00,0x00,0x00,0x00,0xbf,
  0xff,0xff,0xff,0xff,0xff,0xff,0xff,0xff,0xff,0xff,0xff,0xff,0xff,0xff,0xff,0xff,0xff,0xff,0xf4,0x00,0x00,0x00,0x00,0x00,0x00,0x00,0x00,0x00,0x00,0x09,0xff,0xff,
  0xff,0xff,0xff,0xff,0xff,0xff,0xff,0xff,0xff,0xff,0xff,0xff,0xff,0xff,0xff,0xfe,0x30,0x00,0x00,0x00,0x00,0x00,0x00,0x00,0x00,0x00,0x00,0x00,0x5e,0xff,0xff,0xff,
  0xff,0xff,0xff,0xff,0xff,0xff,0xff,0xff,0xff,0xff,0xff,0xff,0xff,0xb1,0x00,0x00,0x00,0x00,0x00,0x00,0x00,0x00,0x00,0x00,0x00,0x00,0x01,0x9f,0xff,0xff,0xff,0xff,
  0xff,0xff,0xff,0xff,0xff,0xff,0xff,0xff,0xff,0xff,0xe5,0x00,0x00,0x00,0x00,0x00,0x00,0x00,0x00,0x00,0x00,0x00,0x00,0x00,0x00,0x01,0x8f,0xff,0xff,0xff,0xff,0xff,
  0xff,0xff,0xff,0xff,0xff,0xff,0xff,0xe7,0x00,0x00,0x00,0x00,0x00,0x00,0x00,0x00,0x00,0x00,0x00,0x00,0x00,0x00,0x00,0x00,0x00,0x5a,0xff,0xff,0xff,0xff,0xff,0xff,
  0xff,0xff,0xff,0xff,0xa4,0x00,0x00,0x00,0x00,0x00,0x00,0x00,0x00,0x00,0x00,0x00,0x00,0x00,0x00,0x00,0x00,0x00,0x00,0x00,0x03,0x69,0xce,0xff,0xff,0xff,0xff,0xfd,
  0xa7,0x30,0x00,0x00,0x00,0x00,0x00,0x00,0x00,0x00,0x00,0x00,0x00,0x00,0x00,0x00,0x00,0x00,0x00,0x00,0x00,0x00,0x00,0x00,0x00,0x00,0x12,0x22,0x10,0x00,0x00,0x00,
  0x00,0x00,0x00,0x00,0x00,0x00,0x00,0x00,0x00,0x00,0x00,0x00,0x00,0x00,0x00,0x00,0x00,0x00,0x00,0x00,0x00,0x00,0x00,0x00,0x01,0x11,0x10,0x00,0x00,0x00,0x00,0x00,
  0x00,0x00,0x00,0x00,0x00,0x00,0x00,0x00,0x00,0x00,0x00,0x00,0x00,0x00,0x00,0x00,0x00,0x00,0x00,0x26,0x9c,0xef,0xff,0xff,0xff,0xed,0xa7,0x40,0x00,0x00,0x00,0x00,
  0x00,0x00,0x00,0x00,0x00,0x00,0x00,0x00,0x00,0x00,0x00,0x00,0x00,0x00,0x00,0x03,0x9e,0xff,0xff,0xff,0xff,0xff,0xff,0xff,0xff,0xff,0xb5,0x00,0x00,0x00,0x00,0x00,
  0x00,0x00,0x00,0x00,0x00,0x00,0x00,0x00,0x00,0x00,0x00,0x00,0x05,0xdf,0xff,0xff,0xff,0xff,0xff,0xff,0xff,0xff,0xff,0xff,0xff,0xe7,0x00,0x00,0x00,0x00,0x00,0x00,
  0x00,0x00,0x00,0x00,0x00,0x00,0x00,0x00,0x00,0x03,0xcf,0xff,0xff,0xff,0xff,0xff,0xff,0xff,0xff,0xff,0xff,0xff,0xff,0xff,0xe5,0x00,0x00,0x00,0x00,0x00,0x00,0x00,
  0x00,0x00,0x00,0x00,0x00,0x00,0x00,0x7f,0xff,0xff,0xff,0xff,0xff,0xff,0xff,0xff,0xff,0xff,0xff,0xff,0xff,0xff,0xff,0xa1,0x00,0x00,0x00,0x00,0x00,0x00,0x00,0x00,
  0x00,0x00,0x00,0x00,0x09,0xff,0xff,0xff,0xff,0xff,0xff,0xff,0xff,0xff,0xff,0xff,0xff,0xff,0xff,0xff,0xff,0xfd,0x20,0x00,0x00,0x00,0x00,0x00,0x00,0x00,0x00,0x00,
  0x00,0x00,0xaf,0xff,0xff,0xff,0xff,0xff,0xff,0xff,0xff,0xff,0xff,0xff,0xff,0xff,0xff,0xff,0xff,0xff,0xe2,0x00,0x00,0x00,0x00,0x00,0x00,0x00,0x00,0x00,0x00,0x08,
  0xff,0xff,0xff,0xff,0xff,0xff,0xff,0xff,0xff,0xff,0xff,0xff,0xff,0xff,0xff,0xff,0xff,0xff,0xfd,0x10,0x00,0x00,0x00,0x00,0x00,0x00,0x00,0x00,0x00,0x4f,0xff,0xff,
  0xff,0xff,0xff,0xff,0xff,0xff,0xff,0xff,0xff,0xff,0xff,0xff,0xff,0xff,0xff,0xff,0xff,0xa0,0x00,0x00,0x00,0x00,0x00,0x00,0x00,0x00,0x01,0xef,0xff,0xff,0xff,0xff,
  0xff,0xff,0xff,0xff,0xff,0xff,0xff,0xff,0xff,0xff,0xff,0xff,0xff,0xff,0xff,0xf5,0x00,0x00,0x00,0x00,0x00,0x00,0x00,0x00,0x09,0xff,0xff,0xff,0xff,0xff,0xff,0xff,
  0xff,0xff,0xff,0xff,0xff,0xff,0xff,0xff,0xff,0xff,0xff,0xff,0xff,0xfe,0x00,0x00,0x00,0x00,0x00,0x00,0x00,0x00,0x2f,0xff,0xff,0xff,0xff,0xff,0xff,0xff,0xff,0xfb,
  0x75,0x55,0x7a,0xef,0xff,0xff,0xff,0xff,0xff,0xff,0xff,0xff,0x60,0x00,0x00,0x00,0x00,0x00,0x00,0x00,0xaf,0xff,0xff,0xff,0xff,0xff,0xff,0xff,0xf8,0x10,0x00,0x00,
  0x00,0x06,0xff,0xff,0xff,0xff,0xff,0xff,0xff,0xff,0xd0,0x00,0x00,0x00,0x00,0x00,0x00,0x01,0xff,0xff,0xff,0xff,0xff,0xff,0xff,0xff,0x30,0x00,0x00,0x00,0x00,0x00,
  0x2e,0xff,0xff,0xff,0xff,0xff,0xff,0xff,0xf3,0x00,0x00,0x00,0x00,0x00,0x00,0x07,0xff,0xff,0xff,0xff,0xff,0xff,0xff,0xf4,0x00,0x00,0x00,0x00,0x00,0x00,0x02,0xff,
  0xff,0xff,0xff,0xff,0xff,0xff,0xf8,0x00,0x00,0x00,0x00,0x00,0x00,0x0d,0xff,0xff,0xff,0xff,0xff,0xff,0xff,0xa0,0x00,0x00,0x00,0x00,0x00,0x00,0x00,0x7f,0xff,0xff,
  0xff,0xff,0xff,0xff,0xfc,0x00,0x00,0x00,0x00,0x00,0x00,0x2f,0xff,0xff,0xff,0xff,0xff,0xff,0xff,0x20,0x00,0x00,0x00,0x00,0x00,0x00,0x00,0x1f,0xff,0xff,0xff,0xff,
  0xff,0xff,0xff,0x00,0x00,0x00,0x00,0x00,0x00,0x7f,0xff,0xff,0xff,0xff,0xff,0xff,0xfc,0x00,0x00,0x00,0x00,0x00,0x00,0x00,0x00,0x0b,0xff,0xff,0xff,0xff,0xff,0xff,
  0xff,0x20,0x00,0x00,0x00,0x00,0x00,0xcf,0xff,0xff,0xff,0xff,0xff,0xff,0xf7,0x00,0x00,0x00,0x00,0x00,0x00,0x00,0x00,0x07,0xff,0xff,0xff,0xff,0xff,0xff,0xff,0x40,
  0x00,0x00,0x00,0x00,0x00,0xff,0xff,0xff,0xff,0xff,0xff,0xff,0xf3,0x00,0x00,0x00,0x00,0x00,0x00,0x00,0x00,0x05,0xff,0xff,0xff,0xff,0xff,0xff,0xff,0x50,0x00,0x00,
  0x00,0x00,0x03,0xff,0xff,0xff,0xff,0xff,0xff,0xff,0xf0,0x00,0x00,0x00,0x00,0x00,0x00,0x00,0x00,0x04,0xff,0xff,0xff,0xff,0xff,0xff,0xff,0x60,0x00,0x00,0x00,0x00,
  0x06,0xff,0xff,0xff,0xff,0xff,0xff,0xff,0xe0,0x00,0x00,0x00,0x00,0x00,0x00,0x00,0x00,0x01,0x66,0x66,0x66,0x66,0x66,0x66,0x66,0x20,0x00,0x00,0x00,0x00,0x09,0xff,
  0xff,0xff,0xff,0xff,0xff,0xff,0xc0,0x00,0x00,0x00,0x00,0x00,0x00,0x00,0x00,0x00,0x00,0x00,0x00,0x00,0x00,0x00,0x00,0x00,0x00,0x00,0x00,0x00,0x0c,0xff,0xff,0xff,
  0xff,0xff,0xff,0xff,0xa0,0x00,0x00,0x00,0x00,0x00,0x00,0x00,0x00,0x00,0x00,0x00,0x00,0x00,0x00,0x00,0x00,0x00,0x00,0x00,0x00,0x00,0x0e,0xff,0xff,0xff,0xff,0xff,
  0xff,0xff,0x80,0x00,0x00,0x00,0x00,0x00,0x01,0x21,0x10,0x00,0x00,0x00,0x00,0x00,0x00,0x00,0x00,0x00,0x00,0x00,0x00,0x00,0x0f,0xff,0xff,0xff,0xff,0xff,0xff,0xff,
  0x70,0x00,0x00,0x00,0x48,0xce,0xff,0xff,0xff,0xeb,0x85,0x10,0x00,0x00,0x00,0x00,0x00,0x00,0x00,0x00,0x00,0x00,0x2f,0xff,0xff,0xff,0xff,0xff,0xff,0xff,0x70,0x00,
  0x02,0x9e,0xff,0xff,0xff,0xff,0xff,0xff,0xff,0xfb,0x50,0x00,0x00,0x00,0x00,0x00,0x00,0x00,0x00,0x00,0x3f,0xff,0xff,0xff,0xff,0xff,0xff,0xff,0x60,0x02,0xaf,0xff,
  0xff,0xff,0xff,0xff,0xff,0xff,0xff,0xff,0xfd,0x50,0x00,0x00,0x00,0x00,0x00,0x00,0x00,0x00,0x5f,0xff,0xff,0xff,0xff,0xff,0xff,0xff,0x60,0x7f,0xff,0xff,0xff,0xff,
  0xff,0xff,0xff,0xff,0xff,0xff,0xff,0xfc,0x20,0x00,0x00,0x00,0x00,0x00,0x00,0x00,0x6f,0xff,0xff,0xff,0xff,0xff,0xff,0xff,0x6b,0xff,0xff,0xff,0xff,0xff,0xff,0xff,
  0xff,0xff,0xff,0xff,0xff,0xff,0xf5,0x00,0x00,0x00,0x00,0x00,0x00,0x00,0x7f,0xff,0xff,0xff,0xff,0xff,0xff,0xff,0xff,0xff,0xff,0xff,0xff,0xff,0xff,0xff,0xff,0xff,
  0xff,0xff,0xff,0xff,0xff,0x70,0x00,0x00,0x00,0x00,0x00,0x00,0x7f,0xff,0xff,0xff,0xff,0xff,0xff,0xff,0xff,0xff,0xff,0xff,0xff,0xff,0xff,0xff,0xff,0xff,0xff,0xff,
  0xff,0xff,0xff,0xf6,0x00,0x00,0x00,0x00,0x00,0x00,0x8f,0xff,0xff,0xff,0xff,0xff,0xff,0xff,0xff,0xff,0xff,0xff,0xff,0xff,0xff,0xff,0xff,0xff,0xff,0xff,0xff,0xff,
  0xff,0xff,0x40,0x00,0x00,0x00,0x00,0x00,0x8f,0xff,0xff,0xff,0xff,0xff,0xff,0xff,0xff,0xff,0xff,0xff,0xff,0xff,0xff,0xff,0xff,0xff,0xff,0xff,0xff,0xff,0xff,0xff,
  0xe1,0x00,0x00,0x00,0x00,0x00,0x9f,0xff,0xff,0xff,0xff,0xff,0xff,0xff,0xff,0xff,0xff,0xff,0xff,0xff,0xff,0xff,0xff,0xff,0xff,0xff,0xff,0xff,0xff,0xff,0xf9,0x00,
  0x00,0x00,0x00,0x00,0x9f,0xff,0xff,0xff,0xff,0xff,0xff,0xff,0xff,0xff,0xff,0xfb,0x75,0x55,0x69,0xef,0xff,0xff,0xff,0xff,0xff,0xff,0xff,0xff,0xff,0x20,0x00,0x00,
  0x00,0x00,0x9f,0xff,0xff,0xff,0xff,0xff,0xff,0xff,0xff,0xff,0xf8,0x10,0x00,0x00,0x00,0x04,0xdf,0xff,0xff,0xff,0xff,0xff,0xff,0xff,0xff,0x90,0x00,0x00,0x00,0x00,
  0x8f,0xff,0xff,0xff,0xff,0xff,0xff,0xff,0xff,0xfe,0x20,0x00,0x00,0x00,0x00,0x00,0x0a,0xff,0xff,0xff,0xff,0xff,0xff,0xff,0xff,0xf0,0x00,0x00,0x00,0x00,0x8f,0xff,
  0xff,0xff,0xff,0xff,0xff,0xff,0xff,0xe2,0x00,0x00,0x00,0x00,0x00,0x00,0x00,0xaf,0xff,0xff,0xff,0xff,0xff,0xff,0xff,0xf5,0x00,0x00,0x00,0x00,0x7f,0xff,0xff,0xff,
  0xff,0xff,0xff,0xff,0xff,0x50,0x00,0x00,0x00,0x00,0x00,0x00,0x00,0x0e,0xff,0xff,0xff,0xff,0xff,0xff,0xff,0xfa,0x00,0x00,0x00,0x00,0x7f,0xff,0xff,0xff,0xff,0xff,
  0xff,0xff,0xfc,0x00,0x00,0x00,0x00,0x00,0x00,0x00,0x00,0x06,0xff,0xff,0xff,0xff,0xff,0xff,0xff,0xfd,0x00,0x00,0x00,0x00,0x5f,0xff,0xff,0xff,0xff,0xff,0xff,0xff,
  0xf6,0x00,0x00,0x00,0x00,0x00,0x00,0x00,0x00,0x00,0xff,0xff,0xff,0xff,0xff,0xff,0xff,0xff,0x00,0x00,0x00,0x00,0x4f,0xff,0xff,0xff,0xff,0xff,0xff,0xff,0xf1,0x00,
  0x00,0x00,0x00,0x00,0x00,0x00,0x00,0x00,0xbf,0xff,0xff,0xff,0xff,0xff,0xff,0xff,0x20,0x00,0x00,0x00,0x3f,0xff,0xff,0xff,0xff,0xff,0xff,0xff,0xe0,0x00,0x00,0x00,
  0x00,0x00,0x00,0x00,0x00,0x00,0x8f,0xff,0xff,0xff,0xff,0xff,0xff,0xff,0x40,0x00,0x00,0x00,0x1f,0xff,0xff,0xff,0xff,0xff,0xff,0xff,0xc0,0x00,0x00,0x00,0x00,0x00,
  0x00,0x00,0x00,0x00,0x6f,0xff,0xff,0xff,0xff,0xff,0xff,0xff,0x50,0x00,0x00,0x00,0x0f,0xff,0xff,0xff,0xff,0xff,0xff,0xff,0xc0,0x00,0x00,0x00,0x00,0x00,0x00,0x00,
  0x00,0x00,0x5f,0xff,0xff,0xff,0xff,0xff,0xff,0xff,0x50,0x00,0x00,0x00,0x0c,0xff,0xff,0xff,0xff,0xff,0xff,0xff,0xb0,0x00,0x00,0x00,0x00,0x00,0x00,0x00,0x00,0x00,
  0x4f,0xff,0xff,0xff,0xff,0xff,0xff,0xff,0x50,0x00,0x00,0x00,0x09,0xff,0xff,0xff,0xff,0xff,0xff,0xff,0xc0,0x00,0x00,0x00,0x00,0x00,0x00,0x00,0x00,0x00,0x5f,0xff,
  0xff,0xff,0xff,0xff,0xff,0xff,0x40,0x00,0x00,0x00,0x06,0xff,0xff,0xff,0xff,0xff,0xff,0xff,0xe0,0x00,0x00,0x00,0x00,0x00,0x00,0x00,0x00,0x00,0x7f,0xff,0xff,0xff,
  0xff,0xff,0xff,0xff,0x30,0x00,0x00,0x00,0x03,0xff,0xff,0xff,0xff,0xff,0xff,0xff,0xf1,0x00,0x00,0x00,0x00,0x00,0x00,0x00,0x00,0x00,0xaf,0xff,0xff,0xff,0xff,0xff,
  0xff,0xff,0x10,0x00,0x00,0x00,0x00,0xef,0xff,0xff,0xff,0xff,0xff,0xff,0xf6,0x00,0x00,0x00,0x00,0x00,0x00,0x00,0x00,0x00,0xef,0xff,0xff,0xff,0xff,0xff,0xff,0xff,
  0x00,0x00,0x00,0x00,0x00,0xaf,0xff,0xff,0xff,0xff,0xff,0xff,0xfc,0x00,0x00,0x00,0x00,0x00,0x00,0x00,0x00,0x04,0xff,0xff,0xff,0xff,0xff,0xff,0xff,0xfb,0x00,0x00,
  0x00,0x00,0x00,0x5f,0xff,0xff,0xff,0xff,0xff,0xff,0xff,0x40,0x00,0x00,0x00,0x00,0x00,0x00,0x00,0x0c,0xff,0xff,0xff,0xff,0xff,0xff,0xff,0xf7,0x00,0x00,0x00,0x00,
  0x00,0x0f,0xff,0xff,0xff,0xff,0xff,0xff,0xff,0xe1,0x00,0x00,0x00,0x00,0x00,0x00,0x00,0x7f,0xff,0xff,0xff,0xff,0xff,0xff,0xff,0xf2,0x00,0x00,0x00,0x00,0x00,0x09,
  0xff,0xff,0xff,0xff,0xff,0xff,0xff,0xfd,0x20,0x00,0x00,0x00,0x00,0x00,0x07,0xff,0xff,0xff,0xff,0xff,0xff,0xff,0xff,0xc0,0x00,0x00,0x00,0x00,0x00,0x02,0xff,0xff,
  0xff,0xff,0xff,0xff,0xff,0xff,0xf7,0x00,0x00,0x00,0x00,0x02,0xbf,0xff,0xff,0xff,0xff,0xff,0xff,0xff,0xff,0x60,0x00,0x00,0x00,0x00,0x00,0x00,0xaf,0xff,0xff,0xff,
  0xff,0xff,0xff,0xff,0xff,0xfa,0x75,0x44,0x68,0xcf,0xff,0xff,0xff,0xff,0xff,0xff,0xff,0xff,0xfd,0x00,0x00,0x00,0x00,0x00,0x00,0x00,0x2f,0xff,0xff,0xff,0xff,0xff,
  0xff,0xff,0xff,0xff,0xff,0xff,0xff,0xff,0xff,0xff,0xff,0xff,0xff,0xff,0xff,0xff,0xf4,0x00,0x00,0x00,0x00,0x00,0x00,0x00,0x07,0xff,0xff,0xff,0xff,0xff,0xff,0xff,
  0xff,0xff,0xff,0xff,0xff,0xff,0xff,0xff,0xff,0xff,0xff,0xff,0xff,0xff,0xa0,0x00,0x00,0x00,0x00,0x00,0x00,0x00,0x00,0xbf,0xff,0xff,0xff,0xff,0xff,0xff,0xff,0xff,
  0xff,0xff,0xff,0xff,0xff,0xff,0xff,0xff,0xff,0xff,0xff,0xfd,0x00,0x00,0x00,0x00,0x00,0x00,0x00,0x00,0x00,0x1d,0xff,0xff,0xff,0xff,0xff,0xff,0xff,0xff,0xff,0xff,
  0xff,0xff,0xff,0xff,0xff,0xff,0xff,0xff,0xff,0xe2,0x00,0x00,0x00,0x00,0x00,0x00,0x00,0x00,0x00,0x02,0xef,0xff,0xff,0xff,0xff,0xff,0xff,0xff,0xff,0xff,0xff,0xff,
  0xff,0xff,0xff,0xff,0xff,0xff,0xfe,0x20,0x00,0x00,0x00,0x00,0x00,0x00,0x00,0x00,0x00,0x00,0x1d,0xff,0xff,0xff,0xff,0xff,0xff,0xff,0xff,0xff,0xff,0xff,0xff,0xff,
  0xff,0xff,0xff,0xff,0xd2,0x00,0x00,0x00,0x00,0x00,0x00,0x00,0x00,0x00,0x00,0x00,0x00,0xaf,0xff,0xff,0xff,0xff,0xff,0xff,0xff,0xff,0xff,0xff,0xff,0xff,0xff,0xff,
  0xff,0xf9,0x00,0x00,0x00,0x00,0x00,0x00,0x00,0x00,0x00,0x00,0x00,0x00,0x00,0x05,0xef,0xff,0xff,0xff,0xff,0xff,0xff,0xff,0xff,0xff,0xff,0xff,0xff,0xff,0xfd,0x30,
  0x00,0x00,0x00,0x00,0x00,0x00,0x00,0x00,0x00,0x00,0x00,0x00,0x00,0x00,0x07,0xef,0xff,0xff,0xff,0xff,0xff,0xff,0xff,0xff,0xff,0xff,0xff,0xfc,0x50,0x00,0x00,0x00,
  0x00,0x00,0x00,0x00,0x00,0x00,0x00,0x00,0x00,0x00,0x00,0x00,0x00,0x04,0xaf,0xff,0xff,0xff,0xff,0xff,0xff,0xff,0xff,0xff,0xe9,0x30,0x00,0x00,0x00,0x00,0x00,0x00,
  0x00,0x00,0x00,0x00,0x00,0x00,0x00,0x00,0x00,0x00,0x00,0x00,0x00,0x37,0xac,0xef,0xff,0xff,0xff,0xfe,0xc9,0x62,0x00,0x00,0x00,0x00,0x00,0x00,0x00,0x00,0x00,0x00,
  0x00,0x00,0x00,0x00,0x00,0x00,0x00,0x00,0x00,0x00,0x00,0x00,0x00,0x00,0x12,0x22,0x11,0x00,0x00,0x00,0x00,0x00,0x00,0x00,0x00,0x00,0x00,0x00,0x00,0x00,0x00,0x00,
  0xaf,0xff,0xff,0xff,0xff,0xff,0xff,0xff,0xff,0xff,0xff,0xff,0xff,0xff,0xff,0xff,0xff,0xff,0xff,0xff,0xff,0xff,0xff,0xff,0xff,0xff,0x00,0x00,0x00,0x00,0xbf,0xff,
  0xff,0xff,0xff,0xff,0xff,0xff,0xff,0xff,0xff,0xff,0xff,0xff,0xff,0xff,0xff,0xff,0xff,0xff,0xff,0xff,0xff,0xff,0xff,0xff,0x10,0x00,0x00,0x00,0xbf,0xff,0xff,0xff,
  0xff,0xff,0xff,0xff,0xff,0xff,0xff,0xff,0xff,0xff,0xff,0xff,0xff,0xff,0xff,0xff,0xff,0xff,0xff,0xff,0xff,0xff,0x10,0x00,0x00,0x00,0xbf,0xff,0xff,0xff,0xff,0xff,
  0xff,0xff,0xff,0xff,0xff,0xff,0xff,0xff,0xff,0xff,0xff,0xff,0xff,0xff,0xff,0xff,0xff,0xff,0xff,0xff,0x10,0x00,0x00,0x00,0xbf,0xff,0xff,0xff,0xff,0xff,0xff,0xff,
  0xff,0xff,0xff,0xff,0xff,0xff,0xff,0xff,0xff,0xff,0xff,0xff,0xff,0xff,0xff,0xff,0xff,0xff,0x10,0x00,0x00,0x00,0xbf,0xff,0xff,0xff,0xff,0xff,0xff,0xff,0xff,0xff,
  0xff,0xff,0xff,0xff,0xff,0xff,0xff,0xff,0xff,0xff,0xff,0xff,0xff,0xff,0xff,0xff,0x10,0x00,0x00,0x00,0xbf,0xff,0xff,0xff,0xff,0xff,0xff,0xff,0xff,0xff,0xff,0xff,
  0xff,0xff,0xff,0xff,0xff,0xff,0xff,0xff,0xff,0xff,0xff,0xff,0xff,0xff,0x10,0x00,0x00,0x00,0xbf,0xff,0xff,0xff,0xff,0xff,0xff,0xff,0xff,0xff,0xff,0xff,0xff,0xff,
  0xff,0xff,0xff,0xff,0xff,0xff,0xff,0xff,0xff,0xff,0xff,0xff,0x10,0x00,0x00,0x00,0xbf,0xff,0xff,0xff,0xff,0xff,0xff,0xff,0xff,0xff,0xff,0xff,0xff,0xff,0xff,0xff,
  0xff,0xff,0xff,0xff,0xff,0xff,0xff,0xff,0xff,0xfd,0x00,0x00,0x00,0x00,0xbf,0xff,0xff,0xff,0xff,0xff,0xff,0xff,0xff,0xff,0xff,0xff,0xff,0xff,0xff,0xff,0xff,0xff,
  0xff,0xff,0xff,0xff,0xff,0xff,0xff,0xf2,0x00,0x00,0x00,0x00,0xbf,0xff,0xff,0xff,0xff,0xff,0xff,0xff,0xff,0xff,0xff,0xff,0xff,0xff,0xff,0xff,0xff,0xff,0xff,0xff,
  0xff,0xff,0xff,0xff,0xff,0x40,0x00,0x00,0x00,0x00,0xbf,0xff,0xff,0xff,0xff,0xff,0xff,0xff,0xff,0xff,0xff,0xff,0xff,0xff,0xff,0xff,0xff,0xff,0xff,0xff,0xff,0xff,
  0xff,0xff,0xf8,0x00,0x00,0x00,0x00,0x00,0xbf,0xff,0xff,0xff,0xff,0xff,0xff,0xff,0xff,0xff,0xff,0xff,0xff,0xff,0xff,0xff,0xff,0xff,0xff,0xff,0xff,0xff,0xff,0xff,
  0xb0,0x00,0x00,0x00,0x00,0x00,0x9e,0xee,0xee,0xee,0xee,0xee,0xee,0xee,0xee,0xee,0xee,0xee,0xee,0xee,0xee,0xee,0xef,0xff,0xff,0xff,0xff,0xff,0xff,0xfe,0x10,0x00,
  0x00,0x00,0x00,0x00,0x00,0x00,0x00,0x00,0x00,0x00,0x00,0x00,0x00,0x00,0x00,0x00,0x00,0x00,0x00,0x01,0xdf,0xff,0xff,0xff,0xff,0xff,0xff,0xf3,0x00,0x00,0x00,0x00,
  0x00,0x00,0x00,0x00,0x00,0x00,0x00,0x00,0x00,0x00,0x00,0x00,0x00,0x00,0x00,0x00,0x00,0x0b,0xff,0xff,0xff,0xff,0xff,0xff,0xff,0x70,0x00,0x00,0x00,0x00,0x00,0x00,
  0x00,0x00,0x00,0x00,0x00,0x00,0x00,0x00,0x00,0x00,0x00,0x00,0x00,0x00,0x00,0x9f,0xff,0xff,0xff,0xff,0xff,0xff,0xfb,0x00,0x00,0x00,0x00,0x00,0x00,0x00,0x00,0x00,
  0x00,0x00,0x00,0x00,0x00,0x00,0x00,0x00,0x00,0x00,0x00,0x00,0x05,0xff,0xff,0xff,0xff,0xff,0xff,0xff,0xe1,0x00,0x00,0x00,0x00,0x00,0x00,0x00,0x00,0x00,0x00,0x00,
  0x00,0x00,0x00,0x00,0x00,0x00,0x00,0x00,0x00,0x00,0x2f,0xff,0xff,0xff,0xff,0xff,0xff,0xff,0x40,0x00,0x00,0x00,0x00,0x00,0x00,0x00,0x00,0x00,0x00,0x00,0x00,0x00,
  0x00,0x00,0x00,0x00,0x00,0x00,0x00,0x00,0xdf,0xff,0xff,0xff,0xff,0xff,0xff,0xf9,0x00,0x00,0x00,0x00,0x00,0x00,0x00,0x00,0x00,0x00,0x00,0x00,0x00,0x00,0x00,0x00,
  0x00,0x00,0x00,0x00,0x00,0x09,0xff,0xff,0xff,0xff,0xff,0xff,0xff,0xd0,0x00,0x00,0x00,0x00,0x00,0x00,0x00,0x00,0x00,0x00,0x00,0x00,0x00,0x00,0x00,0x00,0x00,0x00,
  0x00,0x00,0x00,0x5f,0xff,0xff,0xff,0xff,0xff,0xff,0xff,0x30,0x00,0x00,0x00,0x00,0x00,0x00,0x00,0x00,0x00,0x00,0x00,0x00,0x00,0x00,0x00,0x00,0x00,0x00,0x00,0x00,
  0x01,0xff,0xff,0xff,0xff,0xff,0xff,0xff,0xf8,0x00,0x00,0x00,0x00,0x00,0x00,0x00,0x00,0x00,0x00,0x00,0x00,0x00,0x00,0x00,0x00,0x00,0x00,0x00,0x00,0x00,0x0b,0xff,
  0xff,0xff,0xff,0xff,0xff,0xff,0xd0,0x00,0x00,0x00,0x00,0x00,0x00,0x00,0x00,0x00,0x00,0x00,0x00,0x00,0x00,0x00,0x00,0x00,0x00,0x00,0x00,0x00,0x6f,0xff,0xff,0xff,
  0xff,0xff,0xff,0xff,0x40,0x00,0x00,0x00,0x00,0x00,0x00,0x00,0x00,0x00,0x00,0x00,0x00,0x00,0x00,0x00,0x00,0x00,0x00,0x00,0x00,0x01,0xff,0xff,0xff,0xff,0xff,0xff,
  0xff,0xfa,0x00,0x00,0x00,0x00,0x00,0x00,0x00,0x00,0x00,0x00,0x00,0x00,0x00,0x00,0x00,0x00,0x00,0x00,0x00,0x00,0x00,0x0b,0xff,0xff,0xff,0xff,0xff,0xff,0xff,0xf1,
  0x00,0x00,0x00,0x00,0x00,0x00,0x00,0x00,0x00,0x00,0x00,0x00,0x00,0x00,0x00,0x00,0x00,0x00,0x00,0x00,0x00,0x5f,0xff,0xff,0xff,0xff,0xff,0xff,0xff,0x60,0x00,0x00,
  0x00,0x00,0x00,0x00,0x00,0x00,0x00,0x00,0x00,0x00,0x00,0x00,0x00,0x00,0x00,0x00,0x00,0x00,0x00,0xef,0xff,0xff,0xff,0xff,0xff,0xff,0xfd,0x00,0x00,0x00,0x00,0x00,
  0x00,0x00,0x00,0x00,0x00,0x00,0x00,0x00,0x00,0x00,0x00,0x00,0x00,0x00,0x00,0x00,0x08,0xff,0xff,0xff,0xff,0xff,0xff,0xff,0xf4,0x00,0x00,0x00,0x00,0x00,0x00,0x00,
  0x00,0x00,0x00,0x00,0x00,0x00,0x00,0x00,0x00,0x00,0x00,0x00,0x00,0x00,0x1f,0xff,0xff,0xff,0xff,0xff,0xff,0xff,0xb0,0x00,0x00,0x00,0x00,0x00,0x00,0x00,0x00,0x00,
  0x00,0x00,0x00,0x00,0x00,0x00,0x00,0x00,0x00,0x00,0x00,0x00,0xaf,0xff,0xff,0xff,0xff,0xff,0xff,0xff,0x30,0x00,0x00,0x00,0x00,0x00,0x00,0x00,0x00,0x00,0x00,0x00,
  0x00,0x00,0x00,0x00,0x00,0x00,0x00,0x00,0x00,0x02,0xff,0xff,0xff,0xff,0xff,0xff,0xff,0xfa,0x00,0x00,0x00,0x00,0x00,0x00,0x00,0x00,0x00,0x00,0x00,0x00,0x00,0x00,
  0x00,0x00,0x00,0x00,0x00,0x00,0x00,0x0b,0xff,0xff,0xff,0xff,0xff,0xff,0xff,0xf2,0x00,0x00,0x00,0x00,0x00,0x00,0x00,0x00,0x00,0x00,0x00,0x00,0x00,0x00,0x00,0x00,
  0x00,0x00,0x00,0x00,0x00,0x3f,0xff,0xff,0xff,0xff,0xff,0xff,0xff,0xa0,0x00,0x00,0x00,0x00,0x00,0x00,0x00,0x00,0x00,0x00,0x00,0x00,0x00,0x00,0x00,0x00,0x00,0x00,
  0x00,0x00,0x00,0xbf,0xff,0xff,0xff,0xff,0xff,0xff,0xff,0x30,0x00,0x00,0x00,0x00,0x00,0x00,0x00,0x00,0x00,0x00,0x00,0x00,0x00,0x00,0x00,0x00,0x00,0x00,0x00,0x00,
  0x03,0xff,0xff,0xff,0xff,0xff,0xff,0xff,0xfb,0x00,0x00,0x00,0x00,0x00,0x00,0x00,0x00,0x00,0x00,0x00,0x00,0x00,0x00,0x00,0x00,0x00,0x00,0x00,0x00,0x00,0x0a,0xff,
  0xff,0xff,0xff,0xff,0xff,0xff,0xf4,0x00,0x00,0x00,0x00,0x00,0x00,0x00,0x00,0x00,0x00,0x00,0x00,0x00,0x00,0x00,0x00,0x00,0x00,0x00,0x00,0x00,0x2f,0xff,0xff,0xff,
  0xff,0xff,0xff,0xff,0xd0,0x00,0x00,0x00,0x00,0x00,0x00,0x00,0x00,0x00,0x00,0x00,0x00,0x00,0x00,0x00,0x00,0x00,0x00,0x00,0x00,0x00,0x9f,0xff,0xff,0xff,0xff,0xff,
  0xff,0xff,0x60,0x00,0x00,0x00,0x00,0x00,0x00,0x00,0x00,0x00,0x00,0x00,0x00,0x00,0x00,0x00,0x00,0x00,0x00,0x00,0x00,0x00,0xff,0xff,0xff,0xff,0xff,0xff,0xff,0xff,
  0x10,0x00,0x00,0x00,0x00,0x00,0x00,0x00,0x00,0x00,0x00,0x00,0x00,0x00,0x00,0x00,0x00,0x00,0x00,0x00,0x00,0x06,0xff,0xff,0xff,0xff,0xff,0xff,0xff,0xfa,0x00,0x00,
  0x00,0x00,0x00,0x00,0x00,0x00,0x00,0x00,0x00,0x00,0x00,0x00,0x00,0x00,0x00,0x00,0x00,0x00,0x00,0x0c,0xff,0xff,0xff,0xff,0xff,0xff,0xff,0xf4,0x00,0x00,0x00,0x00,
  0x00,0x00,0x00,0x00,0x00,0x00,0x00,0x00,0x00,0x00,0x00,0x00,0x00,0x00,0x00,0x00,0x00,0x2f,0xff,0xff,0xff,0xff,0xff,0xff,0xff,0xe0,0x00,0x00,0x00,0x00,0x00,0x00,
  0x00,0x00,0x00,0x00,0x00,0x00,0x00,0x00,0x00,0x00,0x00,0x00,0x00,0x00,0x00,0x8f,0xff,0xff,0xff,0xff,0xff,0xff,0xff,0xa0,0x00,0x00,0x00,0x00,0x00,0x00,0x00,0x00,
  0x00,0x00,0x00,0x00,0x00,0x00,0x00,0x00,0x00,0x00,0x00,0x00,0x00,0xdf,0xff,0xff,0xff,0xff,0xff,0xff,0xff,0x50,0x00,0x00,0x00,0x00,0x00,0x00,0x00,0x00,0x00,0x00,
  0x00,0x00,0x00,0x00,0x00,0x00,0x00,0x00,0x00,0x00,0x02,0xff,0xff,0xff,0xff,0xff,0xff,0xff,0xff,0x10,0x00,0x00,0x00,0x00,0x00,0x00,0x00,0x00,0x00,0x00,0x00,0x00,
  0x00,0x00,0x00,0x00,0x00,0x00,0x00,0x00,0x07,0xff,0xff,0xff,0xff,0xff,0xff,0xff,0xfc,0x00,0x00,0x00,0x00,0x00,0x00,0x00,0x00,0x00,0x00,0x00,0x00,0x00,0x00,0x00,
  0x00,0x00,0x00,0x00,0x00,0x00,0x0c,0xff,0xff,0xff,0xff,0xff,0xff,0xff,0xf8,0x00,0x00,0x00,0x00,0x00,0x00,0x00,0x00,0x00,0x00,0x00,0x00,0x00,0x00,0x00,0x00,0x00,
  0x00,0x00,0x00,0x00,0x1f,0xff,0xff,0xff,0xff,0xff,0xff,0xff,0xf4,0x00,0x00,0x00,0x00,0x00,0x00,0x00,0x00,0x00,0x00,0x00,0x00,0x00,0x00,0x00,0x00,0x00,0x00,0x00,
  0x00,0x00,0x5f,0xff,0xff,0xff,0xff,0xff,0xff,0xff,0xf1,0x00,0x00,0x00,0x00,0x00,0x00,0x00,0x00,0x00,0x00,0x00,0x00,0x00,0x00,0x00,0x00,0x00,0x00,0x00,0x00,0x00,
  0x9f,0xff,0xff,0xff,0xff,0xff,0xff,0xff,0xe0,0x00,0x00,0x00,0x00,0x00,0x00,0x00,0x00,0x00,0x00,0x00,0x00,0x00,0x00,0x00,0x00,0x00,0x00,0x00,0x00,0x00,0xcf,0xff,
  0xff,0xff,0xff,0xff,0xff,0xff,0xb0,0x00,0x00,0x00,0x00,0x00,0x00,0x00,0x00,0x00,0x00,0x00,0x00,0x00,0x00,0x00,0x00,0x00,0x00,0x00,0x00,0x00,0xff,0xff,0xff,0xff,
  0xff,0xff,0xff,0xff,0x90,0x00,0x00,0x00,0x00,0x00,0x00,0x00,0x00,0x00,0x00,0x00,0x00,0x00,0x00,0x00,0x00,0x00,0x00,0x00,0x00,0x03,0xff,0xff,0xff,0xff,0xff,0xff,
  0xff,0xff,0x70,0x00,0x00,0x00,0x00,0x00,0x00,0x00,0x00,0x00,0x00,0x00,0x00,0x00,0x00,0x00,0x00,0x00,0x00,0x00,0x00,0x06,0xff,0xff,0xff,0xff,0xff,0xff,0xff,0xff,
  0x50,0x00,0x00,0x00,0x00,0x00,0x00,0x00,0x00,0x00,0x00,0x00,0x00,0x00,0x00,0x00,0x00,0x00,0x00,0x00,0x00,0x09,0xff,0xff,0xff,0xff,0xff,0xff,0xff,0xff,0x30,0x00,
  0x00,0x00,0x00,0x00,0x00,0x00,0x00,0x00,0x00,0x00,0x00,0x00,0x00,0x00,0x00,0x00,0x00,0x00,0x00,0x0b,0xff,0xff,0xff,0xff,0xff,0xff,0xff,0xff,0x20,0x00,0x00,0x00,
  0x00,0x00,0x00,0x00,0x00,0x00,0x00,0x00,0x00,0x00,0x00,0x00,0x00,0x00,0x00,0x00,0x00,0x0d,0xff,0xff,0xff,0xff,0xff,0xff,0xff,0xff,0x10,0x00,0x00,0x00,0x00,0x00,
  0x00,0x00,0x00,0x00,0x00,0x00,0x00,0x00,0x00,0x00,0x00,0x00,0x00,0x00,0x00,0x0f,0xff,0xff,0xff,0xff,0xff,0xff,0xff,0xff,0x10,0x00,0x00,0x00,0x00,0x00,0x00,0x00,
  0x00,0x00,0x00,0x00,0x00,0x00,0x00,0x00,0x00,0x00,0x00,0x00,0x00,0x1f,0xff,0xff,0xff,0xff,0xff,0xff,0xff,0xff,0x10,0x00,0x00,0x00,0x00,0x00,0x00,0x00,0x00,0x00,
  0x00,0x00,0x00,0x00,0x00,0x00,0x00,0x00,0x00,0x00,0x00,0x2f,0xff,0xff,0xff,0xff,0xff,0xff,0xff,0xff,0x10,0x00,0x00,0x00,0x00,0x00,0x00,0x00,0x00,0x00,0x00,0x00,
  0x00,0x00,0x00,0x00,0x00,0x00,0x00,0x00,0x00,0x3f,0xff,0xff,0xff,0xff,0xff,0xff,0xff,0xff,0x10,0x00,0x00,0x00,0x00,0x00,0x00,0x00,0x00,0x00,0x00,0x00,0x00,0x00,
  0x00,0x00,0x00,0x00,0x00,0x00,0x00,0x4f,0xff,0xff,0xff,0xff,0xff,0xff,0xff,0xff,0x10,0x00,0x00,0x00,0x00,0x00,0x00,0x00,0x00,0x00,0x00,0x00,0x00,0x00,0x00,0x00,
  0x00,0x00,0x00,0x00,0x00,0x4f,0xff,0xff,0xff,0xff,0xff,0xff,0xff,0xff,0x10,0x00,0x00,0x00,0x00,0x00,0x00,0x00,0x00,0x00,0x00,0x00,0x00,0x00,0x00,0x00,0x00,0x00,
  0x00,0x00,0x00,0x4f,0xff,0xff,0xff,0xff,0xff,0xff,0xff,0xff,0x10,0x00,0x00,0x00,0x00,0x00,0x00,0x00,0x00,0x00,0x00,0x00,0x00,0x00,0x00,0x00,0x00,0x00,0x00,0x00,
  0x00,0x00,0x00,0x00,0x00,0x00,0x00,0x00,0x11,0x11,0x00,0x00,0x00,0x00,0x00,0x00,0x00,0x00,0x00,0x00,0x00,0x00,0x00,0x00,0x00,0x00,0x00,0x00,0x00,0x00,0x00,0x00,
  0x00,0x00,0x02,0x59,0xbd,0xff,0xff,0xff,0xff,0xdb,0x85,0x10,0x00,0x00,0x00,0x00,0x00,0x00,0x00,0x00,0x00,0x00,0x00,0x00,0x00,0x00,0x00,0x00,0x00,0x00,0x00,0x38,
  0xdf,0xff,0xff,0xff,0xff,0xff,0xff,0xff,0xff,0xfd,0x82,0x00,0x00,0x00,0x00,0x00,0x00,0x00,0x00,0x00,0x00,0x00,0x00,0x00,0x00,0x00,0x00,0x00,0x5c,0xff,0xff,0xff,
  0xff,0xff,0xff,0xff,0xff,0xff,0xff,0xff,0xff,0xb4,0x00,0x00,0x00,0x00,0x00,0x00,0x00,0x00,0x00,0x00,0x00,0x00,0x00,0x00,0x00,0x3c,0xff,0xff,0xff,0xff,0xff,0xff,
  0xff,0xff,0xff,0xff,0xff,0xff,0xff,0xff,0xb2,0x00,0x00,0x00,0x00,0x00,0x00,0x00,0x00,0x00,0x00,0x00,0x00,0x00,0x08,0xff,0xff,0xff,0xff,0xff,0xff,0xff,0xff,0xff,
  0xff,0xff,0xff,0xff,0xff,0xff,0xff,0x70,0x00,0x00,0x00,0x00,0x00,0x00,0x00,0x00,0x00,0x00,0x00,0x01,0xcf,0xff,0xff,0xff,0xff,0xff,0xff,0xff,0xff,0xff,0xff,0xff,
  0xff,0xff,0xff,0xff,0xff,0xfb,0x00,0x00,0x00,0x00,0x00,0x00,0x00,0x00,0x00,0x00,0x00,0x1d,0xff,0xff,0xff,0xff,0xff,0xff,0xff,0xff,0xff,0xff,0xff,0xff,0xff,0xff,
  0xff,0xff,0xff,0xff,0xc0,0x00,0x00,0x00,0x00,0x00,0x00,0x00,0x00,0x00,0x00,0xcf,0xff,0xff,0xff,0xff,0xff,0xff,0xff,0xff,0xff,0xff,0xff,0xff,0xff,0xff,0xff,0xff,
  0xff,0xff,0xfc,0x00,0x00,0x00,0x00,0x00,0x00,0x00,0x00,0x00,0x0a,0xff,0xff,0xff,0xff,0xff,0xff,0xff,0xff,0xff,0xff,0xff,0xff,0xff,0xff,0xff,0xff,0xff,0xff,0xff,
  0xff,0x90,0x00,0x00,0x00,0x00,0x00,0x00,0x00,0x00,0x5f,0xff,0xff,0xff,0xff,0xff,0xff,0xff,0xff,0xff,0xff,0xff,0xff,0xff,0xff,0xff,0xff,0xff,0xff,0xff,0xff,0xf4,
  0x00,0x00,0x00,0x00,0x00,0x00,0x00,0x00,0xef,0xff,0xff,0xff,0xff,0xff,0xff,0xff,0xff,0xff,0xff,0xff,0xff,0xff,0xff,0xff,0xff,0xff,0xff,0xff,0xff,0xfd,0x00,0x00,
  0x00,0x00,0x00,0x00,0x00,0x06,0xff,0xff,0xff,0xff,0xff,0xff,0xff,0xff,0xff,0xa6,0x43,0x34,0x7a,0xff,0xff,0xff,0xff,0xff,0xff,0xff,0xff,0xff,0x50,0x00,0x00,0x00,
  0x00,0x00,0x00,0x0c,0xff,0xff,0xff,0xff,0xff,0xff,0xff,0xff,0x70,0x00,0x00,0x00,0x00,0x07,0xff,0xff,0xff,0xff,0xff,0xff,0xff,0xff,0xc0,0x00,0x00,0x00,0x00,0x00,
  0x00,0x2f,0xff,0xff,0xff,0xff,0xff,0xff,0xff,0xe2,0x00,0x00,0x00,0x00,0x00,0x00,0x2d,0xff,0xff,0xff,0xff,0xff,0xff,0xff,0xf1,0x00,0x00,0x00,0x00,0x00,0x00,0x6f,
  0xff,0xff,0xff,0xff,0xff,0xff,0xff,0x20,0x00,0x00,0x00,0x00,0x00,0x00,0x02,0xff,0xff,0xff,0xff,0xff,0xff,0xff,0xf6,0x00,0x00,0x00,0x00,0x00,0x00,0x9f,0xff,0xff,
  0xff,0xff,0xff,0xff,0xf7,0x00,0x00,0x00,0x00,0x00,0x00,0x00,0x00,0x7f,0xff,0xff,0xff,0xff,0xff,0xff,0xf9,0x00,0x00,0x00,0x00,0x00,0x00,0xbf,0xff,0xff,0xff,0xff,
  0xff,0xff,0xf1,0x00,0x00,0x00,0x00,0x00,0x00,0x00,0x00,0x0f,0xff,0xff,0xff,0xff,0xff,0xff,0xfb,0x00,0x00,0x00,0x00,0x00,0x00,0xdf,0xff,0xff,0xff,0xff,0xff,0xff,
  0xd0,0x00,0x00,0x00,0x00,0x00,0x00,0x00,0x00,0x0c,0xff,0xff,0xff,0xff,0xff,0xff,0xfc,0x00,0x00,0x00,0x00,0x00,0x00,0xdf,0xff,0xff,0xff,0xff,0xff,0xff,0xb0,0x00,
  0x00,0x00,0x00,0x00,0x00,0x00,0x00,0x09,0xff,0xff,0xff,0xff,0xff,0xff,0xfd,0x00,0x00,0x00,0x00,0x00,0x00,0xdf,0xff,0xff,0xff,0xff,0xff,0xff,0xa0,0x00,0x00,0x00,
  0x00,0x00,0x00,0x00,0x00,0x08,0xff,0xff,0xff,0xff,0xff,0xff,0xfd,0x00,0x00,0x00,0x00,0x00,0x00,0xcf,0xff,0xff,0xff,0xff,0xff,0xff,0xa0,0x00,0x00,0x00,0x00,0x00,
  0x00,0x00,0x00,0x09,0xff,0xff,0xff,0xff,0xff,0xff,0xfc,0x00,0x00,0x00,0x00,0x00,0x00,0xaf,0xff,0xff,0xff,0xff,0xff,0xff,0xc0,0x00,0x00,0x00,0x00,0x00,0x00,0x00,
  0x00,0x0b,0xff,0xff,0xff,0xff,0xff,0xff,0xfa,0x00,0x00,0x00,0x00,0x00,0x00,0x7f,0xff,0xff,0xff,0xff,0xff,0xff,0xf0,0x00,0x00,0x00,0x00,0x00,0x00,0x00,0x00,0x0f,
  0xff,0xff,0xff,0xff,0xff,0xff,0xf7,0x00,0x00,0x00,0x00,0x00,0x00,0x3f,0xff,0xff,0xff,0xff,0xff,0xff,0xf6,0x00,0x00,0x00,0x00,0x00,0x00,0x00,0x00,0x5f,0xff,0xff,
  0xff,0xff,0xff,0xff,0xf3,0x00,0x00,0x00,0x00,0x00,0x00,0x0e,0xff,0xff,0xff,0xff,0xff,0xff,0xfe,0x10,0x00,0x00,0x00,0x00,0x00,0x00,0x01,0xef,0xff,0xff,0xff,0xff,
  0xff,0xff,0xe0,0x00,0x00,0x00,0x00,0x00,0x00,0x08,0xff,0xff,0xff,0xff,0xff,0xff,0xff,0xc1,0x00,0x00,0x00,0x00,0x00,0x00,0x1d,0xff,0xff,0xff,0xff,0xff,0xff,0xff,
  0x80,0x00,0x00,0x00,0x00,0x00,0x00,0x01,0xff,0xff,0xff,0xff,0xff,0xff,0xff,0xfe,0x60,0x00,0x00,0x00,0x00,0x07,0xff,0xff,0xff,0xff,0xff,0xff,0xff,0xff,0x10,0x00,
  0x00,0x00,0x00,0x00,0x00,0x00,0x6f,0xff,0xff,0xff,0xff,0xff,0xff,0xff,0xfe,0x96,0x33,0x34,0x6a,0xff,0xff,0xff,0xff,0xff,0xff,0xff,0xff,0xf7,0x00,0x00,0x00,0x00,
  0x00,0x00,0x00,0x00,0x0b,0xff,0xff,0xff,0xff,0xff,0xff,0xff,0xff,0xff,0xff,0xff,0xff,0xff,0xff,0xff,0xff,0xff,0xff,0xff,0xff,0xc0,0x00,0x00,0x00,0x00,0x00,0x00,
  0x00,0x00,0x01,0xdf,0xff,0xff,0xff,0xff,0xff,0xff,0xff,0xff,0xff,0xff,0xff,0xff,0xff,0xff,0xff,0xff,0xff,0xff,0xfd,0x10,0x00,0x00,0x00,0x00,0x00,0x00,0x00,0x00,
  0x00,0x1d,0xff,0xff,0xff,0xff,0xff,0xff,0xff,0xff,0xff,0xff,0xff,0xff,0xff,0xff,0xff,0xff,0xff,0xff,0xd1,0x00,0x00,0x00,0x00,0x00,0x00,0x00,0x00,0x00,0x00,0x01,
  0xcf,0xff,0xff,0xff,0xff,0xff,0xff,0xff,0xff,0xff,0xff,0xff,0xff,0xff,0xff,0xff,0xff,0xfc,0x10,0x00,0x00,0x00,0x00,0x00,0x00,0x00,0x00,0x00,0x00,0x00,0x09,0xff,
  0xff,0xff,0xff,0xff,0xff,0xff,0xff,0xff,0xff,0xff,0xff,0xff,0xff,0xff,0xff,0x90,0x00,0x00,0x00,0x00,0x00,0x00,0x00,0x00,0x00,0x00,0x00,0x00,0x01,0xcf,0xff,0xff,
  0xff,0xff,0xff,0xff,0xff,0xff,0xff,0xff,0xff,0xff,0xff,0xff,0xfb,0x10,0x00,0x00,0x00,0x00,0x00,0x00,0x00,0x00,0x00,0x00,0x00,0x00,0x7f,0xff,0xff,0xff,0xff,0xff,
  0xff,0xff,0xff,0xff,0xff,0xff,0xff,0xff,0xff,0xff,0xff,0xf7,0x00,0x00,0x00,0x00,0x00,0x00,0x00,0x00,0x00,0x00,0x00,0x3d,0xff,0xff,0xff,0xff,0xff,0xff,0xff,0xff,
  0xff,0xff,0xff,0xff,0xff,0xff,0xff,0xff,0xff,0xff,0xd2,0x00,0x00,0x00,0x00,0x00,0x00,0x00,0x00,0x00,0x06,0xff,0xff,0xff,0xff,0xff,0xff,0xff,0xff,0xff,0xff,0xff,
  0xff,0xff,0xff,0xff,0xff,0xff,0xff,0xff,0xff,0x50,0x00,0x00,0x00,0x00,0x00,0x00,0x00,0x00,0x7f,0xff,0xff,0xff,0xff,0xff,0xff,0xff,0xff,0xff,0xff,0xff,0xff,0xff,
  0xff,0xff,0xff,0xff,0xff,0xff,0xff,0xf7,0x00,0x00,0x00,0x00,0x00,0x00,0x00,0x06,0xff,0xff,0xff,0xff,0xff,0xff,0xff,0xff,0xff,0xff,0xfe,0xef,0xff,0xff,0xff,0xff,
  0xff,0xff,0xff,0xff,0xff,0xff,0x60,0x00,0x00,0x00,0x00,0x00,0x00,0x3f,0xff,0xff,0xff,0xff,0xff,0xff,0xff,0xff,0xf9,0x41,0x00,0x00,0x14,0x9f,0xff,0xff,0xff,0xff,
  0xff,0xff,0xff,0xff,0xf3,0x00,0x00,0x00,0x00,0x00,0x00,0xdf,0xff,0xff,0xff,0xff,0xff,0xff,0xff,0xf9,0x10,0x00,0x00,0x00,0x00,0x01,0x9f,0xff,0xff,0xff,0xff,0xff,
  0xff,0xff,0xfd,0x00,0x00,0x00,0x00,0x00,0x06,0xff,0xff,0xff,0xff,0xff,0xff,0xff,0xff,0x50,0x00,0x00,0x00,0x00,0x00,0x00,0x05,0xff,0xff,0xff,0xff,0xff,0xff,0xff,
  0xff,0x60,0x00,0x00,0x00,0x00,0x0d,0xff,0xff,0xff,0xff,0xff,0xff,0xff,0xf7,0x00,0x00,0x00,0x00,0x00,0x00,0x00,0x00,0x7f,0xff,0xff,0xff,0xff,0xff,0xff,0xff,0xd0,
  0x00,0x00,0x00,0x00,0x3f,0xff,0xff,0xff,0xff,0xff,0xff,0xff,0xd0,0x00,0x00,0x00,0x00,0x00,0x00,0x00,0x00,0x0d,0xff,0xff,0xff,0xff,0xff,0xff,0xff,0xf3,0x00,0x00,
  0x00,0x00,0x7f,0xff,0xff,0xff,0xff,0xff,0xff,0xff,0x70,0x00,0x00,0x00,0x00,0x00,0x00,0x00,0x00,0x07,0xff,0xff,0xff,0xff,0xff,0xff,0xff,0xf7,0x00,0x00,0x00,0x00,
  0xbf,0xff,0xff,0xff,0xff,0xff,0xff,0xff,0x30,0x00,0x00,0x00,0x00,0x00,0x00,0x00,0x00,0x03,0xff,0xff,0xff,0xff,0xff,0xff,0xff,0xfb,0x00,0x00,0x00,0x00,0xdf,0xff,
  0xff,0xff,0xff,0xff,0xff,0xff,0x00,0x00,0x00,0x00,0x00,0x00,0x00,0x00,0x00,0x00,0xff,0xff,0xff,0xff,0xff,0xff,0xff,0xfd,0x00,0x00,0x00,0x00,0xef,0xff,0xff,0xff,
  0xff,0xff,0xff,0xff,0x00,0x00,0x00,0x00,0x00,0x00,0x00,0x00,0x00,0x00,0xff,0xff,0xff,0xff,0xff,0xff,0xff,0xfe,0x00,0x00,0x00,0x00,0xff,0xff,0xff,0xff,0xff,0xff,
  0xff,0xff,0x00,0x00,0x00,0x00,0x00,0x00,0x00,0x00,0x00,0x00,0xff,0xff,0xff,0xff,0xff,0xff,0xff,0xff,0x00,0x00,0x00,0x00,0xff,0xff,0xff,0xff,0xff,0xff,0xff,0xff,
  0x10,0x00,0x00,0x00,0x00,0x00,0x00,0x00,0x00,0x01,0xff,0xff,0xff,0xff,0xff,0xff,0xff,0xff,0x00,0x00,0x00,0x00,0xef,0xff,0xff,0xff,0xff,0xff,0xff,0xff,0x40,0x00,
  0x00,0x00,0x00,0x00,0x00,0x00,0x00,0x04,0xff,0xff,0xff,0xff,0xff,0xff,0xff,0xfe,0x00,0x00,0x00,0x00,0xcf,0xff,0xff,0xff,0xff,0xff,0xff,0xff,0x90,0x00,0x00,0x00,
  0x00,0x00,0x00,0x00,0x00,0x09,0xff,0xff,0xff,0xff,0xff,0xff,0xff,0xfc,0x00,0x00,0x00,0x00,0xaf,0xff,0xff,0xff,0xff,0xff,0xff,0xff,0xf1,0x00,0x00,0x00,0x00,0x00,
  0x00,0x00,0x00,0x2f,0xff,0xff,0xff,0xff,0xff,0xff,0xff,0xfa,0x00,0x00,0x00,0x00,0x7f,0xff,0xff,0xff,0xff,0xff,0xff,0xff,0xfb,0x00,0x00,0x00,0x00,0x00,0x00,0x00,
  0x00,0xcf,0xff,0xff,0xff,0xff,0xff,0xff,0xff,0xf6,0x00,0x00,0x00,0x00,0x2f,0xff,0xff,0xff,0xff,0xff,0xff,0xff,0xff,0xb0,0x00,0x00,0x00,0x00,0x00,0x00,0x1b,0xff,
  0xff,0xff,0xff,0xff,0xff,0xff,0xff,0xf2,0x00,0x00,0x00,0x00,0x0d,0xff,0xff,0xff,0xff,0xff,0xff,0xff,0xff,0xfe,0x60,0x00,0x00,0x00,0x00,0x06,0xef,0xff,0xff,0xff,
  0xff,0xff,0xff,0xff,0xff,0xc0,0x00,0x00,0x00,0x00,0x06,0xff,0xff,0xff,0xff,0xff,0xff,0xff,0xff,0xff,0xfe,0xa7,0x54,0x45,0x7b,0xff,0xff,0xff,0xff,0xff,0xff,0xff,
  0xff,0xff,0xff,0x60,0x00,0x00,0x00,0x00,0x00,0xef,0xff,0xff,0xff,0xff,0xff,0xff,0xff,0xff,0xff,0xff,0xff,0xff,0xff,0xff,0xff,0xff,0xff,0xff,0xff,0xff,0xff,0xff,
  0xfd,0x00,0x00,0x00,0x00,0x00,0x00,0x5f,0xff,0xff,0xff,0xff,0xff,0xff,0xff,0xff,0xff,0xff,0xff,0xff,0xff,0xff,0xff,0xff,0xff,0xff,0xff,0xff,0xff,0xff,0xf4,0x00,
  0x00,0x00,0x00,0x00,0x00,0x0a,0xff,0xff,0xff,0xff,0xff,0xff,0xff,0xff,0xff,0xff,0xff,0xff,0xff,0xff,0xff,0xff,0xff,0xff,0xff,0xff,0xff,0xff,0x90,0x00,0x00,0x00,
  0x00,0x00,0x00,0x00,0xcf,0xff,0xff,0xff,0xff,0xff,0xff,0xff,0xff,0xff,0xff,0xff,0xff,0xff,0xff,0xff,0xff,0xff,0xff,0xff,0xff,0xfc,0x00,0x00,0x00,0x00,0x00,0x00,
  0x00,0x00,0x1d,0xff,0xff,0xff,0xff,0xff,0xff,0xff,0xff,0xff,0xff,0xff,0xff,0xff,0xff,0xff,0xff,0xff,0xff,0xff,0xff,0xc0,0x00,0x00,0x00,0x00,0x00,0x00,0x00,0x00,
  0x01,0xbf,0xff,0xff,0xff,0xff,0xff,0xff,0xff,0xff,0xff,0xff,0xff,0xff,0xff,0xff,0xff,0xff,0xff,0xff,0xfa,0x00,0x00,0x00,0x00,0x00,0x00,0x00,0x00,0x00,0x00,0x07,
  0xff,0xff,0xff,0xff,0xff,0xff,0xff,0xff,0xff,0xff,0xff,0xff,0xff,0xff,0xff,0xff,0xff,0xff,0x60,0x00,0x00,0x00,0x00,0x00,0x00,0x00,0x00,0x00,0x00,0x00,0x2a,0xff,
  0xff,0xff,0xff,0xff,0xff,0xff,0xff,0xff,0xff,0xff,0xff,0xff,0xff,0xff,0xff,0xa1,0x00,0x00,0x00,0x00,0x00,0x00,0x00,0x00,0x00,0x00,0x00,0x00,0x00,0x3a,0xff,0xff,
  0xff,0xff,0xff,0xff,0xff,0xff,0xff,0xff,0xff,0xff,0xff,0xff,0x92,0x00,0x00,0x00,0x00,0x00,0x00,0x00,0x00,0x00,0x00,0x00,0x00,0x00,0x00,0x00,0x16,0xbf,0xff,0xff,
  0xff,0xff,0xff,0xff,0xff,0xff,0xff,0xff,0xfb,0x60,0x00,0x00,0x00,0x00,0x00,0x00,0x00,0x00,0x00,0x00,0x00,0x00,0x00,0x00,0x00,0x00,0x00,0x00,0x36,0x9b,0xdf,0xff,
  0xff,0xff,0xff,0xfd,0xb9,0x63,0x00,0x00,0x00,0x00,0x00,0x00,0x00,0x00,0x00,0x00,0x00,0x00,0x00,0x00,0x00,0x00,0x00,0x00,0x00,0x00,0x00,0x00,0x00,0x01,0x22,0x22,
  0x10,0x00,0x00,0x00,0x00,0x00,0x00,0x00,0x00,0x00,0x00,0x00,0x00,0x00,0x00,0x00,0x00,0x00,0x00,0x00,0x00,0x00,0x00,0x00,0x00,0x00,0x00,0x01,0x11,0x10,0x00,0x00,
  0x00,0x00,0x00,0x00,0x00,0x00,0x00,0x00,0x00,0x00,0x00,0x00,0x00,0x00,0x00,0x00,0x00,0x00,0x00,0x00,0x00,0x00,0x15,0x8b,0xdf,0xff,0xff,0xff,0xfd,0xb9,0x62,0x00,
  0x00,0x00,0x00,0x00,0x00,0x00,0x00,0x00,0x00,0x00,0x00,0x00,0x00,0x00,0x00,0x00,0x00,0x00,0x02,0x8d,0xff,0xff,0xff,0xff,0xff,0xff,0xff,0xff,0xff,0xe9,0x40,0x00,
  0x00,0x00,0x00,0x00,0x00,0x00,0x00,0x00,0x00,0x00,0x00,0x00,0x00,0x00,0x00,0x05,0xcf,0xff,0xff,0xff,0xff,0xff,0xff,0xff,0xff,0xff,0xff,0xff,0xfd,0x60,0x00,0x00,
  0x00,0x00,0x00,0x00,0x00,0x00,0x00,0x00,0x00,0x00,0x00,0x00,0x03,0xcf,0xff,0xff,0xff,0xff,0xff,0xff,0xff,0xff,0xff,0xff,0xff,0xff,0xff,0xfe,0x50,0x00,0x00,0x00,
  0x00,0x00,0x00,0x00,0x00,0x00,0x00,0x00,0x00,0x00,0x9f,0xff,0xff,0xff,0xff,0xff,0xff,0xff,0xff,0xff,0xff,0xff,0xff,0xff,0xff,0xff,0xfa,0x00,0x00,0x00,0x00,0x00,
  0x00,0x00,0x00,0x00,0x00,0x00,0x00,0x2d,0xff,0xff,0xff,0xff,0xff,0xff,0xff,0xff,0xff,0xff,0xff,0xff,0xff,0xff,0xff,0xff,0xff,0xd1,0x00,0x00,0x00,0x00,0x00,0x00,
  0x00,0x00,0x00,0x00,0x02,0xef,0xff,0xff,0xff,0xff,0xff,0xff,0xff,0xff,0xff,0xff,0xff,0xff,0xff,0xff,0xff,0xff,0xff,0xfe,0x20,0x00,0x00,0x00,0x00,0x00,0x00,0x00,
  0x00,0x00,0x2e,0xff,0xff,0xff,0xff,0xff,0xff,0xff,0xff,0xff,0xff,0xff,0xff,0xff,0xff,0xff,0xff,0xff,0xff,0xff,0xd1,0x00,0x00,0x00,0x00,0x00,0x00,0x00,0x00,0x00,
  0xdf,0xff,0xff,0xff,0xff,0xff,0xff,0xff,0xff,0xff,0xff,0xff,0xff,0xff,0xff,0xff,0xff,0xff,0xff,0xff,0xfb,0x00,0x00,0x00,0x00,0x00,0x00,0x00,0x00,0x09,0xff,0xff,
  0xff,0xff,0xff,0xff,0xff,0xff,0xff,0xff,0xff,0xff,0xff,0xff,0xff,0xff,0xff,0xff,0xff,0xff,0xff,0x70,0x00,0x00,0x00,0x00,0x00,0x00,0x00,0x4f,0xff,0xff,0xff,0xff,
  0xff,0xff,0xff,0xff,0xff,0xff,0xff,0xff,0xff,0xff,0xff,0xff,0xff,0xff,0xff,0xff,0xff,0xf2,0x00,0x00,0x00,0x00,0x00,0x00,0x00,0xcf,0xff,0xff,0xff,0xff,0xff,0xff,
  0xff,0xff,0xfe,0x96,0x55,0x57,0xbf,0xff,0xff,0xff,0xff,0xff,0xff,0xff,0xff,0xfa,0x00,0x00,0x00,0x00,0x00,0x00,0x04,0xff,0xff,0xff,0xff,0xff,0xff,0xff,0xff,0xfd,
  0x40,0x00,0x00,0x00,0x00,0x7f,0xff,0xff,0xff,0xff,0xff,0xff,0xff,0xff,0x20,0x00,0x00,0x00,0x00,0x00,0x0b,0xff,0xff,0xff,0xff,0xff,0xff,0xff,0xff,0xa0,0x00,0x00,
  0x00,0x00,0x00,0x02,0xdf,0xff,0xff,0xff,0xff,0xff,0xff,0xff,0x90,0x00,0x00,0x00,0x00,0x00,0x1f,0xff,0xff,0xff,0xff,0xff,0xff,0xff,0xfa,0x00,0x00,0x00,0x00,0x00,
  0x00,0x00,0x2e,0xff,0xff,0xff,0xff,0xff,0xff,0xff,0xf0,0x00,0x00,0x00,0x00,0x00,0x6f,0xff,0xff,0xff,0xff,0xff,0xff,0xff,0xe0,0x00,0x00,0x00,0x00,0x00,0x00,0x00,
  0x05,0xff,0xff,0xff,0xff,0xff,0xff,0xff,0xf5,0x00,0x00,0x00,0x00,0x00,0xaf,0xff,0xff,0xff,0xff,0xff,0xff,0xff,0x60,0x00,0x00,0x00,0x00,0x00,0x00,0x00,0x00,0xcf,
  0xff,0xff,0xff,0xff,0xff,0xff,0xfb,0x00,0x00,0x00,0x00,0x00,0xdf,0xff,0xff,0xff,0xff,0xff,0xff,0xff,0x00,0x00,0x00,0x00,0x00,0x00,0x00,0x00,0x00,0x6f,0xff,0xff,
  0xff,0xff,0xff,0xff,0xff,0x00,0x00,0x00,0x00,0x00,0xff,0xff,0xff,0xff,0xff,0xff,0xff,0xfb,0x00,0x00,0x00,0x00,0x00,0x00,0x00,0x00,0x00,0x2f,0xff,0xff,0xff,0xff,
  0xff,0xff,0xff,0x30,0x00,0x00,0x00,0x01,0xff,0xff,0xff,0xff,0xff,0xff,0xff,0xf7,0x00,0x00,0x00,0x00,0x00,0x00,0x00,0x00,0x00,0x0e,0xff,0xff,0xff,0xff,0xff,0xff,
  0xff,0x70,0x00,0x00,0x00,0x03,0xff,0xff,0xff,0xff,0xff,0xff,0xff,0xf5,0x00,0x00,0x00,0x00,0x00,0x00,0x00,0x00,0x00,0x0c,0xff,0xff,0xff,0xff,0xff,0xff,0xff,0xb0,
  0x00,0x00,0x00,0x03,0xff,0xff,0xff,0xff,0xff,0xff,0xff,0xf4,0x00,0x00,0x00,0x00,0x00,0x00,0x00,0x00,0x00,0x0c,0xff,0xff,0xff,0xff,0xff,0xff,0xff,0xd0,0x00,0x00,
  0x00,0x03,0xff,0xff,0xff,0xff,0xff,0xff,0xff,0xf4,0x00,0x00,0x00,0x00,0x00,0x00,0x00,0x00,0x00,0x0b,0xff,0xff,0xff,0xff,0xff,0xff,0xff,0xf0,0x00,0x00,0x00,0x03,
  0xff,0xff,0xff,0xff,0xff,0xff,0xff,0xf5,0x00,0x00,0x00,0x00,0x00,0x00,0x00,0x00,0x00,0x0c,0xff,0xff,0xff,0xff,0xff,0xff,0xff,0xf2,0x00,0x00,0x00,0x02,0xff,0xff,
  0xff,0xff,0xff,0xff,0xff,0xf7,0x00,0x00,0x00,0x00,0x00,0x00,0x00,0x00,0x00,0x0e,0xff,0xff,0xff,0xff,0xff,0xff,0xff,0xf4,0x00,0x00,0x00,0x01,0xff,0xff,0xff,0xff,
  0xff,0xff,0xff,0xfa,0x00,0x00,0x00,0x00,0x00,0x00,0x00,0x00,0x00,0x1f,0xff,0xff,0xff,0xff,0xff,0xff,0xff,0xf6,0x00,0x00,0x00,0x00,0xef,0xff,0xff,0xff,0xff,0xff,
  0xff,0xff,0x00,0x00,0x00,0x00,0x00,0x00,0x00,0x00,0x00,0x6f,0xff,0xff,0xff,0xff,0xff,0xff,0xff,0xf7,0x00,0x00,0x00,0x00,0xbf,0xff,0xff,0xff,0xff,0xff,0xff,0xff,
  0x50,0x00,0x00,0x00,0x00,0x00,0x00,0x00,0x00,0xcf,0xff,0xff,0xff,0xff,0xff,0xff,0xff,0xf8,0x00,0x00,0x00,0x00,0x8f,0xff,0xff,0xff,0xff,0xff,0xff,0xff,0xd0,0x00,
  0x00,0x00,0x00,0x00,0x00,0x00,0x04,0xff,0xff,0xff,0xff,0xff,0xff,0xff,0xff,0xf9,0x00,0x00,0x00,0x00,0x3f,0xff,0xff,0xff,0xff,0xff,0xff,0xff,0xf8,0x00,0x00,0x00,
  0x00,0x00,0x00,0x00,0x1e,0xff,0xff,0xff,0xff,0xff,0xff,0xff,0xff,0xfa,0x00,0x00,0x00,0x00,0x0e,0xff,0xff,0xff,0xff,0xff,0xff,0xff,0xff,0x80,0x00,0x00,0x00,0x00,
  0x00,0x02,0xdf,0xff,0xff,0xff,0xff,0xff,0xff,0xff,0xff,0xfa,0x00,0x00,0x00,0x00,0x08,0xff,0xff,0xff,0xff,0xff,0xff,0xff,0xff,0xfc,0x40,0x00,0x00,0x00,0x01,0x8f,
  0xff,0xff,0xff,0xff,0xff,0xff,0xff,0xff,0xff,0xfa,0x00,0x00,0x00,0x00,0x01,0xff,0xff,0xff,0xff,0xff,0xff,0xff,0xff,0xff,0xfe,0xa7,0x66,0x68,0xcf,0xff,0xff,0xff,
  0xff,0xff,0xff,0xff,0xff,0xff,0xff,0xfb,0x00,0x00,0x00,0x00,0x00,0x7f,0xff,0xff,0xff,0xff,0xff,0xff,0xff,0xff,0xff,0xff,0xff,0xff,0xff,0xff,0xff,0xff,0xff,0xff,
  0xff,0xff,0xff,0xff,0xff,0xfa,0x00,0x00,0x00,0x00,0x00,0x0d,0xff,0xff,0xff,0xff,0xff,0xff,0xff,0xff,0xff,0xff,0xff,0xff,0xff,0xff,0xff,0xff,0xff,0xff,0xff,0xff,
  0xff,0xff,0xff,0xfa,0x00,0x00,0x00,0x00,0x00,0x03,0xff,0xff,0xff,0xff,0xff,0xff,0xff,0xff,0xff,0xff,0xff,0xff,0xff,0xff,0xff,0xff,0xff,0xff,0xff,0xff,0xff,0xff,
  0xff,0xfa,0x00,0x00,0x00,0x00,0x00,0x00,0x5f,0xff,0xff,0xff,0xff,0xff,0xff,0xff,0xff,0xff,0xff,0xff,0xff,0xff,0xff,0xff,0xff,0xff,0xff,0xff,0xff,0xff,0xff,0xf9,
  0x00,0x00,0x00,0x00,0x00,0x00,0x06,0xff,0xff,0xff,0xff,0xff,0xff,0xff,0xff,0xff,0xff,0xff,0xff,0xff,0xff,0xff,0xff,0xff,0xff,0xff,0xff,0xff,0xff,0xf8,0x00,0x00,
  0x00,0x00,0x00,0x00,0x00,0x4f,0xff,0xff,0xff,0xff,0xff,0xff,0xff,0xff,0xff,0xff,0xff,0xff,0xff,0xc7,0xff,0xff,0xff,0xff,0xff,0xff,0xff,0xf7,0x00,0x00,0x00,0x00,
  0x00,0x00,0x00,0x02,0xcf,0xff,0xff,0xff,0xff,0xff,0xff,0xff,0xff,0xff,0xff,0xff,0xf8,0x06,0xff,0xff,0xff,0xff,0xff,0xff,0xff,0xf6,0x00,0x00,0x00,0x00,0x00,0x00,
  0x00,0x00,0x05,0xdf,0xff,0xff,0xff,0xff,0xff,0xff,0xff,0xff,0xff,0xfa,0x20,0x06,0xff,0xff,0xff,0xff,0xff,0xff,0xff,0xf5,0x00,0x00,0x00,0x00,0x00,0x00,0x00,0x00,
  0x00,0x05,0xbf,0xff,0xff,0xff,0xff,0xff,0xff,0xff,0xf9,0x20,0x00,0x07,0xff,0xff,0xff,0xff,0xff,0xff,0xff,0xf3,0x00,0x00,0x00,0x00,0x00,0x00,0x00,0x00,0x00,0x00,
  0x01,0x59,0xce,0xff,0xff,0xff,0xfc,0x94,0x00,0x00,0x00,0x07,0xff,0xff,0xff,0xff,0xff,0xff,0xff,0xf2,0x00,0x00,0x00,0x00,0x00,0x00,0x00,0x00,0x00,0x00,0x00,0x00,
  0x00,0x01,0x22,0x21,0x00,0x00,0x00,0x00,0x00,0x08,0xff,0xff,0xff,0xff,0xff,0xff,0xff,0xf0,0x00,0x00,0x00,0x00,0x00,0x00,0x00,0x00,0x00,0x00,0x00,0x00,0x00,0x00,
  0x00,0x00,0x00,0x00,0x00,0x00,0x00,0x0a,0xff,0xff,0xff,0xff,0xff,0xff,0xff,0xd0,0x00,0x00,0x00,0x00,0x00,0x00,0x00,0x00,0x00,0x00,0x00,0x00,0x00,0x00,0x00,0x00,
  0x00,0x00,0x00,0x00,0x00,0x0c,0xff,0xff,0xff,0xff,0xff,0xff,0xff,0xb0,0x00,0x00,0x00,0x00,0x02,0x55,0x55,0x55,0x55,0x55,0x55,0x55,0x20,0x00,0x00,0x00,0x00,0x00,
  0x00,0x00,0x00,0x0e,0xff,0xff,0xff,0xff,0xff,0xff,0xff,0x80,0x00,0x00,0x00,0x00,0x06,0xff,0xff,0xff,0xff,0xff,0xff,0xff,0x60,0x00,0x00,0x00,0x00,0x00,0x00,0x00,
  0x00,0x0f,0xff,0xff,0xff,0xff,0xff,0xff,0xff,0x50,0x00,0x00,0x00,0x00,0x05,0xff,0xff,0xff,0xff,0xff,0xff,0xff,0x70,0x00,0x00,0x00,0x00,0x00,0x00,0x00,0x00,0x3f,
  0xff,0xff,0xff,0xff,0xff,0xff,0xff,0x10,0x00,0x00,0x00,0x00,0x04,0xff,0xff,0xff,0xff,0xff,0xff,0xff,0x90,0x00,0x00,0x00,0x00,0x00,0x00,0x00,0x00,0x7f,0xff,0xff,
  0xff,0xff,0xff,0xff,0xfd,0x00,0x00,0x00,0x00,0x00,0x02,0xff,0xff,0xff,0xff,0xff,0xff,0xff,0xd0,0x00,0x00,0x00,0x00,0x00,0x00,0x00,0x00,0xcf,0xff,0xff,0xff,0xff,
  0xff,0xff,0xf9,0x00,0x00,0x00,0x00,0x00,0x00,0xff,0xff,0xff,0xff,0xff,0xff,0xff,0xf2,0x00,0x00,0x00,0x00,0x00,0x00,0x00,0x02,0xff,0xff,0xff,0xff,0xff,0xff,0xff,
  0xf4,0x00,0x00,0x00,0x00,0x00,0x00,0xcf,0xff,0xff,0xff,0xff,0xff,0xff,0xf8,0x00,0x00,0x00,0x00,0x00,0x00,0x00,0x09,0xff,0xff,0xff,0xff,0xff,0xff,0xff,0xf0,0x00,
  0x00,0x00,0x00,0x00,0x00,0x8f,0xff,0xff,0xff,0xff,0xff,0xff,0xff,0x20,0x00,0x00,0x00,0x00,0x00,0x00,0x4f,0xff,0xff,0xff,0xff,0xff,0xff,0xff,0x90,0x00,0x00,0x00,
  0x00,0x00,0x00,0x3f,0xff,0xff,0xff,0xff,0xff,0xff,0xff,0xd2,0x00,0x00,0x00,0x00,0x00,0x02,0xef,0xff,0xff,0xff,0xff,0xff,0xff,0xff,0x30,0x00,0x00,0x00,0x00,0x00,
  0x00,0x0d,0xff,0xff,0xff,0xff,0xff,0xff,0xff,0xfe,0x60,0x00,0x00,0x00,0x00,0x6f,0xff,0xff,0xff,0xff,0xff,0xff,0xff,0xfc,0x00,0x00,0x00,0x00,0x00,0x00,0x00,0x06,
  0xff,0xff,0xff,0xff,0xff,0xff,0xff,0xff,0xfe,0x96,0x44,0x56,0xae,0xff,0xff,0xff,0xff,0xff,0xff,0xff,0xff,0xf4,0x00,0x00,0x00,0x00,0x00,0x00,0x00,0x00,0xef,0xff,
  0xff,0xff,0xff,0xff,0xff,0xff,0xff,0xff,0xff,0xff,0xff,0xff,0xff,0xff,0xff,0xff,0xff,0xff,0xff,0xb0,0x00,0x00,0x00,0x00,0x00,0x00,0x00,0x00,0x5f,0xff,0xff,0xff,
  0xff,0xff,0xff,0xff,0xff,0xff,0xff,0xff,0xff,0xff,0xff,0xff,0xff,0xff,0xff,0xff,0xff,0x20,0x00,0x00,0x00,0x00,0x00,0x00,0x00,0x00,0x0a,0xff,0xff,0xff,0xff,0xff,
  0xff,0xff,0xff,0xff,0xff,0xff,0xff,0xff,0xff,0xff,0xff,0xff,0xff,0xff,0xf6,0x00,0x00,0x00,0x00,0x00,0x00,0x00,0x00,0x00,0x00,0xdf,0xff,0xff,0xff,0xff,0xff,0xff,
  0xff,0xff,0xff,0xff,0xff,0xff,0xff,0xff,0xff,0xff,0xff,0xff,0xa0,0x00,0x00,0x00,0x00,0x00,0x00,0x00,0x00,0x00,0x00,0x1e,0xff,0xff,0xff,0xff,0xff,0xff,0xff,0xff,
  0xff,0xff,0xff,0xff,0xff,0xff,0xff,0xff,0xff,0xfb,0x00,0x00,0x00,0x00,0x00,0x00,0x00,0x00,0x00,0x00,0x00,0x01,0xdf,0xff,0xff,0xff,0xff,0xff,0xff,0xff,0xff,0xff,
  0xff,0xff,0xff,0xff,0xff,0xff,0xff,0xb0,0x00,0x00,0x00,0x00,0x00,0x00,0x00,0x00,0x00,0x00,0x00,0x00,0x1a,0xff,0xff,0xff,0xff,0xff,0xff,0xff,0xff,0xff,0xff,0xff,
  0xff,0xff,0xff,0xff,0xf9,0x00,0x00,0x00,0x00,0x00,0x00,0x00,0x00,0x00,0x00,0x00,0x00,0x00,0x00,0x5e,0xff,0xff,0xff,0xff,0xff,0xff,0xff,0xff,0xff,0xff,0xff,0xff,
  0xff,0xfd,0x40,0x00,0x00,0x00,0x00,0x00,0x00,0x00,0x00,0x00,0x00,0x00,0x00,0x00,0x00,0x00,0x8e,0xff,0xff,0xff,0xff,0xff,0xff,0xff,0xff,0xff,0xff,0xff,0xfe,0x70,
  0x00,0x00,0x00,0x00,0x00,0x00,0x00,0x00,0x00,0x00,0x00,0x00,0x00,0x00,0x00,0x00,0x00,0x6b,0xff,0xff,0xff,0xff,0xff,0xff,0xff,0xff,0xff,0xfa,0x50,0x00,0x00,0x00,
  0x00,0x00,0x00,0x00,0x00,0x00,0x00,0x00,0x00,0x00,0x00,0x00,0x00,0x00,0x00,0x00,0x04,0x8b,0xdf,0xff,0xff,0xff,0xfe,0xca,0x73,0x00,0x00,0x00,0x00,0x00,0x00,0x00,
  0x00,0x00,0x00,0x00,0x00,0x00,0x00,0x00,0x00,0x00,0x00,0x00,0x00,0x00,0x00,0x00,0x00,0x01,0x22,0x21,0x00,0x00,0x00,0x00,0x00,0x00,0x00,0x00,0x00,0x00,0x00,0x00,
  0x00,0x00,0x00,0x00,0x00,0x02,0x99,0x99,0x99,0x99,0x99,0x99,0x99,0x99,0x30,0x00,0x00,0x00,0x00,0x00,0x00,0x03,0xff,0xff,0xff,0xff,0xff,0xff,0xff,0xff,0x60,0x00,
  0x00,0x00,0x00,0x00,0x00,0x03,0xff,0xff,0xff,0xff,0xff,0xff,0xff,0xff,0x60,0x00,0x00,0x00,0x00,0x00,0x00,0x03,0xff,0xff,0xff,0xff,0xff,0xff,0xff,0xff,0x60,0x00,
  0x00,0x00,0x00,0x00,0x00,0x03,0xff,0xff,0xff,0xff,0xff,0xff,0xff,0xff,0x60,0x00,0x00,0x00,0x00,0x00,0x00,0x03,0xff,0xff,0xff,0xff,0xff,0xff,0xff,0xff,0x60,0x00,
  0x00,0x00,0x00,0x00,0x00,0x03,0xff,0xff,0xff,0xff,0xff,0xff,0xff,0xff,0x60,0x00,0x00,0x00,0x00,0x00,0x00,0x03,0xff,0xff,0xff,0xff,0xff,0xff,0xff,0xff,0x60,0x00,
  0x00,0x00,0x00,0x00,0x00,0x03,0xff,0xff,0xff,0xff,0xff,0xff,0xff,0xff,0x60,0x00,0x00,0x00,0x00,0x00,0x00,0x03,0xff,0xff,0xff,0xff,0xff,0xff,0xff,0xff,0x60,0x00,
  0x00,0x00,0x00,0x00,0x00,0x03,0xff,0xff,0xff,0xff,0xff,0xff,0xff,0xff,0x60,0x00,0x00,0x00,0x00,0x00,0x00,0x03,0xff,0xff,0xff,0xff,0xff,0xff,0xff,0xff,0x60,0x00,
  0x00,0x00,0x00,0x00,0x00,0x03,0xff,0xff,0xff,0xff,0xff,0xff,0xff,0xff,0x60,0x00,0x00,0x00,0x00,0x00,0x00,0x03,0xff,0xff,0xff,0xff,0xff,0xff,0xff,0xff,0x60,0x00,
  0x00,0x00,0x00,0x00,0x00,0x03,0xff,0xff,0xff,0xff,0xff,0xff,0xff,0xff,0x60,0x00,0x00,0x00,0x00,0x00,0x00,0x03,0xff,0xff,0xff,0xff,0xff,0xff,0xff,0xff,0x60,0x00,
  0x00,0x00,0x00,0x00,0x00,0x01,0x77,0x77,0x77,0x77,0x77,0x77,0x77,0x77,0x20,0x00,0x00,0x00,0x00,0x00,0x00,0x00,0x00,0x00,0x00,0x00,0x00,0x00,0x00,0x00,0x00,0x00,
  0x00,0x00,0x00,0x00,0x00,0x00,0x00,0x00,0x00,0x00,0x00,0x00,0x00,0x00,0x00,0x00,0x00,0x00,0x00,0x00,0x00,0x00,0x00,0x00,0x00,0x00,0x00,0x00,0x00,0x00,0x00,0x00,
  0x00,0x00,0x00,0x00,0x00,0x00,0x00,0x00,0x00,0x00,0x00,0x00,0x00,0x00,0x00,0x00,0x00,0x00,0x00,0x00,0x00,0x00,0x00,0x00,0x00,0x00,0x00,0x00,0x00,0x00,0x00,0x00,
  0x00,0x00,0x00,0x00,0x00,0x00,0x00,0x00,0x00,0x00,0x00,0x00,0x00,0x00,0x00,0x00,0x00,0x00,0x00,0x00,0x00,0x00,0x00,0x00,0x00,0x00,0x00,0x00,0x00,0x00,0x00,0x00,
  0x00,0x00,0x00,0x00,0x00,0x00,0x00,0x00,0x00,0x00,0x00,0x00,0x00,0x00,0x00,0x00,0x00,0x00,0x00,0x00,0x00,0x00,0x00,0x00,0x00,0x00,0x00,0x00,0x00,0x00,0x00,0x00,
  0x00,0x00,0x00,0x00,0x00,0x00,0x00,0x00,0x00,0x00,0x00,0x00,0x00,0x00,0x00,0x00,0x00,0x00,0x00,0x00,0x00,0x00,0x00,0x00,0x00,0x00,0x00,0x00,0x00,0x00,0x00,0x00,
  0x00,0x00,0x00,0x00,0x00,0x00,0x00,0x00,0x00,0x00,0x00,0x00,0x00,0x00,0x00,0x00,0x00,0x00,0x00,0x00,0x00,0x00,0x00,0x00,0x00,0x00,0x00,0x00,0x00,0x00,0x00,0x00,
  0x00,0x00,0x00,0x00,0x00,0x00,0x00,0x00,0x00,0x00,0x00,0x00,0x00,0x00,0x00,0x00,0x00,0x00,0x00,0x00,0x00,0x00,0x00,0x00,0x00,0x00,0x00,0x00,0x00,0x00,0x00,0x00,
  0x00,0x00,0x00,0x00,0x00,0x00,0x00,0x00,0x00,0x00,0x00,0x00,0x00,0x00,0x00,0x00,0x00,0x00,0x00,0x00,0x00,0x00,0x00,0x00,0x00,0x00,0x00,0x00,0x00,0x00,0x00,0x00,
  0x00,0x00,0x00,0x00,0x00,0x00,0x00,0x00,0x00,0x00,0x00,0x00,0x00,0x00,0x00,0x00,0x00,0x00,0x00,0x00,0x00,0x03,0xff,0xff,0xff,0xff,0xff,0xff,0xff,0xff,0x60,0x00,
  0x00,0x00,0x00,0x00,0x00,0x03,0xff,0xff,0xff,0xff,0xff,0xff,0xff,0xff,0x60,0x00,0x00,0x00,0x00,0x00,0x00,0x03,0xff,0xff,0xff,0xff,0xff,0xff,0xff,0xff,0x60,0x00,
  0x00,0x00,0x00,0x00,0x00,0x03,0xff,0xff,0xff,0xff,0xff,0xff,0xff,0xff,0x60,0x00,0x00,0x00,0x00,0x00,0x00,0x03,0xff,0xff,0xff,0xff,0xff,0xff,0xff,0xff,0x60,0x00,
  0x00,0x00,0x00,0x00,0x00,0x03,0xff,0xff,0xff,0xff,0xff,0xff,0xff,0xff,0x60,0x00,0x00,0x00,0x00,0x00,0x00,0x03,0xff,0xff,0xff,0xff,0xff,0xff,0xff,0xff,0x60,0x00,
  0x00,0x00,0x00,0x00,0x00,0x03,0xff,0xff,0xff,0xff,0xff,0xff,0xff,0xff,0x60,0x00,0x00,0x00,0x00,0x00,0x00,0x03,0xff,0xff,0xff,0xff,0xff,0xff,0xff,0xff,0x60,0x00,
  0x00,0x00,0x00,0x00,0x00,0x03,0xff,0xff,0xff,0xff,0xff,0xff,0xff,0xff,0x60,0x00,0x00,0x00,0x00,0x00,0x00,0x03,0xff,0xff,0xff,0xff,0xff,0xff,0xff,0xff,0x60,0x00,
  0x00,0x00,0x00,0x00,0x00,0x03,0xff,0xff,0xff,0xff,0xff,0xff,0xff,0xff,0x60,0x00,0x00,0x00,0x00,0x00,0x00,0x03,0xff,0xff,0xff,0xff,0xff,0xff,0xff,0xff,0x60,0x00,
  0x00,0x00,0x00,0x00,0x00,0x03,0xff,0xff,0xff,0xff,0xff,0xff,0xff,0xff,0x60,0x00,0x00,0x00,0x00,0x00,0x00,0x03,0xff,0xff,0xff,0xff,0xff,0xff,0xff,0xff,0x60,0x00,
  0x00,0x00,0x00,0x00,0x00,0x03,0xff,0xff,0xff,0xff,0xff,0xff,0xff,0xff,0x60,0x00,0x00,0x00,0x00,0x00,0x00,0x00,0x00,0x00,0x00,0x00,0x00,0x00,0x00,0x11,0x10,0x00,
  0x00,0x00,0x00,0x00,0x00,0x00,0x00,0x00,0x00,0x00,0x00,0x00,0x00,0x00,0x00,0x00,0x00,0x00,0x00,0x00,0x00,0x00,0x00,0x00,0x00,0x00,0x00,0x00,0x00,0x00,0x00,0x00,
  0x00,0x00,0x00,0x00,0x00,0x00,0x00,0x00,0x00,0x37,0xbd,0xff,0xff,0xff,0xec,0x96,0x10,0x00,0x00,0x00,0x00,0x00,0x00,0x00,0x00,0x00,0x00,0x00,0x00,0x00,0x00,0x00,
  0x00,0x00,0x00,0x00,0x00,0x00,0x00,0x00,0x00,0x00,0x00,0x00,0x00,0x00,0x00,0x00,0x00,0x00,0x00,0x00,0x00,0x00,0x00,0x7d,0xff,0xff,0xff,0xff,0xff,0xff,0xff,0xfb,
  0x40,0x00,0x00,0x00,0x00,0x00,0x00,0x00,0x00,0x00,0x00,0x00,0x00,0x00,0x00,0x01,0xef,0xff,0xff,0xff,0xfd,0x10,0x00,0x00,0x00,0x00,0x00,0x00,0x00,0x00,0x00,0x00,
  0x00,0x00,0x00,0x00,0x00,0x5e,0xff,0xff,0xff,0xff,0xff,0xff,0xff,0xff,0xff,0xfb,0x10,0x00,0x00,0x00,0x00,0x00,0x00,0x00,0x00,0x00,0x00,0x00,0x00,0x00,0x0a,0xff,
  0xff,0xff,0xff,0xf5,0x00,0x00,0x00,0x00,0x00,0x00,0x00,0x00,0x00,0x00,0x00,0x00,0x00,0x00,0x00,0x09,0xff,0xff,0xff,0xff,0xff,0xff,0xff,0xff,0xff,0xff,0xff,0xe3,
  0x00,0x00,0x00,0x00,0x00,0x00,0x00,0x00,0x00,0x00,0x00,0x00,0x00,0x5f,0xff,0xff,0xff,0xff,0xa0,0x00,0x00,0x00,0x00,0x00,0x00,0x00,0x00,0x00,0x00,0x00,0x00,0x00,
  0x00,0x00,0x9f,0xff,0xff,0xff,0xff,0xff,0xff,0xff,0xff,0xff,0xff,0xff,0xff,0x30,0x00,0x00,0x00,0x00,0x00,0x00,0x00,0x00,0x00,0x00,0x00,0x01,0xef,0xff,0xff,0xff,
  0xfe,0x10,0x00,0x00,0x00,0x00,0x00,0x00,0x00,0x00,0x00,0x00,0x00,0x00,0x00,0x00,0x06,0xff,0xff,0xff,0xff,0xff,0xff,0xff,0xff,0xff,0xff,0xff,0xff,0xff,0xd1,0x00,
  0x00,0x00,0x00,0x00,0x00,0x00,0x00,0x00,0x00,0x00,0x0a,0xff,0xff,0xff,0xff,0xf5,0x00,0x00,0x00,0x00,0x00,0x00,0x00,0x00,0x00,0x00,0x00,0x00,0x00,0x00,0x00,0x1f,
  0xff,0xff,0xff,0xff,0xff,0xff,0xff,0xff,0xff,0xff,0xff,0xff,0xff,0xf9,0x00,0x00,0x00,0x00,0x00,0x00,0x00,0x00,0x00,0x00,0x00,0x5f,0xff,0xff,0xff,0xff,0xa0,0x00,
  0x00,0x00,0x00,0x00,0x00,0x00,0x00,0x00,0x00,0x00,0x00,0x00,0x00,0x00,0x9f,0xff,0xff,0xff,0xff,0xff,0xb5,0x21,0x37,0xef,0xff,0xff,0xff,0xff,0xff,0x20,0x00,0x00,
  0x00,0x00,0x00,0x00,0x00,0x00,0x00,0x01,0xef,0xff,0xff,0xff,0xfe,0x10,0x00,0x00,0x00,0x00,0x00,0x00,0x00,0x00,0x00,0x00,0x00,0x00,0x00,0x00,0x01,0xff,0xff,0xff,
  0xff,0xff,0xf6,0x00,0x00,0x00,0x1c,0xff,0xff,0xff,0xff,0xff,0x80,0x00,0x00,0x00,0x00,0x00,0x00,0x00,0x00,0x00,0x0a,0xff,0xff,0xff,0xff,0xf5,0x00,0x00,0x00,0x00,
  0x00,0x00,0x00,0x00,0x00,0x00,0x00,0x00,0x00,0x00,0x00,0x06,0xff,0xff,0xff,0xff,0xff,0xa0,0x00,0x00,0x00,0x01,0xff,0xff,0xff,0xff,0xff,0xe0,0x00,0x00,0x00,0x00,
  0x00,0x00,0x00,0x00,0x00,0x5f,0xff,0xff,0xff,0xff,0xa0,0x00,0x00,0x00,0x00,0x00,0x00,0x00,0x00,0x00,0x00,0x00,0x00,0x00,0x00,0x00,0x0b,0xff,0xff,0xff,0xff,0xff,
  0x20,0x00,0x00,0x00,0x00,0x9f,0xff,0xff,0xff,0xff,0xf2,0x00,0x00,0x00,0x00,0x00,0x00,0x00,0x00,0x01,0xef,0xff,0xff,0xff,0xfe,0x10,0x00,0x00,0x00,0x00,0x00,0x00,
  0x00,0x00,0x00,0x00,0x00,0x00,0x00,0x00,0x00,0x0e,0xff,0xff,0xff,0xff,0xfd,0x00,0x00,0x00,0x00,0x00,0x3f,0xff,0xff,0xff,0xff,0xf6,0x00,0x00,0x00,0x00,0x00,0x00,
  0x00,0x00,0x0a,0xff,0xff,0xff,0xff,0xf5,0x00,0x00,0x00,0x00,0x00,0x00,0x00,0x00,0x00,0x00,0x00,0x00,0x00,0x00,0x00,0x00,0x1f,0xff,0xff,0xff,0xff,0xf9,0x00,0x00,
  0x00,0x00,0x00,0x0f,0xff,0xff,0xff,0xff,0xf9,0x00,0x00,0x00,0x00,0x00,0x00,0x00,0x00,0x5f,0xff,0xff,0xff,0xff,0xa0,0x00,0x00,0x00,0x00,0x00,0x00,0x00,0x00,0x00,
  0x00,0x00,0x00,0x00,0x00,0x00,0x00,0x4f,0xff,0xff,0xff,0xff,0xf7,0x00,0x00,0x00,0x00,0x00,0x0d,0xff,0xff,0xff,0xff,0xfb,0x00,0x00,0x00,0x00,0x00,0x00,0x00,0x01,
  0xef,0xff,0xff,0xff,0xfe,0x10,0x00,0x00,0x00,0x00,0x00,0x00,0x00,0x00,0x00,0x00,0x00,0x00,0x00,0x00,0x00,0x00,0x5f,0xff,0xff,0xff,0xff,0xf5,0x00,0x00,0x00,0x00,
  0x00,0x0c,0xff,0xff,0xff,0xff,0xfd,0x00,0x00,0x00,0x00,0x00,0x00,0x00,0x0a,0xff,0xff,0xff,0xff,0xf5,0x00,0x00,0x00,0x00,0x00,0x00,0x00,0x00,0x00,0x00,0x00,0x00,
  0x00,0x00,0x00,0x00,0x00,0x6f,0xff,0xff,0xff,0xff,0xf4,0x00,0x00,0x00,0x00,0x00,0x0b,0xff,0xff,0xff,0xff,0xfe,0x00,0x00,0x00,0x00,0x00,0x00,0x00,0x4f,0xff,0xff,
  0xff,0xff,0xb0,0x00,0x00,0x00,0x00,0x00,0x00,0x00,0x00,0x00,0x00,0x00,0x00,0x00,0x00,0x00,0x00,0x00,0x7f,0xff,0xff,0xff,0xff,0xf4,0x00,0x00,0x00,0x00,0x00,0x0b,
  0xff,0xff,0xff,0xff,0xfe,0x00,0x00,0x00,0x00,0x00,0x00,0x01,0xef,0xff,0xff,0xff,0xfe,0x10,0x00,0x00,0x00,0x00,0x00,0x00,0x00,0x00,0x00,0x00,0x00,0x00,0x00,0x00,
  0x00,0x00,0x00,0x7f,0xff,0xff,0xff,0xff,0xf4,0x00,0x00,0x00,0x00,0x00,0x0b,0xff,0xff,0xff,0xff,0xfe,0x00,0x00,0x00,0x00,0x00,0x00,0x0a,0xff,0xff,0xff,0xff,0xf5,
  0x00,0x00,0x00,0x00,0x00,0x00,0x00,0x00,0x00,0x00,0x00,0x00,0x00,0x00,0x00,0x00,0x00,0x00,0x7f,0xff,0xff,0xff,0xff,0xf4,0x00,0x00,0x00,0x00,0x00,0x0b,0xff,0xff,
  0xff,0xff,0xfe,0x00,0x00,0x00,0x00,0x00,0x00,0x4f,0xff,0xff,0xff,0xff,0xb0,0x00,0x00,0x00,0x00,0x00,0x00,0x00,0x00,0x00,0x00,0x00,0x00,0x00,0x00,0x00,0x00,0x00,
  0x00,0x6f,0xff,0xff,0xff,0xff,0xf5,0x00,0x00,0x00,0x00,0x00,0x0c,0xff,0xff,0xff,0xff,0xfd,0x00,0x00,0x00,0x00,0x00,0x01,0xef,0xff,0xff,0xff,0xfe,0x10,0x00,0x00,
  0x00,0x00,0x00,0x00,0x00,0x00,0x00,0x00,0x00,0x00,0x00,0x00,0x00,0x00,0x00,0x00,0x4f,0xff,0xff,0xff,0xff,0xf6,0x00,0x00,0x00,0x00,0x00,0x0d,0xff,0xff,0xff,0xff,
  0xfc,0x00,0x00,0x00,0x00,0x00,0x0a,0xff,0xff,0xff,0xff,0xf5,0x00,0x00,0x00,0x00,0x00,0x00,0x00,0x00,0x00,0x00,0x00,0x00,0x00,0x00,0x00,0x00,0x00,0x00,0x00,0x2f,
  0xff,0xff,0xff,0xff,0xf8,0x00,0x00,0x00,0x00,0x00,0x0f,0xff,0xff,0xff,0xff,0xfa,0x00,0x00,0x00,0x00,0x00,0x4f,0xff,0xff,0xff,0xff,0xb0,0x00,0x00,0x00,0x00,0x00,
  0x00,0x00,0x00,0x00,0x00,0x00,0x00,0x00,0x00,0x00,0x00,0x00,0x00,0x00,0x0f,0xff,0xff,0xff,0xff,0xfc,0x00,0x00,0x00,0x00,0x00,0x3f,0xff,0xff,0xff,0xff,0xf7,0x00,
  0x00,0x00,0x00,0x01,0xef,0xff,0xff,0xff,0xfe,0x10,0x00,0x00,0x00,0x00,0x00,0x00,0x00,0x00,0x00,0x00,0x00,0x00,0x00,0x00,0x00,0x00,0x00,0x00,0x00,0x0c,0xff,0xff,
  0xff,0xff,0xff,0x10,0x00,0x00,0x00,0x00,0x7f,0xff,0xff,0xff,0xff,0xf4,0x00,0x00,0x00,0x00,0x0a,0xff,0xff,0xff,0xff,0xf5,0x00,0x00,0x00,0x00,0x00,0x00,0x00,0x00,
  0x00,0x00,0x00,0x00,0x00,0x00,0x00,0x00,0x00,0x00,0x00,0x00,0x08,0xff,0xff,0xff,0xff,0xff,0x80,0x00,0x00,0x00,0x00,0xef,0xff,0xff,0xff,0xff,0xf0,0x00,0x00,0x00,
  0x00,0x4f,0xff,0xff,0xff,0xff,0xb0,0x00,0x00,0x00,0x00,0x00,0x00,0x00,0x00,0x00,0x00,0x00,0x00,0x00,0x00,0x00,0x00,0x00,0x00,0x00,0x00,0x02,0xff,0xff,0xff,0xff,
  0xff,0xf3,0x00,0x00,0x00,0x08,0xff,0xff,0xff,0xff,0xff,0xa0,0x00,0x00,0x00,0x01,0xef,0xff,0xff,0xff,0xff,0x10,0x00,0x00,0x00,0x00,0x00,0x00,0x00,0x00,0x00,0x00,
  0x00,0x00,0x00,0x00,0x00,0x00,0x00,0x00,0x00,0x00,0x00,0xbf,0xff,0xff,0xff,0xff,0xff,0x71,0x00,0x02,0xaf,0xff,0xff,0xff,0xff,0xff,0x30,0x00,0x00,0x00,0x09,0xff,
  0xff,0xff,0xff,0xf6,0x00,0x00,0x00,0x00,0x00,0x00,0x00,0x00,0x00,0x00,0x00,0x00,0x00,0x00,0x00,0x00,0x00,0x00,0x00,0x00,0x00,0x00,0x3f,0xff,0xff,0xff,0xff,0xff,
  0xff,0xed,0xef,0xff,0xff,0xff,0xff,0xff,0xfc,0x00,0x00,0x00,0x00,0x4f,0xff,0xff,0xff,0xff,0xb0,0x00,0x00,0x00,0x00,0x00,0x00,0x00,0x00,0x00,0x00,0x00,0x00,0x00,
  0x00,0x00,0x00,0x00,0x00,0x00,0x00,0x00,0x00,0x09,0xff,0xff,0xff,0xff,0xff,0xff,0xff,0xff,0xff,0xff,0xff,0xff,0xff,0xf2,0x00,0x00,0x00,0x00,0xef,0xff,0xff,0xff,
  0xff,0x10,0x00,0x00,0x00,0x00,0x00,0x00,0x00,0x00,0x00,0x00,0x00,0x00,0x00,0x00,0x00,0x00,0x00,0x00,0x00,0x00,0x00,0x00,0x00,0xcf,0xff,0xff,0xff,0xff,0xff,0xff,
  0xff,0xff,0xff,0xff,0xff,0xff,0x50,0x00,0x00,0x00,0x09,0xff,0xff,0xff,0xff,0xf6,0x00,0x00,0x00,0x00,0x00,0x00,0x00,0x00,0x00,0x00,0x00,0x00,0x00,0x00,0x00,0x00,
  0x00,0x00,0x00,0x00,0x00,0x00,0x00,0x00,0x1c,0xff,0xff,0xff,0xff,0xff,0xff,0xff,0xff,0xff,0xff,0xff,0xf6,0x00,0x00,0x00,0x00,0x4f,0xff,0xff,0xff,0xff,0xb0,0x00,
  0x00,0x00,0x00,0x00,0x00,0x00,0x00,0x00,0x00,0x00,0x00,0x00,0x00,0x00,0x00,0x00,0x00,0x00,0x00,0x00,0x00,0x00,0x00,0x00,0x9f,0xff,0xff,0xff,0xff,0xff,0xff,0xff,
  0xff,0xff,0xfe,0x40,0x00,0x00,0x00,0x00,0xef,0xff,0xff,0xff,0xff,0x10,0x00,0x00,0x00,0x00,0x00,0x00,0x00,0x00,0x00,0x00,0x00,0x00,0x00,0x00,0x00,0x00,0x00,0x00,
  0x00,0x00,0x00,0x00,0x00,0x00,0x00,0x03,0xbf,0xff,0xff,0xff,0xff,0xff,0xff,0xff,0xfe,0x80,0x00,0x00,0x00,0x00,0x09,0xff,0xff,0xff,0xff,0xf6,0x00,0x00,0x00,0x00,
  0x00,0x00,0x00,0x00,0x00,0x00,0x00,0x00,0x00,0x00,0x00,0x00,0x00,0x00,0x00,0x00,0x00,0x00,0x00,0x00,0x00,0x00,0x00,0x02,0x7b,0xff,0xff,0xff,0xff,0xff,0xda,0x50,
  0x00,0x00,0x00,0x00,0x00,0x4f,0xff,0xff,0xff,0xff,0xb0,0x00,0x00,0x00,0x00,0x00,0x00,0x00,0x23,0x44,0x43,0x20,0x00,0x00,0x00,0x00,0x00,0x00,0x00,0x00,0x00,0x00,
  0x00,0x00,0x00,0x00,0x00,0x00,0x00,0x00,0x01,0x34,0x55,0x54,0x30,0x00,0x00,0x00,0x00,0x00,0x00,0x00,0xef,0xff,0xff,0xff,0xff,0x10,0x00,0x00,0x00,0x00,0x01,0x6a,
  0xdf,0xff,0xff,0xff,0xff,0xd9,0x50,0x00,0x00,0x00,0x00,0x00,0x00,0x00,0x00,0x00,0x00,0x00,0x00,0x00,0x00,0x00,0x00,0x00,0x00,0x00,0x00,0x00,0x00,0x00,0x00,0x00,
  0x00,0x00,0x09,0xff,0xff,0xff,0xff,0xf6,0x00,0x00,0x00,0x00,0x02,0x9f,0xff,0xff,0xff,0xff,0xff,0xff,0xff,0xff,0x81,0x00,0x00,0x00,0x00,0x00,0x00,0x00,0x00,0x00,
  0x00,0x00,0x00,0x00,0x00,0x00,0x00,0x00,0x00,0x00,0x00,0x00,0x00,0x00,0x00,0x00,0x00,0x4f,0xff,0xff,0xff,0xff,0xb0,0x00,0x00,0x00,0x00,0x7f,0xff,0xff,0xff,0xff,
  0xff,0xff,0xff,0xff,0xff,0xfe,0x50,0x00,0x00,0x00,0x00,0x00,0x00,0x00,0x00,0x00,0x00,0x00,0x00,0x00,0x00,0x00,0x00,0x00,0x00,0x00,0x00,0x00,0x00,0x00,0x00,0x00,
  0xef,0xff,0xff,0xff,0xff,0x10,0x00,0x00,0x00,0x0a,0xff,0xff,0xff,0xff,0xff,0xff,0xff,0xff,0xff,0xff,0xff,0xf8,0x00,0x00,0x00,0x00,0x00,0x00,0x00,0x00,0x00,0x00,
  0x00,0x00,0x00,0x00,0x00,0x00,0x00,0x00,0x00,0x00,0x00,0x00,0x00,0x00,0x09,0xff,0xff,0xff,0xff,0xf6,0x00,0x00,0x00,0x00,0xaf,0xff,0xff,0xff,0xff,0xff,0xff,0xff,
  0xff,0xff,0xff,0xff,0xff,0x70,0x00,0x00,0x00,0x00,0x00,0x00,0x00,0x00,0x00,0x00,0x00,0x00,0x00,0x00,0x00,0x00,0x00,0x00,0x00,0x00,0x00,0x00,0x00,0x4f,0xff,0xff,
  0xff,0xff,0xb0,0x00,0x00,0x00,0x06,0xff,0xff,0xff,0xff,0xff,0xff,0xff,0xff,0xff,0xff,0xff,0xff,0xff,0xf4,0x00,0x00,0x00,0x00,0x00,0x00,0x00,0x00,0x00,0x00,0x00,
  0x00,0x00,0x00,0x00,0x00,0x00,0x00,0x00,0x00,0x00,0x00,0x00,0xef,0xff,0xff,0xff,0xff,0x10,0x00,0x00,0x00,0x1f,0xff,0xff,0xff,0xff,0xff,0xff,0xfe,0xff,0xff,0xff,
  0xff,0xff,0xff,0xfd,0x00,0x00,0x00,0x00,0x00,0x00,0x00,0x00,0x00,0x00,0x00,0x00,0x00,0x00,0x00,0x00,0x00,0x00,0x00,0x00,0x00,0x00,0x09,0xff,0xff,0xff,0xff,0xf6,
  0x00,0x00,0x00,0x00,0x8f,0xff,0xff,0xff,0xff,0xff,0x82,0x00,0x03,0xaf,0xff,0xff,0xff,0xff,0xff,0x50,0x00,0x00,0x00,0x00,0x00,0x00,0x00,0x00,0x00,0x00,0x00,0x00,
  0x00,0x00,0x00,0x00,0x00,0x00,0x00,0x00,0x00,0x4f,0xff,0xff,0xff,0xff,0xb0,0x00,0x00,0x00,0x00,0xff,0xff,0xff,0xff,0xff,0xf4,0x00,0x00,0x00,0x08,0xff,0xff,0xff,
  0xff,0xff,0xb0,0x00,0x00,0x00,0x00,0x00,0x00,0x00,0x00,0x00,0x00,0x00,0x00,0x00,0x00,0x00,0x00,0x00,0x00,0x00,0x00,0x00,0xef,0xff,0xff,0xff,0xff,0x10,0x00,0x00,
  0x00,0x04,0xff,0xff,0xff,0xff,0xff,0x90,0x00,0x00,0x00,0x00,0xdf,0xff,0xff,0xff,0xff,0xf1,0x00,0x00,0x00,0x00,0x00,0x00,0x00,0x00,0x00,0x00,0x00,0x00,0x00,0x00,
  0x00,0x00,0x00,0x00,0x00,0x00,0x09,0xff,0xff,0xff,0xff,0xf6,0x00,0x00,0x00,0x00,0x09,0xff,0xff,0xff,0xff,0xff,0x20,0x00,0x00,0x00,0x00,0x6f,0xff,0xff,0xff,0xff,
  0xf5,0x00,0x00,0x00,0x00,0x00,0x00,0x00,0x00,0x00,0x00,0x00,0x00,0x00,0x00,0x00,0x00,0x00,0x00,0x00,0x00,0x4f,0xff,0xff,0xff,0xff,0xb0,0x00,0x00,0x00,0x00,0x0c,
  0xff,0xff,0xff,0xff,0xfd,0x00,0x00,0x00,0x00,0x00,0x1f,0xff,0xff,0xff,0xff,0xf8,0x00,0x00,0x00,0x00,0x00,0x00,0x00,0x00,0x00,0x00,0x00,0x00,0x00,0x00,0x00,0x00,
  0x00,0x00,0x00,0x00,0xdf,0xff,0xff,0xff,0xff,0x10,0x00,0x00,0x00,0x00,0x0f,0xff,0xff,0xff,0xff,0xfa,0x00,0x00,0x00,0x00,0x00,0x0e,0xff,0xff,0xff,0xff,0xfb,0x00,
  0x00,0x00,0x00,0x00,0x00,0x00,0x00,0x00,0x00,0x00,0x00,0x00,0x00,0x00,0x00,0x00,0x00,0x00,0x09,0xff,0xff,0xff,0xff,0xf6,0x00,0x00,0x00,0x00,0x00,0x1f,0xff,0xff,
  0xff,0xff,0xf8,0x00,0x00,0x00,0x00,0x00,0x0b,0xff,0xff,0xff,0xff,0xfd,0x00,0x00,0x00,0x00,0x00,0x00,0x00,0x00,0x00,0x00,0x00,0x00,0x00,0x00,0x00,0x00,0x00,0x00,
  0x00,0x3f,0xff,0xff,0xff,0xff,0xb0,0x00,0x00,0x00,0x00,0x00,0x3f,0xff,0xff,0xff,0xff,0xf6,0x00,0x00,0x00,0x00,0x00,0x0a,0xff,0xff,0xff,0xff,0xff,0x00,0x00,0x00,
  0x00,0x00,0x00,0x00,0x00,0x00,0x00,0x00,0x00,0x00,0x00,0x00,0x00,0x00,0x00,0x00,0xdf,0xff,0xff,0xff,0xff,0x20,0x00,0x00,0x00,0x00,0x00,0x4f,0xff,0xff,0xff,0xff,
  0xf6,0x00,0x00,0x00,0x00,0x00,0x0a,0xff,0xff,0xff,0xff,0xff,0x00,0x00,0x00,0x00,0x00,0x00,0x00,0x00,0x00,0x00,0x00,0x00,0x00,0x00,0x00,0x00,0x00,0x00,0x09,0xff,
  0xff,0xff,0xff,0xf6,0x00,0x00,0x00,0x00,0x00,0x00,0x4f,0xff,0xff,0xff,0xff,0xf6,0x00,0x00,0x00,0x00,0x00,0x0a,0xff,0xff,0xff,0xff,0xff,0x00,0x00,0x00,0x00,0x00,
  0x00,0x00,0x00,0x00,0x00,0x00,0x00,0x00,0x00,0x00,0x00,0x00,0x00,0x3f,0xff,0xff,0xff,0xff,0xb0,0x00,0x00,0x00,0x00,0x00,0x00,0x4f,0xff,0xff,0xff,0xff,0xf6,0x00,
  0x00,0x00,0x00,0x00,0x0a,0xff,0xff,0xff,0xff,0xff,0x00,0x00,0x00,0x00,0x00,0x00,0x00,0x00,0x00,0x00,0x00,0x00,0x00,0x00,0x00,0x00,0x00,0x00,0xdf,0xff,0xff,0xff,
  0xff,0x20,0x00,0x00,0x00,0x00,0x00,0x00,0x3f,0xff,0xff,0xff,0xff,0xf6,0x00,0x00,0x00,0x00,0x00,0x0a,0xff,0xff,0xff,0xff,0xff,0x00,0x00,0x00,0x00,0x00,0x00,0x00,
  0x00,0x00,0x00,0x00,0x00,0x00,0x00,0x00,0x00,0x00,0x09,0xff,0xff,0xff,0xff,0xf6,0x00,0x00,0x00,0x00,0x00,0x00,0x00,0x2f,0xff,0xff,0xff,0xff,0xf6,0x00,0x00,0x00,
  0x00,0x00,0x0a,0xff,0xff,0xff,0xff,0xfe,0x00,0x00,0x00,0x00,0x00,0x00,0x00,0x00,0x00,0x00,0x00,0x00,0x00,0x00,0x00,0x00,0x00,0x3f,0xff,0xff,0xff,0xff,0xb0,0x00,
  0x00,0x00,0x00,0x00,0x00,0x00,0x1f,0xff,0xff,0xff,0xff,0xf8,0x00,0x00,0x00,0x00,0x00,0x0c,0xff,0xff,0xff,0xff,0xfd,0x00,0x00,0x00,0x00,0x00,0x00,0x00,0x00,0x00,
  0x00,0x00,0x00,0x00,0x00,0x00,0x00,0x00,0xdf,0xff,0xff,0xff,0xff,0x20,0x00,0x00,0x00,0x00,0x00,0x00,0x00,0x0f,0xff,0xff,0xff,0xff,0xfb,0x00,0x00,0x00,0x00,0x00,
  0x0e,0xff,0xff,0xff,0xff,0xfb,0x00,0x00,0x00,0x00,0x00,0x00,0x00,0x00,0x00,0x00,0x00,0x00,0x00,0x00,0x00,0x00,0x09,0xff,0xff,0xff,0xff,0xf6,0x00,0x00,0x00,0x00,
  0x00,0x00,0x00,0x00,0x0c,0xff,0xff,0xff,0xff,0xfe,0x00,0x00,0x00,0x00,0x00,0x2f,0xff,0xff,0xff,0xff,0xf8,0x00,0x00,0x00,0x00,0x00,0x00,0x00,0x00,0x00,0x00,0x00,
  0x00,0x00,0x00,0x00,0x00,0x3f,0xff,0xff,0xff,0xff,0xc0,0x00,0x00,0x00,0x00,0x00,0x00,0x00,0x00,0x08,0xff,0xff,0xff,0xff,0xff,0x40,0x00,0x00,0x00,0x00,0x7f,0xff,
  0xff,0xff,0xff,0xf5,0x00,0x00,0x00,0x00,0x00,0x00,0x00,0x00,0x00,0x00,0x00,0x00,0x00,0x00,0x00,0x00,0xdf,0xff,0xff,0xff,0xff,0x20,0x00,0x00,0x00,0x00,0x00,0x00,
  0x00,0x00,0x03,0xff,0xff,0xff,0xff,0xff,0xb0,0x00,0x00,0x00,0x00,0xef,0xff,0xff,0xff,0xff,0xf0,0x00,0x00,0x00,0x00,0x00,0x00,0x00,0x00,0x00,0x00,0x00,0x00,0x00,
  0x00,0x00,0x09,0xff,0xff,0xff,0xff,0xf6,0x00,0x00,0x00,0x00,0x00,0x00,0x00,0x00,0x00,0x00,0xef,0xff,0xff,0xff,0xff,0xf7,0x00,0x00,0x00,0x09,0xff,0xff,0xff,0xff,
  0xff,0xb0,0x00,0x00,0x00,0x00,0x00,0x00,0x00,0x00,0x00,0x00,0x00,0x00,0x00,0x00,0x00,0x3f,0xff,0xff,0xff,0xff,0xc0,0x00,0x00,0x00,0x00,0x00,0x00,0x00,0x00,0x00,
  0x00,0x7f,0xff,0xff,0xff,0xff,0xff,0xb4,0x10,0x25,0xcf,0xff,0xff,0xff,0xff,0xff,0x40,0x00,0x00,0x00,0x00,0x00,0x00,0x00,0x00,0x00,0x00,0x00,0x00,0x00,0x00,0x00,
  0xdf,0xff,0xff,0xff,0xff,0x20,0x00,0x00,0x00,0x00,0x00,0x00,0x00,0x00,0x00,0x00,0x0e,0xff,0xff,0xff,0xff,0xff,0xff,0xff,0xff,0xff,0xff,0xff,0xff,0xff,0xfc,0x00,
  0x00,0x00,0x00,0x00,0x00,0x00,0x00,0x00,0x00,0x00,0x00,0x00,0x00,0x00,0x09,0xff,0xff,0xff,0xff,0xf6,0x00,0x00,0x00,0x00,0x00,0x00,0x00,0x00,0x00,0x00,0x00,0x04,
  0xff,0xff,0xff,0xff,0xff,0xff,0xff,0xff,0xff,0xff,0xff,0xff,0xff,0xf2,0x00,0x00,0x00,0x00,0x00,0x00,0x00,0x00,0x00,0x00,0x00,0x00,0x00,0x00,0x00,0x3f,0xff,0xff,
  0xff,0xff,0xc0,0x00,0x00,0x00,0x00,0x00,0x00,0x00,0x00,0x00,0x00,0x00,0x00,0x7f,0xff,0xff,0xff,0xff,0xff,0xff,0xff,0xff,0xff,0xff,0xff,0xff,0x50,0x00,0x00,0x00,
  0x00,0x00,0x00,0x00,0x00,0x00,0x00,0x00,0x00,0x00,0x00,0x00,0xdf,0xff,0xff,0xff,0xff,0x20,0x00,0x00,0x00,0x00,0x00,0x00,0x00,0x00,0x00,0x00,0x00,0x00,0x07,0xff,
  0xff,0xff,0xff,0xff,0xff,0xff,0xff,0xff,0xff,0xff,0xf6,0x00,0x00,0x00,0x00,0x00,0x00,0x00,0x00,0x00,0x00,0x00,0x00,0x00,0x00,0x00,0x08,0xff,0xff,0xff,0xff,0xf7,
  0x00,0x00,0x00,0x00,0x00,0x00,0x00,0x00,0x00,0x00,0x00,0x00,0x00,0x00,0x4d,0xff,0xff,0xff,0xff,0xff,0xff,0xff,0xff,0xff,0xfd,0x30,0x00,0x00,0x00,0x00,0x00,0x00,
  0x00,0x00,0x00,0x00,0x00,0x00,0x00,0x00,0x00,0x3f,0xff,0xff,0xff,0xff,0xc0,0x00,0x00,0x00,0x00,0x00,0x00,0x00,0x00,0x00,0x00,0x00,0x00,0x00,0x00,0x00,0x6d,0xff,
  0xff,0xff,0xff,0xff,0xff,0xff,0xfd,0x60,0x00,0x00,0x00,0x00,0x00,0x00,0x00,0x00,0x00,0x00,0x00,0x00,0x00,0x00,0x00,0x00,0x00,0x00,0x00,0x00,0x00,0x00,0x00,0x00,
  0x00,0x00,0x00,0x00,0x00,0x00,0x00,0x00,0x00,0x00,0x00,0x00,0x00,0x00,0x37,0xbe,0xff,0xff,0xff,0xfd,0xb7,0x20,0x00,0x00,0x00,0x00,0x00,0x00,0x00,0x00,0x00,0x00,
  0x00,0x00,0x00,0x00,0x00,0x00,0x00,0x00,0x00,0x00,0x00,0x00,0x00,0x00,0x00,0x00,0x00,0x00,0x00,0x00,0x00,0x00,0x00,0x00,0x00,0x00,0x00,0x00,0x00,0x00,0x00,0x01,
  0x22,0x21,0x00,0x00,0x00,0x00,0x00,0x00,0x00,0x00,0x00,0x00,0x00,0x01,0xbb,0xbb,0xbb,0xbb,0xbb,0xbb,0xbb,0xbb,0xbb,0xbb,0xbb,0xbb,0x10,0x00,0x00,0x02,0xff,0xff,
  0xff,0xff,0xff,0xff,0xff,0xff,0xff,0xff,0xff,0xff,0x20,0x00,0x00,0x02,0xff,0xff,0xff,0xff,0xff,0xff,0xff,0xff,0xff,0xff,0xff,0xff,0x20,0x00,0x00,0x02,0xff,0xff,
  0xff,0xff,0xff,0xff,0xff,0xff,0xff,0xff,0xff,0xff,0x20,0x00,0x00,0x02,0xff,0xff,0xff,0xff,0xff,0xff,0xff,0xff,0xff,0xff,0xff,0xff,0x20,0x00,0x00,0x02,0xff,0xff,
  0xff,0xff,0xff,0xff,0xff,0xff,0xff,0xff,0xff,0xff,0x20,0x00,0x00,0x02,0xff,0xff,0xff,0xff,0xff,0xff,0xff,0xff,0xff,0xff,0xff,0xff,0x20,0x00,0x00,0x02,0xff,0xff,
  0xff,0xff,0xff,0xff,0xff,0xff,0xff,0xff,0xff,0xff,0x20,0x00,0x00,0x02,0xff,0xff,0xff,0xff,0xff,0xff,0xff,0xff,0xff,0xff,0xff,0xff,0x20,0x00,0x00,0x02,0xff,0xff,
  0xff,0xff,0xff,0xff,0xff,0xff,0xff,0xff,0xff,0xff,0x20,0x00,0x00,0x02,0xff,0xff,0xff,0xff,0xff,0xff,0xff,0xff,0xff,0xff,0xff,0xff,0x20,0x00,0x00,0x02,0xff,0xff,
  0xff,0xff,0xff,0xff,0xff,0xff,0xff,0xff,0xff,0xff,0x20,0x00,0x00,0x02,0xff,0xff,0xff,0xff,0xff,0xff,0xff,0xff,0xff,0xff,0xff,0xff,0x20,0x00,0x00,0x01,0x66,0x66,
  0x66,0x66,0x66,0x66,0x66,0x66,0x66,0x66,0x66,0x66,0x00,0x00,0x00,0x00,0x00,0x00,0x00,0x00,0x00,0x00,0x00,0x00,0x00,0x00,0x00,0x00,0x00,0x00,0x00,0x00,0x00,0x00,
  0x00,0x00,0x00,0x00,0x00,0x00,0x00,0x00,0x00,0x00,0x00,0x00,0x00,0x00,0x00,0x00,0x00,0x00,0x00,0x00,0x00,0x00,0x00,0x00,0x00,0x00,0x00,0x00,0x00,0x00,0x00,0x00,
  0x00,0x00,0x00,0x00,0x00,0x00,0x00,0x00,0x00,0x00,0x00,0x00,0x00,0x00,0x00,0x00,0x00,0x00,0x00,0x00,0x00,0x00,0x00,0x00,0x00,0x00,0x00,0x00,0x00,0x00,0x00,0x00,
  0x00,0x00,0x00,0x00,0x00,0x00,0x00,0x00,0x00,0x00,0x00,0x00,0x00,0x00,0x00,0x00,0x00,0x00,0x00,0x00,0x00,0x00,0x00,0x00,0x00,0x00,0x00,0x00,0x00,0x00,0x00,0x00,
  0x00,0x00,0x00,0x00,0x00,0x00,0x00,0x00,0x00,0x00,0x00,0x00,0x00,0x00,0x00,0x00,0x00,0x00,0x00,0x00,0x00,0x00,0x00,0x00,0x00,0x00,0x00,0x00,0x00,0x00,0x00,0x00,
  0x00,0x00,0x00,0x00,0x00,0x00,0x00,0x00,0x00,0x00,0x00,0x00,0x00,0x00,0x00,0x00,0x00,0x00,0x00,0x00,0x00,0x00,0x00,0x00,0x00,0x00,0x00,0x00,0x00,0x00,0x00,0x00,
  0x00,0x00,0x00,0x00,0x00,0x00,0x00,0x00,0x00,0x00,0x00,0x00,0x00,0x00,0x00,0x00,0x00,0x00,0x00,0x00,0x00,0x00,0x00,0x00,0x00,0x00,0x00,0x00,0x00,0x00,0x00,0x00,
  0x00,0x00,0x00,0x00,0x00,0x00,0x00,0x00,0x00,0x00,0x00,0x00,0x00,0x00,0x00,0x00,0x00,0x00,0x00,0x00,0x00,0x00,0x00,0x00,0x00,0x00,0x00,0x00,0x00,0x00,0x00,0x00,
  0x00,0x00,0x00,0x00,0x00,0x00,0x00,0x00,0x00,0x00,0x00,0x00,0x00,0x00,0x00,0x00,0x00,0x00,0x00,0x00,0x00,0x00,0x00,0x00,0x00,0x00,0x00,0x00,0x00,0x00,0x00,0x00,
  0x00,0x00,0x00,0x00,0x00,0x00,0x00,0x00,0x00,0x00,0x00,0x00,0x00,0x00,0x00,0x00,0x00,0x00,0x00,0x00,0x00,0x00,0x00,0x00,0x00,0x00,0x00,0x00,
};
const sig_font_t sigf_9 = { 0, 800, 96.0f, 85, 21, 0, 13, sigf_9_ch, sigf_9_gl, sigf_9_bmp, 25244 };
// --- mono 400 normal 9px  (101 glyphs, 1779 bytes)
static const sig_glyph_t sigf_10_gl[] = {
  {0,0,0,0,0,5},
  {0,5,6,0,-6,5},
  {18,5,7,0,-7,5},
  {39,6,6,0,-6,5},
  {57,5,8,0,-7,5},
  {81,6,6,0,-6,5},
  {99,6,6,0,-6,5},
  {117,5,7,0,-7,5},
  {138,5,8,0,-7,5},
  {162,5,8,0,-7,5},
  {186,6,5,0,-5,5},
  {201,5,5,0,-5,5},
  {216,5,2,0,-1,5},
  {222,5,3,0,-3,5},
  {231,5,1,0,-1,5},
  {234,5,8,0,-7,5},
  {258,5,6,0,-6,5},
  {276,5,6,0,-6,5},
  {294,5,6,0,-6,5},
  {312,5,6,0,-6,5},
  {330,6,6,0,-6,5},
  {348,5,6,0,-6,5},
  {366,5,6,0,-6,5},
  {384,5,6,0,-6,5},
  {402,5,6,0,-6,5},
  {420,5,6,0,-6,5},
  {438,5,5,0,-5,5},
  {453,5,6,0,-5,5},
  {471,5,5,0,-5,5},
  {486,5,4,0,-4,5},
  {498,5,5,0,-5,5},
  {513,5,6,0,-6,5},
  {531,5,7,0,-6,5},
  {552,6,6,0,-6,5},
  {570,5,6,0,-6,5},
  {588,5,6,0,-6,5},
  {606,5,6,0,-6,5},
  {624,5,6,0,-6,5},
  {642,5,6,0,-6,5},
  {660,5,6,0,-6,5},
  {678,5,6,0,-6,5},
  {696,5,6,0,-6,5},
  {714,5,6,0,-6,5},
  {732,6,6,0,-6,5},
  {750,5,6,0,-6,5},
  {768,5,6,0,-6,5},
  {786,5,6,0,-6,5},
  {804,5,6,0,-6,5},
  {822,5,6,0,-6,5},
  {840,5,8,0,-6,5},
  {864,5,6,0,-6,5},
  {882,5,6,0,-6,5},
  {900,6,6,0,-6,5},
  {918,5,6,0,-6,5},
  {936,6,6,0,-6,5},
  {954,6,6,0,-6,5},
  {972,6,6,0,-6,5},
  {990,6,6,0,-6,5},
  {1008,5,6,0,-6,5},
  {1026,5,8,0,-7,5},
  {1050,5,8,0,-7,5},
  {1074,5,8,0,-7,5},
  {1098,5,6,0,-6,5},
  {1116,5,2,0,0,5},
  {1122,5,8,0,-8,5},
  {1146,5,5,0,-5,5},
  {1161,5,7,0,-7,5},
  {1182,5,5,0,-5,5},
  {1197,5,7,0,-7,5},
  {1218,5,5,0,-5,5},
  {1233,5,7,0,-7,5},
  {1254,6,8,0,-6,5},
  {1278,5,7,0,-7,5},
  {1299,5,7,0,-7,5},
  {1320,5,9,0,-7,5},
  {1347,6,7,0,-7,5},
  {1368,5,7,0,-7,5},
  {1389,5,5,0,-5,5},
  {1404,5,5,0,-5,5},
  {1419,5,5,0,-5,5},
  {1434,5,7,0,-5,5},
  {1455,5,7,0,-5,5},
  {1476,6,5,0,-5,5},
  {1491,5,5,0,-5,5},
  {1506,5,6,0,-6,5},
  {1524,5,5,0,-5,5},
  {1539,5,5,0,-5,5},
  {1554,6,5,0,-5,5},
  {1569,5,5,0,-5,5},
  {1584,5,7,0,-5,5},
  {1605,5,5,0,-5,5},
  {1620,5,8,0,-7,5},
  {1644,5,8,0,-7,5},
  {1668,5,8,0,-7,5},
  {1692,5,4,0,-4,5},
  {1704,5,3,0,-3,5},
  {1713,6,3,0,-3,5},
  {1722,5,1,0,-1,5},
  {1725,5,4,0,-4,5},
  {1737,6,7,0,-7,5},
  {1758,5,7,0,-7,5},
};
static const char sigf_10_ch[] = " !\"#$%&'()*+,-./0123456789:;<=>?@ABCDEFGHIJKLMNOPQRSTUVWXYZ[\\]^_`abcdefghijklmnopqrstuvwxyz{|}~·—…•→’";
static const uint8_t sigf_10_bmp[] = {
  0x00,0xb1,0x00,0x00,0xb1,0x00,0x00,0x90,0x00,0x00,0x60,0x00,0x00,0x00,0x00,0x00,0xc3,0x00,0x07,0x4b,0x00,0x07,0x4b,0x00,0x03,0x15,0x00,0x00,0x00,0x00,0x00,0x00,
  0x00,0x00,0x00,0x00,0x00,0x00,0x00,0x01,0xa5,0x30,0x8f,0x78,0xf4,0x06,0x49,0x00,0x08,0x1b,0x00,0xde,0x1f,0xf0,0x09,0x47,0x00,0x00,0x71,0x00,0x0a,0xfd,0x30,0x49,
  0x83,0x70,0x2e,0xd7,0x10,0x02,0xaa,0xc0,0x47,0x82,0xc0,0x09,0xfe,0x50,0x00,0x71,0x00,0x7f,0x70,0x90,0xa1,0xa3,0x60,0x7f,0x76,0x00,0x06,0x3e,0xc0,0x18,0x64,0x82,
  0x81,0x2e,0xc0,0x0b,0xf5,0x00,0x2a,0x16,0x00,0x0c,0x43,0xf0,0x88,0xd8,0x40,0xb2,0x2f,0x20,0x4e,0xd6,0xa0,0x00,0xa0,0x00,0x00,0xa0,0x00,0x00,0x40,0x00,0x00,0x00,
  0x00,0x00,0x00,0x00,0x00,0x00,0x00,0x00,0x00,0x00,0x00,0x09,0x10,0x00,0x72,0x00,0x00,0x90,0x00,0x01,0x80,0x00,0x01,0x80,0x00,0x00,0x90,0x00,0x00,0x72,0x00,0x00,
  0x09,0x10,0x07,0x30,0x00,0x00,0x90,0x00,0x00,0x54,0x00,0x00,0x27,0x00,0x00,0x27,0x00,0x00,0x54,0x00,0x00,0x90,0x00,0x07,0x30,0x00,0x00,0xa0,0x00,0x45,0xa3,0x70,
  0x05,0xf9,0x20,0x08,0x5b,0x00,0x03,0x02,0x10,0x00,0x90,0x00,0x00,0xa0,0x00,0x7f,0xff,0xd0,0x00,0xa0,0x00,0x00,0x80,0x00,0x00,0xc3,0x00,0x00,0xa0,0x00,0x09,0xff,
  0x00,0x00,0x00,0x00,0x00,0x00,0x00,0x00,0xc3,0x00,0x00,0x04,0x60,0x00,0x09,0x00,0x00,0x19,0x00,0x00,0x63,0x00,0x00,0xa0,0x00,0x03,0x60,0x00,0x09,0x10,0x00,0x09,
  0x00,0x00,0x09,0xfc,0x20,0x4a,0x04,0xa0,0x74,0x00,0xc0,0x74,0xb2,0xc0,0x4a,0x04,0xa0,0x09,0xfc,0x20,0x05,0xf5,0x00,0x3e,0x95,0x00,0x33,0x75,0x00,0x00,0x75,0x00,
  0x00,0x75,0x00,0x3f,0xff,0xf0,0x08,0xfc,0x10,0x3a,0x06,0x80,0x00,0x07,0x60,0x00,0x8b,0x00,0x08,0x70,0x00,0x5f,0xff,0xd0,0x08,0xfd,0x20,0x17,0x17,0x70,0x04,0xfc,
  0x00,0x00,0x05,0x80,0x45,0x05,0x90,0x0a,0xfc,0x10,0x00,0x4e,0x20,0x00,0x99,0x20,0x07,0x19,0x20,0x25,0x09,0x20,0xaf,0xff,0xf1,0x00,0x09,0x20,0x0f,0xff,0x80,0x0a,
  0x00,0x00,0x1c,0xed,0x30,0x06,0x03,0xb0,0x27,0x03,0xa0,0x08,0xfc,0x20,0x00,0xa3,0x00,0x09,0x20,0x00,0x2c,0xee,0x30,0x59,0x03,0xb0,0x49,0x03,0xb0,0x09,0xfd,0x20,
  0x6f,0xff,0xc0,0x64,0x03,0x60,0x00,0x0a,0x00,0x00,0x37,0x00,0x00,0xa1,0x00,0x03,0x90,0x00,0x1b,0xfe,0x40,0x3a,0x04,0xa0,0x09,0xfe,0x10,0x58,0x02,0xb0,0x68,0x02,
  0xc0,0x0b,0xfd,0x40,0x09,0xfc,0x20,0x49,0x03,0xa0,0x59,0x03,0xc0,0x0b,0xfa,0x90,0x00,0x0a,0x10,0x01,0x93,0x00,0x00,0xc3,0x00,0x00,0x00,0x00,0x00,0x00,0x00,0x00,
  0x00,0x00,0x00,0xc3,0x00,0x00,0xc3,0x00,0x00,0x00,0x00,0x00,0x00,0x00,0x00,0x00,0x00,0x00,0xc3,0x00,0x00,0xa0,0x00,0x00,0x05,0x70,0x04,0xa5,0x00,0x3c,0x00,0x00,
  0x04,0xa5,0x00,0x00,0x05,0x70,0x7f,0xff,0xd0,0x00,0x00,0x00,0x7f,0xff,0xd0,0x00,0x00,0x00,0x29,0x10,0x00,0x02,0xa7,0x00,0x00,0x07,0x90,0x02,0x97,0x00,0x29,0x10,
  0x00,0x06,0xed,0x20,0x2b,0x06,0x80,0x00,0x28,0x30,0x00,0xb0,0x00,0x00,0x00,0x00,0x00,0xe1,0x00,0x08,0xfd,0x20,0x3a,0x05,0xa0,0x64,0xbc,0xa0,0x64,0xb0,0xa0,0x54,
  0xcc,0xa0,0x2b,0x10,0x00,0x07,0xef,0x10,0x00,0xe5,0x00,0x04,0x8a,0x00,0x09,0x2c,0x00,0x0c,0x08,0x50,0x3f,0xff,0xa0,0x85,0x00,0xd0,0x3f,0xfe,0x40,0x38,0x05,0x90,
  0x3f,0xfe,0x20,0x38,0x02,0xb0,0x38,0x02,0xc0,0x3f,0xfe,0x40,0x07,0xed,0x10,0x2c,0x13,0x90,0x57,0x00,0x00,0x57,0x00,0x00,0x2c,0x13,0x90,0x07,0xed,0x10,0x2f,0xfc,
  0x20,0x29,0x05,0xa0,0x29,0x00,0xc0,0x29,0x00,0xc0,0x29,0x05,0xa0,0x2f,0xfc,0x20,0x3f,0xff,0xb0,0x39,0x00,0x00,0x3f,0xff,0x90,0x39,0x00,0x00,0x39,0x00,0x00,0x3f,
  0xff,0xb0,0x3f,0xff,0xc0,0x39,0x00,0x00,0x3f,0xff,0x80,0x39,0x00,0x00,0x39,0x00,0x00,0x39,0x00,0x00,0x09,0xeb,0x00,0x4a,0x04,0x70,0x75,0x00,0x00,0x75,0x5f,0xb0,
  0x4a,0x02,0xb0,0x0a,0xf8,0xb0,0x47,0x01,0xb0,0x47,0x01,0xb0,0x4f,0xff,0xb0,0x47,0x01,0xb0,0x47,0x01,0xb0,0x47,0x01,0xb0,0x4f,0xff,0xa0,0x00,0xa1,0x00,0x00,0xa1,
  0x00,0x00,0xa1,0x00,0x00,0xa1,0x00,0x4f,0xff,0xa0,0x0b,0xff,0x50,0x00,0x07,0x50,0x00,0x07,0x50,0x00,0x07,0x50,0x28,0x09,0x40,0x09,0xfb,0x00,0x38,0x03,0xa0,0x38,
  0x2b,0x00,0x39,0xd2,0x00,0x3e,0x69,0x00,0x38,0x0a,0x30,0x38,0x01,0xc0,0x0c,0x00,0x00,0x0c,0x00,0x00,0x0c,0x00,0x00,0x0c,0x00,0x00,0x0c,0x00,0x00,0x0e,0xff,0xd0,
  0x6c,0x06,0xc0,0x6c,0x4a,0xb0,0x65,0xd6,0xb0,0x65,0x60,0xb0,0x65,0x00,0xb0,0x65,0x00,0xb0,0x4f,0x00,0xb0,0x4b,0x60,0xb0,0x46,0xb0,0xb0,0x46,0x74,0xb0,0x46,0x1a,
  0xb0,0x46,0x09,0xb0,0x09,0xfc,0x20,0x4a,0x05,0xa0,0x75,0x00,0xc0,0x75,0x00,0xc0,0x4a,0x04,0xa0,0x09,0xfc,0x20,0x3f,0xfe,0x50,0x39,0x02,0xc0,0x39,0x02,0xc0,0x3f,
  0xfe,0x50,0x39,0x00,0x00,0x39,0x00,0x00,0x09,0xfc,0x20,0x4a,0x05,0xa0,0x75,0x00,0xc0,0x75,0x00,0xc0,0x4a,0x04,0xa0,0x09,0xfd,0x20,0x00,0xa1,0x00,0x00,0x5f,0x60,
  0x3f,0xfe,0x50,0x39,0x02,0xc0,0x39,0x02,0xc0,0x3f,0xfe,0x40,0x39,0x2b,0x00,0x39,0x04,0x80,0x0b,0xfd,0x20,0x59,0x03,0x60,0x2e,0x96,0x00,0x02,0x7a,0xb0,0x57,0x02,
  0xc0,0x09,0xfd,0x40,0xcf,0xff,0xf2,0x00,0xa1,0x00,0x00,0xa1,0x00,0x00,0xa1,0x00,0x00,0xa1,0x00,0x00,0xa1,0x00,0x47,0x01,0xb0,0x47,0x01,0xb0,0x47,0x01,0xb0,0x47,
  0x01,0xa0,0x3b,0x05,0x90,0x0a,0xfd,0x20,0x84,0x00,0xc0,0x39,0x02,0x90,0x0c,0x07,0x40,0x09,0x2b,0x00,0x04,0x8a,0x00,0x00,0xe5,0x00,0xa0,0x00,0x90,0x91,0x00,0xa0,
  0x72,0xd4,0xa0,0x65,0x98,0xa0,0x5b,0x4a,0xa0,0x3f,0x09,0x90,0x58,0x01,0xb0,0x0a,0x2a,0x20,0x01,0xd7,0x00,0x02,0xc8,0x00,0x0b,0x19,0x30,0x66,0x01,0xb0,0x84,0x00,
  0xc0,0x0c,0x07,0x60,0x06,0x7b,0x00,0x00,0xd3,0x00,0x00,0xa1,0x00,0x00,0xa1,0x00,0x6f,0xff,0xd0,0x00,0x07,0x60,0x00,0x57,0x00,0x04,0x90,0x00,0x2a,0x00,0x00,0x9f,
  0xff,0xf0,0x00,0xff,0x80,0x00,0x90,0x00,0x00,0x90,0x00,0x00,0x90,0x00,0x00,0x90,0x00,0x00,0x90,0x00,0x00,0x90,0x00,0x00,0xff,0x80,0x09,0x00,0x00,0x09,0x10,0x00,
  0x03,0x60,0x00,0x00,0xa0,0x00,0x00,0x63,0x00,0x00,0x19,0x00,0x00,0x09,0x00,0x00,0x04,0x60,0x2f,0xf6,0x00,0x00,0x46,0x00,0x00,0x46,0x00,0x00,0x46,0x00,0x00,0x46,
  0x00,0x00,0x46,0x00,0x00,0x46,0x00,0x2f,0xf6,0x00,0x00,0xd6,0x00,0x08,0x3b,0x00,0x19,0x04,0x70,0x41,0x00,0x60,0x00,0x00,0x00,0x00,0x00,0x00,0x00,0x00,0x00,0x7f,
  0xff,0xd0,0x01,0x50,0x00,0x00,0x90,0x00,0x00,0x00,0x00,0x00,0x00,0x00,0x00,0x00,0x00,0x00,0x00,0x00,0x00,0x00,0x00,0x00,0x00,0x00,0x09,0xfb,0x00,0x16,0x09,0x40,
  0x1c,0xff,0x40,0x58,0x05,0x40,0x1d,0xd3,0xe0,0x29,0x00,0x00,0x29,0x00,0x00,0x2a,0xde,0x30,0x2b,0x03,0xb0,0x29,0x00,0xb0,0x2b,0x03,0xb0,0x2a,0xde,0x30,0x06,0xec,
  0x10,0x1c,0x14,0x40,0x38,0x00,0x00,0x1c,0x13,0x50,0x06,0xed,0x10,0x00,0x02,0x80,0x00,0x02,0x80,0x0b,0xf8,0x80,0x49,0x05,0x80,0x65,0x02,0x80,0x49,0x05,0x80,0x0b,
  0xf8,0x80,0x08,0xec,0x10,0x39,0x03,0x90,0x5f,0xff,0xc0,0x39,0x00,0x00,0x08,0xfe,0x40,0x00,0x7f,0xe0,0x00,0xa0,0x00,0x5f,0xff,0xe0,0x00,0xb0,0x00,0x00,0xb0,0x00,
  0x00,0xb0,0x00,0x4f,0xff,0xb0,0x00,0x04,0xf0,0x08,0xfe,0x20,0x1c,0x07,0x60,0x0d,0xfc,0x10,0x06,0x00,0x00,0x0d,0xff,0x90,0x47,0x00,0xc0,0x2d,0xfe,0x70,0x29,0x00,
  0x00,0x29,0x00,0x00,0x29,0xcd,0x20,0x29,0x06,0x80,0x29,0x02,0x90,0x29,0x02,0x90,0x29,0x02,0x90,0x00,0x76,0x00,0x00,0x00,0x00,0x0f,0xf5,0x00,0x00,0x65,0x00,0x00,
  0x65,0x00,0x00,0x65,0x00,0x0f,0xff,0xe0,0x00,0x0d,0x00,0x00,0x00,0x00,0x2f,0xfe,0x00,0x00,0x0b,0x00,0x00,0x0b,0x00,0x00,0x0b,0x00,0x00,0x0b,0x00,0x00,0x0b,0x00,
  0x1f,0xfa,0x00,0x1a,0x00,0x00,0x1a,0x00,0x00,0x1a,0x07,0x70,0x1a,0x77,0x00,0x1e,0xb6,0x00,0x1a,0x0b,0x20,0x1a,0x02,0xb0,0x4f,0xf1,0x00,0x00,0xa1,0x00,0x00,0xa1,
  0x00,0x00,0xa1,0x00,0x00,0xa1,0x00,0x00,0xa1,0x00,0x4f,0xff,0xb0,0x89,0x99,0xa0,0x82,0x91,0xb0,0x82,0xa0,0xa0,0x82,0xa0,0xa0,0x82,0xa0,0xa0,0x29,0xcd,0x20,0x29,
  0x06,0x80,0x29,0x02,0x90,0x29,0x02,0x90,0x29,0x02,0x90,0x08,0xec,0x10,0x3a,0x04,0x90,0x55,0x00,0xb0,0x3a,0x04,0x90,0x08,0xfc,0x10,0x2a,0xde,0x30,0x2b,0x03,0xb0,
  0x29,0x00,0xb0,0x2b,0x03,0xb0,0x2a,0xde,0x30,0x29,0x00,0x00,0x29,0x00,0x00,0x0b,0xf8,0x80,0x49,0x05,0x80,0x65,0x02,0x80,0x49,0x05,0x80,0x0b,0xf8,0x80,0x00,0x02,
  0x80,0x00,0x02,0x80,0x5f,0xc8,0xf0,0x00,0xb2,0x00,0x00,0xb0,0x00,0x00,0xb0,0x00,0x5f,0xff,0x90,0x09,0xfd,0x30,0x1c,0x21,0x10,0x09,0xee,0x40,0x14,0x03,0xa0,0x0a,
  0xfd,0x40,0x01,0xa0,0x00,0xaf,0xff,0xb0,0x01,0xa0,0x00,0x01,0xa0,0x00,0x01,0xa0,0x00,0x00,0xdf,0xb0,0x28,0x03,0x80,0x28,0x03,0x80,0x28,0x03,0x80,0x1c,0x06,0x80,
  0x0a,0xfa,0x80,0x47,0x01,0xa0,0x0b,0x05,0x50,0x09,0x19,0x00,0x04,0x69,0x00,0x00,0xd5,0x00,0xa0,0xc3,0x80,0x81,0xa6,0x90,0x66,0x58,0x90,0x3c,0x29,0x90,0x1f,0x09,
  0x70,0x1b,0x05,0x70,0x06,0x8a,0x00,0x00,0xe4,0x00,0x06,0x6b,0x00,0x2a,0x05,0x80,0x56,0x00,0xa0,0x0b,0x05,0x50,0x08,0x2a,0x00,0x02,0x99,0x00,0x00,0xc3,0x00,0x00,
  0xc0,0x00,0x4f,0x60,0x00,0x2f,0xff,0x80,0x00,0x0a,0x30,0x00,0xa2,0x00,0x0a,0x20,0x00,0x3f,0xff,0xa0,0x00,0xcf,0x70,0x00,0x80,0x00,0x00,0x45,0x00,0x1f,0xe2,0x00,
  0x00,0x47,0x00,0x00,0x61,0x00,0x00,0x90,0x00,0x00,0xbf,0x70,0x00,0x90,0x00,0x00,0x90,0x00,0x00,0x90,0x00,0x00,0x90,0x00,0x00,0x90,0x00,0x00,0x90,0x00,0x00,0x90,
  0x00,0x00,0x90,0x00,0x1f,0xf3,0x00,0x00,0x52,0x00,0x00,0x80,0x00,0x00,0xbf,0x70,0x00,0xa0,0x00,0x00,0x70,0x00,0x00,0x54,0x00,0x1f,0xf2,0x00,0x1e,0xb1,0x90,0x64,
  0x7e,0x60,0x00,0x00,0x00,0x00,0x00,0x00,0x00,0xc3,0x00,0x00,0x00,0x00,0x00,0x00,0x00,0xff,0xff,0xf6,0x00,0x00,0x00,0x00,0x00,0x00,0x76,0xb3,0xd0,0x03,0xf9,0x00,
  0x03,0xf9,0x00,0x00,0x00,0x00,0x00,0x00,0x00,0xbf,0xff,0xf1,0x80,0x00,0x61,0x80,0x00,0x61,0x80,0x00,0x61,0x80,0x00,0x61,0x80,0x00,0x61,0xbf,0xff,0xf1,0x00,0x96,
  0x00,0x00,0xc0,0x00,0x00,0x50,0x00,0x00,0x00,0x00,0x00,0x00,0x00,0x00,0x00,0x00,0x00,0x00,0x00,
};
const sig_font_t sigf_10 = { 1, 400, 9.0f, 10, 3, 0, 101, sigf_10_ch, sigf_10_gl, sigf_10_bmp, 1779 };
// --- mono 400 normal 9.5px  (101 glyphs, 1971 bytes)
static const sig_glyph_t sigf_11_gl[] = {
  {0,0,0,0,0,6},
  {0,6,7,0,-7,6},
  {21,6,7,0,-7,6},
  {42,6,7,0,-7,6},
  {63,6,9,0,-8,6},
  {90,6,7,0,-7,6},
  {111,6,7,0,-7,6},
  {132,6,7,0,-7,6},
  {153,6,9,0,-8,6},
  {180,6,9,0,-8,6},
  {207,6,6,0,-6,6},
  {225,6,7,0,-7,6},
  {246,6,2,0,-1,6},
  {252,6,4,0,-4,6},
  {264,6,1,0,-1,6},
  {267,6,9,0,-8,6},
  {294,6,7,0,-7,6},
  {315,6,7,0,-7,6},
  {336,6,7,0,-7,6},
  {357,6,7,0,-7,6},
  {378,6,7,0,-7,6},
  {399,6,7,0,-7,6},
  {420,6,7,0,-7,6},
  {441,6,7,0,-7,6},
  {462,6,7,0,-7,6},
  {483,6,7,0,-7,6},
  {504,6,5,0,-5,6},
  {519,6,6,0,-5,6},
  {537,6,6,0,-6,6},
  {555,6,5,0,-5,6},
  {570,6,6,0,-6,6},
  {588,6,7,0,-7,6},
  {609,6,8,0,-7,6},
  {633,6,7,0,-7,6},
  {654,6,7,0,-7,6},
  {675,6,7,0,-7,6},
  {696,6,7,0,-7,6},
  {717,6,7,0,-7,6},
  {738,6,7,0,-7,6},
  {759,6,7,0,-7,6},
  {780,6,7,0,-7,6},
  {801,6,7,0,-7,6},
  {822,6,7,0,-7,6},
  {843,6,7,0,-7,6},
  {864,6,7,0,-7,6},
  {885,6,7,0,-7,6},
  {906,6,7,0,-7,6},
  {927,6,7,0,-7,6},
  {948,6,7,0,-7,6},
  {969,6,9,0,-7,6},
  {996,6,7,0,-7,6},
  {1017,6,7,0,-7,6},
  {1038,6,7,0,-7,6},
  {1059,6,7,0,-7,6},
  {1080,6,7,0,-7,6},
  {1101,6,7,0,-7,6},
  {1122,6,7,0,-7,6},
  {1143,6,7,0,-7,6},
  {1164,6,7,0,-7,6},
  {1185,6,9,0,-8,6},
  {1212,6,9,0,-8,6},
  {1239,6,9,0,-8,6},
  {1266,6,7,0,-7,6},
  {1287,6,2,0,0,6},
  {1293,6,8,0,-8,6},
  {1317,6,5,0,-5,6},
  {1332,6,7,0,-7,6},
  {1353,6,5,0,-5,6},
  {1368,6,7,0,-7,6},
  {1389,6,5,0,-5,6},
  {1404,6,7,0,-7,6},
  {1425,6,8,0,-6,6},
  {1449,6,7,0,-7,6},
  {1470,6,7,0,-7,6},
  {1491,6,9,0,-7,6},
  {1518,6,7,0,-7,6},
  {1539,6,7,0,-7,6},
  {1560,6,5,0,-5,6},
  {1575,6,5,0,-5,6},
  {1590,6,5,0,-5,6},
  {1605,6,7,0,-5,6},
  {1626,6,7,0,-5,6},
  {1647,6,5,0,-5,6},
  {1662,6,5,0,-5,6},
  {1677,6,7,0,-7,6},
  {1698,6,5,0,-5,6},
  {1713,6,5,0,-5,6},
  {1728,6,5,0,-5,6},
  {1743,6,5,0,-5,6},
  {1758,6,7,0,-5,6},
  {1779,6,5,0,-5,6},
  {1794,6,9,0,-8,6},
  {1821,6,9,0,-8,6},
  {1848,6,9,0,-8,6},
  {1875,6,4,0,-4,6},
  {1887,6,4,0,-4,6},
  {1899,6,4,0,-4,6},
  {1911,6,1,0,-1,6},
  {1914,6,4,0,-4,6},
  {1926,6,8,0,-8,6},
  {1950,6,7,0,-7,6},
};
static const char sigf_11_ch[] = " !\"#$%&'()*+,-./0123456789:;<=>?@ABCDEFGHIJKLMNOPQRSTUVWXYZ[\\]^_`abcdefghijklmnopqrstuvwxyz{|}~·—…•→’";
static const uint8_t sigf_11_bmp[] = {
  0x00,0x77,0x00,0x00,0x77,0x00,0x00,0x66,0x00,0x00,0x44,0x00,0x00,0x33,0x00,0x00,0x00,0x00,0x00,0x99,0x00,0x04,0x87,0x40,0x04,0x87,0x40,0x03,0x66,0x30,0x00,0x00,
  0x00,0x00,0x00,0x00,0x00,0x00,0x00,0x00,0x00,0x00,0x00,0xb0,0xb0,0x00,0xb1,0x90,0x7f,0x94,0xfd,0x04,0x77,0x40,0xdf,0x49,0xf7,0x09,0x1b,0x00,0x0b,0x0b,0x00,0x00,
  0x36,0x00,0x08,0xef,0x80,0x2c,0x47,0x83,0x2d,0x66,0x00,0x06,0xdf,0xb1,0x00,0x37,0x86,0x3a,0x47,0x96,0x07,0xef,0xa0,0x00,0x36,0x00,0x6f,0xb0,0x28,0xb1,0xa2,0xa1,
  0x6f,0xb4,0x70,0x00,0x00,0x00,0x07,0x4b,0xf6,0x1a,0x2a,0x1b,0x82,0x0b,0xf6,0x08,0xfa,0x00,0x0d,0x16,0x20,0x0b,0x10,0x00,0x2c,0xd1,0xd9,0xa3,0x6c,0xa0,0xa5,0x0a,
  0xa0,0x3d,0xf7,0xa5,0x00,0x66,0x00,0x00,0x66,0x00,0x00,0x44,0x00,0x00,0x00,0x00,0x00,0x00,0x00,0x00,0x00,0x00,0x00,0x00,0x00,0x00,0x05,0x60,0x00,0x29,0x00,0x00,
  0x91,0x00,0x00,0xb0,0x00,0x00,0xb0,0x00,0x00,0xb0,0x00,0x00,0x91,0x00,0x00,0x29,0x00,0x00,0x06,0x60,0x06,0x50,0x00,0x00,0x92,0x00,0x00,0x18,0x00,0x00,0x0b,0x00,
  0x00,0x0b,0x00,0x00,0x0b,0x00,0x00,0x18,0x00,0x00,0x92,0x00,0x06,0x60,0x00,0x00,0x66,0x00,0x23,0x66,0x32,0x28,0xdd,0x82,0x01,0xbb,0x10,0x08,0x22,0x80,0x00,0x00,
  0x00,0x00,0x00,0x00,0x00,0x66,0x00,0x00,0x66,0x00,0x6f,0xff,0xf6,0x00,0x66,0x00,0x00,0x66,0x00,0x00,0x00,0x00,0x00,0x99,0x00,0x00,0xc1,0x00,0x07,0xff,0x70,0x00,
  0x00,0x00,0x00,0x00,0x00,0x00,0x00,0x00,0x00,0x99,0x00,0x00,0x00,0xb0,0x00,0x03,0x80,0x00,0x09,0x20,0x00,0x0a,0x00,0x00,0x55,0x00,0x00,0xa0,0x00,0x02,0x90,0x00,
  0x08,0x30,0x00,0x0b,0x00,0x00,0x06,0xee,0x60,0x1d,0x11,0xd1,0x57,0x00,0x85,0x67,0x77,0x76,0x57,0x00,0x85,0x1d,0x11,0xd1,0x06,0xee,0x60,0x02,0xeb,0x00,0x2e,0x7b,
  0x00,0x37,0x2b,0x00,0x00,0x2b,0x00,0x00,0x2b,0x00,0x00,0x2b,0x00,0x2f,0xff,0xf8,0x06,0xee,0x50,0x2c,0x12,0xe0,0x00,0x00,0xd0,0x00,0x08,0x90,0x00,0x9b,0x00,0x09,
  0x60,0x00,0x4f,0xff,0xf6,0x06,0xee,0x60,0x0a,0x12,0xe0,0x00,0x02,0xc0,0x01,0xff,0x40,0x00,0x01,0xd1,0x48,0x01,0xd1,0x09,0xfe,0x60,0x00,0x0d,0x90,0x00,0x87,0x90,
  0x01,0x93,0x90,0x09,0x13,0x90,0x36,0x03,0x90,0xaf,0xff,0xfa,0x00,0x03,0x90,0x0d,0xff,0xf0,0x0b,0x00,0x00,0x0c,0xce,0x70,0x08,0x11,0xd2,0x00,0x00,0x94,0x1a,0x11,
  0xd1,0x06,0xee,0x60,0x00,0x77,0x00,0x05,0x50,0x00,0x0b,0xdf,0x80,0x3c,0x11,0xc2,0x58,0x00,0x85,0x2c,0x11,0xc2,0x06,0xee,0x60,0x5f,0xff,0xf4,0x56,0x00,0xb0,0x00,
  0x03,0x80,0x00,0x0a,0x20,0x00,0x2a,0x00,0x00,0x94,0x00,0x01,0xc0,0x00,0x08,0xee,0x80,0x2c,0x11,0xc2,0x1b,0x11,0xb1,0x06,0xff,0x50,0x4a,0x01,0xa4,0x5a,0x00,0xa5,
  0x0a,0xee,0x90,0x06,0xee,0x60,0x2c,0x11,0xc2,0x58,0x00,0x85,0x2c,0x11,0xc3,0x08,0xfd,0xb0,0x00,0x05,0x50,0x00,0x77,0x00,0x00,0x99,0x00,0x00,0x00,0x00,0x00,0x00,
  0x00,0x00,0x00,0x00,0x00,0x99,0x00,0x00,0x99,0x00,0x00,0x00,0x00,0x00,0x00,0x00,0x00,0x00,0x00,0x00,0x99,0x00,0x00,0xc1,0x00,0x00,0x01,0x92,0x00,0x6b,0x30,0x1b,
  0x60,0x00,0x1b,0x60,0x00,0x00,0x6c,0x40,0x00,0x01,0x92,0x6f,0xff,0xf6,0x00,0x00,0x00,0x6f,0xff,0xf6,0x00,0x00,0x00,0x00,0x00,0x00,0x29,0x10,0x00,0x04,0xc6,0x00,
  0x00,0x07,0xb1,0x00,0x06,0xb1,0x03,0xb6,0x00,0x29,0x10,0x00,0x04,0xee,0x60,0x1d,0x11,0xe0,0x00,0x00,0xc0,0x00,0x5a,0x40,0x00,0x93,0x00,0x00,0x00,0x00,0x00,0xc6,
  0x00,0x06,0xee,0x60,0x1c,0x21,0xd1,0x47,0x6e,0xb3,0x56,0xb1,0x84,0x56,0xb0,0x74,0x47,0x7f,0xb4,0x0c,0x31,0x00,0x04,0xdf,0x80,0x00,0xbb,0x00,0x00,0xbb,0x00,0x05,
  0x77,0x50,0x09,0x22,0xa0,0x0e,0xff,0xe0,0x39,0x00,0xa3,0x85,0x00,0x58,0x2f,0xff,0x80,0x2b,0x01,0xd1,0x2b,0x01,0xc0,0x2f,0xff,0x70,0x2b,0x00,0xa5,0x2b,0x00,0xa5,
  0x2f,0xff,0xb0,0x04,0xde,0x60,0x0d,0x31,0xb2,0x3a,0x00,0x00,0x49,0x00,0x00,0x3a,0x00,0x00,0x0d,0x31,0xb2,0x04,0xde,0x70,0x0f,0xfe,0x50,0x0c,0x02,0xd1,0x0c,0x00,
  0x85,0x0c,0x00,0x76,0x0c,0x00,0x85,0x0c,0x02,0xd1,0x0f,0xfe,0x60,0x1f,0xff,0xf3,0x1b,0x00,0x00,0x1b,0x00,0x00,0x1f,0xff,0xf1,0x1b,0x00,0x00,0x1b,0x00,0x00,0x1f,
  0xff,0xf3,0x1f,0xff,0xf4,0x1b,0x00,0x00,0x1b,0x00,0x00,0x1f,0xff,0xf0,0x1b,0x00,0x00,0x1b,0x00,0x00,0x1b,0x00,0x00,0x06,0xee,0x50,0x1d,0x21,0xc0,0x58,0x00,0x00,
  0x67,0x0f,0xf3,0x58,0x00,0x93,0x2d,0x11,0xc3,0x07,0xec,0x93,0x3a,0x00,0xa3,0x3a,0x00,0xa3,0x3a,0x00,0xa3,0x3f,0xff,0xf3,0x3a,0x00,0xa3,0x3a,0x00,0xa3,0x3a,0x00,
  0xa3,0x2f,0xff,0xf2,0x00,0x66,0x00,0x00,0x66,0x00,0x00,0x66,0x00,0x00,0x66,0x00,0x00,0x66,0x00,0x2f,0xff,0xf2,0x09,0xff,0xc0,0x00,0x00,0xc0,0x00,0x00,0xc0,0x00,
  0x00,0xc0,0x00,0x00,0xc0,0x1b,0x04,0xb0,0x07,0xfd,0x30,0x2b,0x00,0xb4,0x2b,0x08,0x70,0x2b,0x5a,0x00,0x2d,0xd9,0x00,0x2d,0x0b,0x30,0x2b,0x02,0xc0,0x2b,0x00,0x87,
  0x0c,0x00,0x00,0x0c,0x00,0x00,0x0c,0x00,0x00,0x0c,0x00,0x00,0x0c,0x00,0x00,0x0c,0x00,0x00,0x0c,0xff,0xf5,0x5e,0x00,0xe5,0x5d,0x54,0xd5,0x57,0xa9,0x75,0x57,0x99,
  0x75,0x57,0x33,0x75,0x57,0x00,0x75,0x57,0x00,0x75,0x3f,0x20,0x93,0x3c,0x90,0x93,0x39,0xc0,0x93,0x39,0x66,0x93,0x39,0x0c,0x93,0x39,0x09,0xc3,0x39,0x03,0xf3,0x06,
  0xee,0x60,0x1d,0x12,0xd1,0x58,0x00,0x85,0x67,0x00,0x76,0x58,0x00,0x85,0x1d,0x12,0xd1,0x06,0xee,0x60,0x1f,0xff,0xb0,0x1b,0x00,0x95,0x1b,0x00,0x95,0x1f,0xff,0xb0,
  0x1b,0x00,0x00,0x1b,0x00,0x00,0x1b,0x00,0x00,0x06,0xee,0x60,0x1d,0x12,0xd1,0x58,0x00,0x85,0x67,0x00,0x76,0x58,0x00,0x85,0x1d,0x12,0xd1,0x06,0xee,0x60,0x00,0x66,
  0x00,0x00,0x2e,0xe0,0x1f,0xff,0xb0,0x1b,0x00,0x95,0x1b,0x00,0x95,0x1f,0xff,0xa0,0x1b,0x0c,0x10,0x1b,0x04,0x90,0x1b,0x00,0xb3,0x08,0xee,0x70,0x3b,0x11,0x91,0x3c,
  0x30,0x00,0x07,0xdf,0xa0,0x00,0x00,0xa5,0x49,0x11,0xb4,0x08,0xee,0x90,0xcf,0xff,0xfc,0x00,0x66,0x00,0x00,0x66,0x00,0x00,0x66,0x00,0x00,0x66,0x00,0x00,0x66,0x00,
  0x00,0x66,0x00,0x3a,0x00,0xa3,0x3a,0x00,0xa3,0x3a,0x00,0xa3,0x3a,0x00,0xa3,0x2a,0x00,0xa2,0x0d,0x11,0xd0,0x07,0xff,0x70,0x76,0x00,0x57,0x3a,0x00,0xa3,0x0d,0x00,
  0xc0,0x09,0x33,0x90,0x04,0x87,0x40,0x00,0xcb,0x00,0x00,0xbb,0x00,0x92,0x00,0x19,0x83,0x00,0x38,0x74,0x99,0x47,0x65,0xaa,0x55,0x47,0x9a,0x74,0x3b,0x66,0xb3,0x2f,
  0x33,0xf2,0x4a,0x00,0x85,0x0a,0x32,0xb0,0x01,0xcb,0x20,0x00,0x9a,0x00,0x02,0xbb,0x30,0x0b,0x22,0xc0,0x68,0x00,0x87,0x86,0x00,0x68,0x0c,0x11,0xc0,0x04,0xaa,0x40,
  0x00,0xaa,0x00,0x00,0x66,0x00,0x00,0x66,0x00,0x00,0x66,0x00,0x5f,0xff,0xf5,0x00,0x01,0xc1,0x00,0x0b,0x30,0x00,0x85,0x00,0x05,0x90,0x00,0x2b,0x00,0x00,0x8f,0xff,
  0xf8,0x00,0xcf,0xf0,0x00,0xb0,0x00,0x00,0xb0,0x00,0x00,0xb0,0x00,0x00,0xb0,0x00,0x00,0xb0,0x00,0x00,0xb0,0x00,0x00,0xb0,0x00,0x00,0xcf,0xf0,0x0b,0x00,0x00,0x08,
  0x30,0x00,0x02,0x90,0x00,0x00,0xa0,0x00,0x00,0x55,0x00,0x00,0x0a,0x00,0x00,0x09,0x20,0x00,0x03,0x80,0x00,0x00,0xb0,0x0f,0xfc,0x00,0x00,0x0b,0x00,0x00,0x0b,0x00,
  0x00,0x0b,0x00,0x00,0x0b,0x00,0x00,0x0b,0x00,0x00,0x0b,0x00,0x00,0x0b,0x00,0x0f,0xfc,0x00,0x00,0xbb,0x00,0x04,0x88,0x40,0x0b,0x01,0xc0,0x56,0x00,0x75,0x00,0x00,
  0x00,0x00,0x00,0x00,0x00,0x00,0x00,0x00,0x00,0x00,0x6f,0xff,0xf6,0x00,0xa0,0x00,0x00,0x63,0x00,0x00,0x00,0x00,0x00,0x00,0x00,0x00,0x00,0x00,0x00,0x00,0x00,0x00,
  0x00,0x00,0x00,0x00,0x00,0x07,0xfe,0x40,0x07,0x12,0xc0,0x0b,0xff,0xc0,0x4a,0x00,0xb0,0x0c,0xf5,0x98,0x0c,0x00,0x00,0x0c,0x00,0x00,0x0c,0xaf,0x90,0x0d,0x11,0xb3,
  0x0c,0x00,0x75,0x0d,0x11,0xb3,0x0c,0xaf,0x90,0x04,0xde,0x50,0x0d,0x21,0x90,0x1b,0x00,0x00,0x0d,0x21,0x90,0x04,0xde,0x60,0x00,0x00,0xc0,0x00,0x00,0xc0,0x09,0xfa,
  0xc0,0x3b,0x11,0xd0,0x67,0x00,0xc0,0x3b,0x11,0xd0,0x09,0xfa,0xc0,0x06,0xee,0x60,0x1b,0x11,0xb1,0x4f,0xff,0xf4,0x2b,0x10,0x00,0x06,0xee,0xa0,0x00,0x3f,0xf7,0x00,
  0x66,0x00,0x4f,0xff,0xf7,0x00,0x76,0x00,0x00,0x76,0x00,0x00,0x76,0x00,0x2f,0xff,0xf3,0x00,0x00,0xd9,0x06,0xee,0x90,0x0e,0x11,0xd0,0x0b,0xfe,0x60,0x06,0x00,0x00,
  0x0b,0xff,0xd3,0x39,0x00,0x68,0x1c,0xff,0xc2,0x0c,0x00,0x00,0x0c,0x00,0x00,0x0c,0x8f,0x70,0x0b,0x11,0xe0,0x0c,0x00,0xb1,0x0c,0x00,0xb1,0x0c,0x00,0xb1,0x00,0x3c,
  0x00,0x00,0x00,0x00,0x0f,0xfb,0x00,0x00,0x1b,0x00,0x00,0x1b,0x00,0x00,0x1b,0x00,0x0f,0xff,0xf7,0x00,0x09,0x60,0x00,0x00,0x00,0x1f,0xff,0x50,0x00,0x07,0x50,0x00,
  0x07,0x50,0x00,0x07,0x50,0x00,0x07,0x50,0x00,0x07,0x40,0x0f,0xfe,0x20,0x0c,0x00,0x00,0x0c,0x00,0x00,0x0c,0x02,0xb1,0x0c,0x3b,0x10,0x0e,0xab,0x00,0x0d,0x06,0x80,
  0x0c,0x00,0xa5,0x3f,0xf6,0x00,0x00,0x66,0x00,0x00,0x66,0x00,0x00,0x66,0x00,0x00,0x66,0x00,0x00,0x66,0x00,0x3f,0xff,0xf3,0x78,0xd4,0xe3,0x74,0x74,0x67,0x74,0x66,
  0x47,0x74,0x66,0x47,0x74,0x66,0x47,0x0c,0x8f,0x70,0x0b,0x11,0xe0,0x0c,0x00,0xb1,0x0c,0x00,0xb1,0x0c,0x00,0xb1,0x06,0xee,0x60,0x2c,0x11,0xc2,0x48,0x00,0x84,0x2c,
  0x11,0xc2,0x06,0xee,0x60,0x0c,0xaf,0x90,0x0d,0x11,0xb3,0x0c,0x00,0x75,0x0d,0x11,0xb3,0x0c,0xaf,0x90,0x0c,0x00,0x00,0x0c,0x00,0x00,0x09,0xfa,0xc0,0x3b,0x11,0xd0,
  0x67,0x00,0xc0,0x3b,0x11,0xd0,0x09,0xfa,0xc0,0x00,0x00,0xc0,0x00,0x00,0xc0,0x3f,0xf4,0xe9,0x00,0xb3,0x00,0x00,0xb1,0x00,0x00,0xb1,0x00,0x3f,0xff,0xf1,0x07,0xee,
  0x90,0x0e,0x20,0x30,0x07,0xef,0xa0,0x05,0x11,0xb2,0x09,0xff,0x90,0x00,0xc0,0x00,0x00,0xc0,0x00,0x9f,0xff,0xf4,0x00,0xc0,0x00,0x00,0xc0,0x00,0x00,0xc0,0x00,0x00,
  0xaf,0xf4,0x1b,0x00,0xc0,0x1b,0x00,0xc0,0x1b,0x00,0xc0,0x0e,0x11,0xe0,0x08,0xfc,0xc0,0x2a,0x00,0x92,0x0c,0x00,0xb0,0x07,0x55,0x60,0x01,0xaa,0x10,0x00,0xaa,0x00,
  0xa1,0x88,0x09,0x73,0x99,0x37,0x46,0x99,0x64,0x2b,0x66,0xb2,0x0f,0x33,0xf0,0x1c,0x10,0xc1,0x03,0xba,0x30,0x00,0xaa,0x00,0x04,0x9a,0x40,0x1c,0x01,0xc1,0x48,0x00,
  0x84,0x0c,0x00,0xc0,0x06,0x55,0x60,0x00,0xbb,0x00,0x00,0x99,0x00,0x00,0xb2,0x00,0x2f,0xa0,0x00,0x0f,0xff,0xf0,0x00,0x06,0x80,0x00,0x86,0x00,0x09,0x50,0x00,0x2f,
  0xff,0xf2,0x00,0x7f,0xf0,0x00,0xa0,0x00,0x00,0x35,0x00,0x00,0x1b,0x00,0x0f,0xf6,0x00,0x00,0x1b,0x00,0x00,0x35,0x00,0x00,0xa0,0x00,0x00,0x7f,0xf0,0x00,0x55,0x00,
  0x00,0x55,0x00,0x00,0x55,0x00,0x00,0x55,0x00,0x00,0x55,0x00,0x00,0x55,0x00,0x00,0x55,0x00,0x00,0x55,0x00,0x00,0x55,0x00,0x0f,0xf7,0x00,0x00,0x0a,0x00,0x00,0x53,
  0x00,0x00,0xb1,0x00,0x00,0x6f,0xf0,0x00,0xb1,0x00,0x00,0x53,0x00,0x00,0x0a,0x00,0x0f,0xf7,0x00,0x0d,0xd4,0x65,0x56,0x4d,0xd0,0x00,0x00,0x00,0x00,0x00,0x00,0x00,
  0x99,0x00,0x00,0x00,0x00,0x00,0x00,0x00,0x00,0x00,0x00,0xff,0xff,0xff,0x00,0x00,0x00,0x00,0x00,0x00,0x00,0x00,0x00,0x79,0x88,0x97,0x01,0xee,0x10,0x01,0xee,0x10,
  0x00,0x00,0x00,0x00,0x00,0x00,0xbf,0xff,0xfb,0x90,0x00,0x09,0x90,0x00,0x09,0x90,0x00,0x09,0x90,0x00,0x09,0x90,0x00,0x09,0x90,0x00,0x09,0xbf,0xff,0xfb,0x00,0x5d,
  0x00,0x00,0x86,0x00,0x00,0x81,0x00,0x00,0x00,0x00,0x00,0x00,0x00,0x00,0x00,0x00,0x00,0x00,0x00,
};
const sig_font_t sigf_11 = { 1, 400, 9.5f, 10, 3, 0, 101, sigf_11_ch, sigf_11_gl, sigf_11_bmp, 1971 };
// --- mono 400 normal 10px  (101 glyphs, 1971 bytes)
static const sig_glyph_t sigf_12_gl[] = {
  {0,0,0,0,0,6},
  {0,6,7,0,-7,6},
  {21,6,7,0,-7,6},
  {42,6,7,0,-7,6},
  {63,6,9,0,-8,6},
  {90,6,7,0,-7,6},
  {111,6,7,0,-7,6},
  {132,6,7,0,-7,6},
  {153,6,9,0,-8,6},
  {180,6,9,0,-8,6},
  {207,6,6,0,-6,6},
  {225,6,7,0,-7,6},
  {246,6,2,0,-1,6},
  {252,6,4,0,-4,6},
  {264,6,1,0,-1,6},
  {267,6,9,0,-8,6},
  {294,6,7,0,-7,6},
  {315,6,7,0,-7,6},
  {336,6,7,0,-7,6},
  {357,6,7,0,-7,6},
  {378,6,7,0,-7,6},
  {399,6,7,0,-7,6},
  {420,6,7,0,-7,6},
  {441,6,7,0,-7,6},
  {462,6,7,0,-7,6},
  {483,6,7,0,-7,6},
  {504,6,5,0,-5,6},
  {519,6,6,0,-5,6},
  {537,6,6,0,-6,6},
  {555,6,5,0,-5,6},
  {570,6,6,0,-6,6},
  {588,6,7,0,-7,6},
  {609,6,8,0,-7,6},
  {633,6,7,0,-7,6},
  {654,6,7,0,-7,6},
  {675,6,7,0,-7,6},
  {696,6,7,0,-7,6},
  {717,6,7,0,-7,6},
  {738,6,7,0,-7,6},
  {759,6,7,0,-7,6},
  {780,6,7,0,-7,6},
  {801,6,7,0,-7,6},
  {822,6,7,0,-7,6},
  {843,6,7,0,-7,6},
  {864,6,7,0,-7,6},
  {885,6,7,0,-7,6},
  {906,6,7,0,-7,6},
  {927,6,7,0,-7,6},
  {948,6,7,0,-7,6},
  {969,6,9,0,-7,6},
  {996,6,7,0,-7,6},
  {1017,6,7,0,-7,6},
  {1038,6,7,0,-7,6},
  {1059,6,7,0,-7,6},
  {1080,6,7,0,-7,6},
  {1101,6,7,0,-7,6},
  {1122,6,7,0,-7,6},
  {1143,6,7,0,-7,6},
  {1164,6,7,0,-7,6},
  {1185,6,9,0,-8,6},
  {1212,6,9,0,-8,6},
  {1239,6,9,0,-8,6},
  {1266,6,7,0,-7,6},
  {1287,6,2,0,0,6},
  {1293,6,8,0,-8,6},
  {1317,6,5,0,-5,6},
  {1332,6,7,0,-7,6},
  {1353,6,5,0,-5,6},
  {1368,6,7,0,-7,6},
  {1389,6,5,0,-5,6},
  {1404,6,7,0,-7,6},
  {1425,6,8,0,-6,6},
  {1449,6,7,0,-7,6},
  {1470,6,7,0,-7,6},
  {1491,6,9,0,-7,6},
  {1518,6,7,0,-7,6},
  {1539,6,7,0,-7,6},
  {1560,6,5,0,-5,6},
  {1575,6,5,0,-5,6},
  {1590,6,5,0,-5,6},
  {1605,6,7,0,-5,6},
  {1626,6,7,0,-5,6},
  {1647,6,5,0,-5,6},
  {1662,6,5,0,-5,6},
  {1677,6,7,0,-7,6},
  {1698,6,5,0,-5,6},
  {1713,6,5,0,-5,6},
  {1728,6,5,0,-5,6},
  {1743,6,5,0,-5,6},
  {1758,6,7,0,-5,6},
  {1779,6,5,0,-5,6},
  {1794,6,9,0,-8,6},
  {1821,6,9,0,-8,6},
  {1848,6,9,0,-8,6},
  {1875,6,4,0,-4,6},
  {1887,6,4,0,-4,6},
  {1899,6,4,0,-4,6},
  {1911,6,1,0,-1,6},
  {1914,6,4,0,-4,6},
  {1926,6,8,0,-8,6},
  {1950,6,7,0,-7,6},
};
static const char sigf_12_ch[] = " !\"#$%&'()*+,-./0123456789:;<=>?@ABCDEFGHIJKLMNOPQRSTUVWXYZ[\\]^_`abcdefghijklmnopqrstuvwxyz{|}~·—…•→’";
static const uint8_t sigf_12_bmp[] = {
  0x00,0x77,0x00,0x00,0x77,0x00,0x00,0x66,0x00,0x00,0x44,0x00,0x00,0x33,0x00,0x00,0x00,0x00,0x00,0x99,0x00,0x04,0x87,0x40,0x04,0x87,0x40,0x03,0x66,0x30,0x00,0x00,
  0x00,0x00,0x00,0x00,0x00,0x00,0x00,0x00,0x00,0x00,0x00,0xb0,0xb0,0x00,0xb1,0x90,0x7f,0x94,0xfd,0x04,0x77,0x40,0xdf,0x49,0xf7,0x09,0x1b,0x00,0x0b,0x0b,0x00,0x00,
  0x36,0x00,0x08,0xef,0x80,0x2c,0x47,0x83,0x2d,0x66,0x00,0x06,0xdf,0xb1,0x00,0x37,0x86,0x3a,0x47,0x96,0x07,0xef,0xa0,0x00,0x36,0x00,0x6f,0xb0,0x28,0xb1,0xa2,0xa1,
  0x6f,0xb4,0x70,0x00,0x00,0x00,0x07,0x4b,0xf6,0x1a,0x2a,0x1b,0x82,0x0b,0xf6,0x08,0xfa,0x00,0x0d,0x16,0x20,0x0b,0x10,0x00,0x2c,0xd1,0xd9,0xa3,0x6c,0xa0,0xa5,0x0a,
  0xa0,0x3d,0xf7,0xa5,0x00,0x66,0x00,0x00,0x66,0x00,0x00,0x44,0x00,0x00,0x00,0x00,0x00,0x00,0x00,0x00,0x00,0x00,0x00,0x00,0x00,0x00,0x05,0x60,0x00,0x29,0x00,0x00,
  0x91,0x00,0x00,0xb0,0x00,0x00,0xb0,0x00,0x00,0xb0,0x00,0x00,0x91,0x00,0x00,0x29,0x00,0x00,0x06,0x60,0x06,0x50,0x00,0x00,0x92,0x00,0x00,0x18,0x00,0x00,0x0b,0x00,
  0x00,0x0b,0x00,0x00,0x0b,0x00,0x00,0x18,0x00,0x00,0x92,0x00,0x06,0x60,0x00,0x00,0x66,0x00,0x23,0x66,0x32,0x28,0xdd,0x82,0x01,0xbb,0x10,0x08,0x22,0x80,0x00,0x00,
  0x00,0x00,0x00,0x00,0x00,0x66,0x00,0x00,0x66,0x00,0x6f,0xff,0xf6,0x00,0x66,0x00,0x00,0x66,0x00,0x00,0x00,0x00,0x00,0x99,0x00,0x00,0xc1,0x00,0x07,0xff,0x70,0x00,
  0x00,0x00,0x00,0x00,0x00,0x00,0x00,0x00,0x00,0x99,0x00,0x00,0x00,0xb0,0x00,0x03,0x80,0x00,0x09,0x20,0x00,0x0a,0x00,0x00,0x55,0x00,0x00,0xa0,0x00,0x02,0x90,0x00,
  0x08,0x30,0x00,0x0b,0x00,0x00,0x06,0xee,0x60,0x1d,0x11,0xd1,0x57,0x00,0x85,0x67,0x77,0x76,0x57,0x00,0x85,0x1d,0x11,0xd1,0x06,0xee,0x60,0x02,0xeb,0x00,0x2e,0x7b,
  0x00,0x37,0x2b,0x00,0x00,0x2b,0x00,0x00,0x2b,0x00,0x00,0x2b,0x00,0x2f,0xff,0xf8,0x06,0xee,0x50,0x2c,0x12,0xe0,0x00,0x00,0xd0,0x00,0x08,0x90,0x00,0x9b,0x00,0x09,
  0x60,0x00,0x4f,0xff,0xf6,0x06,0xee,0x60,0x0a,0x12,0xe0,0x00,0x02,0xc0,0x01,0xff,0x40,0x00,0x01,0xd1,0x48,0x01,0xd1,0x09,0xfe,0x60,0x00,0x0d,0x90,0x00,0x87,0x90,
  0x01,0x93,0x90,0x09,0x13,0x90,0x36,0x03,0x90,0xaf,0xff,0xfa,0x00,0x03,0x90,0x0d,0xff,0xf0,0x0b,0x00,0x00,0x0c,0xce,0x70,0x08,0x11,0xd2,0x00,0x00,0x94,0x1a,0x11,
  0xd1,0x06,0xee,0x60,0x00,0x77,0x00,0x05,0x50,0x00,0x0b,0xdf,0x80,0x3c,0x11,0xc2,0x58,0x00,0x85,0x2c,0x11,0xc2,0x06,0xee,0x60,0x5f,0xff,0xf4,0x56,0x00,0xb0,0x00,
  0x03,0x80,0x00,0x0a,0x20,0x00,0x2a,0x00,0x00,0x94,0x00,0x01,0xc0,0x00,0x08,0xee,0x80,0x2c,0x11,0xc2,0x1b,0x11,0xb1,0x06,0xff,0x50,0x4a,0x01,0xa4,0x5a,0x00,0xa5,
  0x0a,0xee,0x90,0x06,0xee,0x60,0x2c,0x11,0xc2,0x58,0x00,0x85,0x2c,0x11,0xc3,0x08,0xfd,0xb0,0x00,0x05,0x50,0x00,0x77,0x00,0x00,0x99,0x00,0x00,0x00,0x00,0x00,0x00,
  0x00,0x00,0x00,0x00,0x00,0x99,0x00,0x00,0x99,0x00,0x00,0x00,0x00,0x00,0x00,0x00,0x00,0x00,0x00,0x00,0x99,0x00,0x00,0xc1,0x00,0x00,0x01,0x92,0x00,0x6b,0x30,0x1b,
  0x60,0x00,0x1b,0x60,0x00,0x00,0x6c,0x40,0x00,0x01,0x92,0x6f,0xff,0xf6,0x00,0x00,0x00,0x6f,0xff,0xf6,0x00,0x00,0x00,0x00,0x00,0x00,0x29,0x10,0x00,0x04,0xc6,0x00,
  0x00,0x07,0xb1,0x00,0x06,0xb1,0x03,0xb6,0x00,0x29,0x10,0x00,0x04,0xee,0x60,0x1d,0x11,0xe0,0x00,0x00,0xc0,0x00,0x5a,0x40,0x00,0x93,0x00,0x00,0x00,0x00,0x00,0xc6,
  0x00,0x06,0xee,0x60,0x1c,0x21,0xd1,0x47,0x6e,0xb3,0x56,0xb1,0x84,0x56,0xb0,0x74,0x47,0x7f,0xb4,0x0c,0x31,0x00,0x04,0xdf,0x80,0x00,0xbb,0x00,0x00,0xbb,0x00,0x05,
  0x77,0x50,0x09,0x22,0xa0,0x0e,0xff,0xe0,0x39,0x00,0xa3,0x85,0x00,0x58,0x2f,0xff,0x80,0x2b,0x01,0xd1,0x2b,0x01,0xc0,0x2f,0xff,0x70,0x2b,0x00,0xa5,0x2b,0x00,0xa5,
  0x2f,0xff,0xb0,0x04,0xde,0x60,0x0d,0x31,0xb2,0x3a,0x00,0x00,0x49,0x00,0x00,0x3a,0x00,0x00,0x0d,0x31,0xb2,0x04,0xde,0x70,0x0f,0xfe,0x50,0x0c,0x02,0xd1,0x0c,0x00,
  0x85,0x0c,0x00,0x76,0x0c,0x00,0x85,0x0c,0x02,0xd1,0x0f,0xfe,0x60,0x1f,0xff,0xf3,0x1b,0x00,0x00,0x1b,0x00,0x00,0x1f,0xff,0xf1,0x1b,0x00,0x00,0x1b,0x00,0x00,0x1f,
  0xff,0xf3,0x1f,0xff,0xf4,0x1b,0x00,0x00,0x1b,0x00,0x00,0x1f,0xff,0xf0,0x1b,0x00,0x00,0x1b,0x00,0x00,0x1b,0x00,0x00,0x06,0xee,0x50,0x1d,0x21,0xc0,0x58,0x00,0x00,
  0x67,0x0f,0xf3,0x58,0x00,0x93,0x2d,0x11,0xc3,0x07,0xec,0x93,0x3a,0x00,0xa3,0x3a,0x00,0xa3,0x3a,0x00,0xa3,0x3f,0xff,0xf3,0x3a,0x00,0xa3,0x3a,0x00,0xa3,0x3a,0x00,
  0xa3,0x2f,0xff,0xf2,0x00,0x66,0x00,0x00,0x66,0x00,0x00,0x66,0x00,0x00,0x66,0x00,0x00,0x66,0x00,0x2f,0xff,0xf2,0x09,0xff,0xc0,0x00,0x00,0xc0,0x00,0x00,0xc0,0x00,
  0x00,0xc0,0x00,0x00,0xc0,0x1b,0x04,0xb0,0x07,0xfd,0x30,0x2b,0x00,0xb4,0x2b,0x08,0x70,0x2b,0x5a,0x00,0x2d,0xd9,0x00,0x2d,0x0b,0x30,0x2b,0x02,0xc0,0x2b,0x00,0x87,
  0x0c,0x00,0x00,0x0c,0x00,0x00,0x0c,0x00,0x00,0x0c,0x00,0x00,0x0c,0x00,0x00,0x0c,0x00,0x00,0x0c,0xff,0xf5,0x5e,0x00,0xe5,0x5d,0x54,0xd5,0x57,0xa9,0x75,0x57,0x99,
  0x75,0x57,0x33,0x75,0x57,0x00,0x75,0x57,0x00,0x75,0x3f,0x20,0x93,0x3c,0x90,0x93,0x39,0xc0,0x93,0x39,0x66,0x93,0x39,0x0c,0x93,0x39,0x09,0xc3,0x39,0x03,0xf3,0x06,
  0xee,0x60,0x1d,0x12,0xd1,0x58,0x00,0x85,0x67,0x00,0x76,0x58,0x00,0x85,0x1d,0x12,0xd1,0x06,0xee,0x60,0x1f,0xff,0xb0,0x1b,0x00,0x95,0x1b,0x00,0x95,0x1f,0xff,0xb0,
  0x1b,0x00,0x00,0x1b,0x00,0x00,0x1b,0x00,0x00,0x06,0xee,0x60,0x1d,0x12,0xd1,0x58,0x00,0x85,0x67,0x00,0x76,0x58,0x00,0x85,0x1d,0x12,0xd1,0x06,0xee,0x60,0x00,0x66,
  0x00,0x00,0x2e,0xe0,0x1f,0xff,0xb0,0x1b,0x00,0x95,0x1b,0x00,0x95,0x1f,0xff,0xa0,0x1b,0x0c,0x10,0x1b,0x04,0x90,0x1b,0x00,0xb3,0x08,0xee,0x70,0x3b,0x11,0x91,0x3c,
  0x30,0x00,0x07,0xdf,0xa0,0x00,0x00,0xa5,0x49,0x11,0xb4,0x08,0xee,0x90,0xcf,0xff,0xfc,0x00,0x66,0x00,0x00,0x66,0x00,0x00,0x66,0x00,0x00,0x66,0x00,0x00,0x66,0x00,
  0x00,0x66,0x00,0x3a,0x00,0xa3,0x3a,0x00,0xa3,0x3a,0x00,0xa3,0x3a,0x00,0xa3,0x2a,0x00,0xa2,0x0d,0x11,0xd0,0x07,0xff,0x70,0x76,0x00,0x57,0x3a,0x00,0xa3,0x0d,0x00,
  0xc0,0x09,0x33,0x90,0x04,0x87,0x40,0x00,0xcb,0x00,0x00,0xbb,0x00,0x92,0x00,0x19,0x83,0x00,0x38,0x74,0x99,0x47,0x65,0xaa,0x55,0x47,0x9a,0x74,0x3b,0x66,0xb3,0x2f,
  0x33,0xf2,0x4a,0x00,0x85,0x0a,0x32,0xb0,0x01,0xcb,0x20,0x00,0x9a,0x00,0x02,0xbb,0x30,0x0b,0x22,0xc0,0x68,0x00,0x87,0x86,0x00,0x68,0x0c,0x11,0xc0,0x04,0xaa,0x40,
  0x00,0xaa,0x00,0x00,0x66,0x00,0x00,0x66,0x00,0x00,0x66,0x00,0x5f,0xff,0xf5,0x00,0x01,0xc1,0x00,0x0b,0x30,0x00,0x85,0x00,0x05,0x90,0x00,0x2b,0x00,0x00,0x8f,0xff,
  0xf8,0x00,0xcf,0xf0,0x00,0xb0,0x00,0x00,0xb0,0x00,0x00,0xb0,0x00,0x00,0xb0,0x00,0x00,0xb0,0x00,0x00,0xb0,0x00,0x00,0xb0,0x00,0x00,0xcf,0xf0,0x0b,0x00,0x00,0x08,
  0x30,0x00,0x02,0x90,0x00,0x00,0xa0,0x00,0x00,0x55,0x00,0x00,0x0a,0x00,0x00,0x09,0x20,0x00,0x03,0x80,0x00,0x00,0xb0,0x0f,0xfc,0x00,0x00,0x0b,0x00,0x00,0x0b,0x00,
  0x00,0x0b,0x00,0x00,0x0b,0x00,0x00,0x0b,0x00,0x00,0x0b,0x00,0x00,0x0b,0x00,0x0f,0xfc,0x00,0x00,0xbb,0x00,0x04,0x88,0x40,0x0b,0x01,0xc0,0x56,0x00,0x75,0x00,0x00,
  0x00,0x00,0x00,0x00,0x00,0x00,0x00,0x00,0x00,0x00,0x6f,0xff,0xf6,0x00,0xa0,0x00,0x00,0x63,0x00,0x00,0x00,0x00,0x00,0x00,0x00,0x00,0x00,0x00,0x00,0x00,0x00,0x00,
  0x00,0x00,0x00,0x00,0x00,0x07,0xfe,0x40,0x07,0x12,0xc0,0x0b,0xff,0xc0,0x4a,0x00,0xb0,0x0c,0xf5,0x98,0x0c,0x00,0x00,0x0c,0x00,0x00,0x0c,0xaf,0x90,0x0d,0x11,0xb3,
  0x0c,0x00,0x75,0x0d,0x11,0xb3,0x0c,0xaf,0x90,0x04,0xde,0x50,0x0d,0x21,0x90,0x1b,0x00,0x00,0x0d,0x21,0x90,0x04,0xde,0x60,0x00,0x00,0xc0,0x00,0x00,0xc0,0x09,0xfa,
  0xc0,0x3b,0x11,0xd0,0x67,0x00,0xc0,0x3b,0x11,0xd0,0x09,0xfa,0xc0,0x06,0xee,0x60,0x1b,0x11,0xb1,0x4f,0xff,0xf4,0x2b,0x10,0x00,0x06,0xee,0xa0,0x00,0x3f,0xf7,0x00,
  0x66,0x00,0x4f,0xff,0xf7,0x00,0x76,0x00,0x00,0x76,0x00,0x00,0x76,0x00,0x2f,0xff,0xf3,0x00,0x00,0xd9,0x06,0xee,0x90,0x0e,0x11,0xd0,0x0b,0xfe,0x60,0x06,0x00,0x00,
  0x0b,0xff,0xd3,0x39,0x00,0x68,0x1c,0xff,0xc2,0x0c,0x00,0x00,0x0c,0x00,0x00,0x0c,0x8f,0x70,0x0b,0x11,0xe0,0x0c,0x00,0xb1,0x0c,0x00,0xb1,0x0c,0x00,0xb1,0x00,0x3c,
  0x00,0x00,0x00,0x00,0x0f,0xfb,0x00,0x00,0x1b,0x00,0x00,0x1b,0x00,0x00,0x1b,0x00,0x0f,0xff,0xf7,0x00,0x09,0x60,0x00,0x00,0x00,0x1f,0xff,0x50,0x00,0x07,0x50,0x00,
  0x07,0x50,0x00,0x07,0x50,0x00,0x07,0x50,0x00,0x07,0x40,0x0f,0xfe,0x20,0x0c,0x00,0x00,0x0c,0x00,0x00,0x0c,0x02,0xb1,0x0c,0x3b,0x10,0x0e,0xab,0x00,0x0d,0x06,0x80,
  0x0c,0x00,0xa5,0x3f,0xf6,0x00,0x00,0x66,0x00,0x00,0x66,0x00,0x00,0x66,0x00,0x00,0x66,0x00,0x00,0x66,0x00,0x3f,0xff,0xf3,0x78,0xd4,0xe3,0x74,0x74,0x67,0x74,0x66,
  0x47,0x74,0x66,0x47,0x74,0x66,0x47,0x0c,0x8f,0x70,0x0b,0x11,0xe0,0x0c,0x00,0xb1,0x0c,0x00,0xb1,0x0c,0x00,0xb1,0x06,0xee,0x60,0x2c,0x11,0xc2,0x48,0x00,0x84,0x2c,
  0x11,0xc2,0x06,0xee,0x60,0x0c,0xaf,0x90,0x0d,0x11,0xb3,0x0c,0x00,0x75,0x0d,0x11,0xb3,0x0c,0xaf,0x90,0x0c,0x00,0x00,0x0c,0x00,0x00,0x09,0xfa,0xc0,0x3b,0x11,0xd0,
  0x67,0x00,0xc0,0x3b,0x11,0xd0,0x09,0xfa,0xc0,0x00,0x00,0xc0,0x00,0x00,0xc0,0x3f,0xf4,0xe9,0x00,0xb3,0x00,0x00,0xb1,0x00,0x00,0xb1,0x00,0x3f,0xff,0xf1,0x07,0xee,
  0x90,0x0e,0x20,0x30,0x07,0xef,0xa0,0x05,0x11,0xb2,0x09,0xff,0x90,0x00,0xc0,0x00,0x00,0xc0,0x00,0x9f,0xff,0xf4,0x00,0xc0,0x00,0x00,0xc0,0x00,0x00,0xc0,0x00,0x00,
  0xaf,0xf4,0x1b,0x00,0xc0,0x1b,0x00,0xc0,0x1b,0x00,0xc0,0x0e,0x11,0xe0,0x08,0xfc,0xc0,0x2a,0x00,0x92,0x0c,0x00,0xb0,0x07,0x55,0x60,0x01,0xaa,0x10,0x00,0xaa,0x00,
  0xa1,0x88,0x09,0x73,0x99,0x37,0x46,0x99,0x64,0x2b,0x66,0xb2,0x0f,0x33,0xf0,0x1c,0x10,0xc1,0x03,0xba,0x30,0x00,0xaa,0x00,0x04,0x9a,0x40,0x1c,0x01,0xc1,0x48,0x00,
  0x84,0x0c,0x00,0xc0,0x06,0x55,0x60,0x00,0xbb,0x00,0x00,0x99,0x00,0x00,0xb2,0x00,0x2f,0xa0,0x00,0x0f,0xff,0xf0,0x00,0x06,0x80,0x00,0x86,0x00,0x09,0x50,0x00,0x2f,
  0xff,0xf2,0x00,0x7f,0xf0,0x00,0xa0,0x00,0x00,0x35,0x00,0x00,0x1b,0x00,0x0f,0xf6,0x00,0x00,0x1b,0x00,0x00,0x35,0x00,0x00,0xa0,0x00,0x00,0x7f,0xf0,0x00,0x55,0x00,
  0x00,0x55,0x00,0x00,0x55,0x00,0x00,0x55,0x00,0x00,0x55,0x00,0x00,0x55,0x00,0x00,0x55,0x00,0x00,0x55,0x00,0x00,0x55,0x00,0x0f,0xf7,0x00,0x00,0x0a,0x00,0x00,0x53,
  0x00,0x00,0xb1,0x00,0x00,0x6f,0xf0,0x00,0xb1,0x00,0x00,0x53,0x00,0x00,0x0a,0x00,0x0f,0xf7,0x00,0x0d,0xd4,0x65,0x56,0x4d,0xd0,0x00,0x00,0x00,0x00,0x00,0x00,0x00,
  0x99,0x00,0x00,0x00,0x00,0x00,0x00,0x00,0x00,0x00,0x00,0xff,0xff,0xff,0x00,0x00,0x00,0x00,0x00,0x00,0x00,0x00,0x00,0x79,0x88,0x97,0x01,0xee,0x10,0x01,0xee,0x10,
  0x00,0x00,0x00,0x00,0x00,0x00,0xbf,0xff,0xfb,0x90,0x00,0x09,0x90,0x00,0x09,0x90,0x00,0x09,0x90,0x00,0x09,0x90,0x00,0x09,0x90,0x00,0x09,0xbf,0xff,0xfb,0x00,0x5d,
  0x00,0x00,0x86,0x00,0x00,0x81,0x00,0x00,0x00,0x00,0x00,0x00,0x00,0x00,0x00,0x00,0x00,0x00,0x00,
};
const sig_font_t sigf_12 = { 1, 400, 10.0f, 11, 3, 0, 101, sigf_12_ch, sigf_12_gl, sigf_12_bmp, 1971 };
// --- mono 400 normal 10.5px  (101 glyphs, 2448 bytes)
static const sig_glyph_t sigf_13_gl[] = {
  {0,0,0,0,0,6},
  {0,6,8,0,-8,6},
  {24,6,8,0,-8,6},
  {48,7,8,0,-8,6},
  {80,7,10,0,-9,6},
  {120,7,8,0,-8,6},
  {152,7,8,0,-8,6},
  {184,6,8,0,-8,6},
  {208,6,10,0,-8,6},
  {238,6,10,0,-8,6},
  {268,7,6,0,-6,6},
  {292,6,7,0,-7,6},
  {313,6,4,0,-2,6},
  {325,6,4,0,-4,6},
  {337,6,2,0,-2,6},
  {343,6,10,0,-8,6},
  {373,6,8,0,-8,6},
  {397,7,8,0,-8,6},
  {429,6,8,0,-8,6},
  {453,6,8,0,-8,6},
  {477,7,8,0,-8,6},
  {509,6,8,0,-8,6},
  {533,6,8,0,-8,6},
  {557,6,8,0,-8,6},
  {581,6,8,0,-8,6},
  {605,6,8,0,-8,6},
  {629,6,6,0,-6,6},
  {647,6,8,0,-6,6},
  {671,6,6,0,-6,6},
  {689,6,5,0,-5,6},
  {704,6,6,0,-6,6},
  {722,6,8,0,-8,6},
  {746,6,9,0,-8,6},
  {773,7,8,0,-8,6},
  {805,6,8,0,-8,6},
  {829,6,8,0,-8,6},
  {853,6,8,0,-8,6},
  {877,6,8,0,-8,6},
  {901,6,8,0,-8,6},
  {925,6,8,0,-8,6},
  {949,6,8,0,-8,6},
  {973,6,8,0,-8,6},
  {997,6,8,0,-8,6},
  {1021,7,8,0,-8,6},
  {1053,6,8,0,-8,6},
  {1077,6,8,0,-8,6},
  {1101,6,8,0,-8,6},
  {1125,6,8,0,-8,6},
  {1149,6,8,0,-8,6},
  {1173,6,10,0,-8,6},
  {1203,7,8,0,-8,6},
  {1235,6,8,0,-8,6},
  {1259,7,8,0,-8,6},
  {1291,6,8,0,-8,6},
  {1315,7,8,0,-8,6},
  {1347,7,8,0,-8,6},
  {1379,7,8,0,-8,6},
  {1411,7,8,0,-8,6},
  {1443,7,8,0,-8,6},
  {1475,6,10,0,-8,6},
  {1505,6,10,0,-8,6},
  {1535,6,10,0,-8,6},
  {1565,7,8,0,-8,6},
  {1597,6,2,0,0,6},
  {1603,6,10,0,-10,6},
  {1633,7,6,0,-6,6},
  {1657,6,8,0,-8,6},
  {1681,6,6,0,-6,6},
  {1699,6,8,0,-8,6},
  {1723,6,6,0,-6,6},
  {1741,6,8,0,-8,6},
  {1765,7,9,0,-7,6},
  {1801,6,8,0,-8,6},
  {1825,6,8,0,-8,6},
  {1849,6,10,0,-8,6},
  {1879,7,8,0,-8,6},
  {1911,6,8,0,-8,6},
  {1935,6,6,0,-6,6},
  {1953,6,6,0,-6,6},
  {1971,6,6,0,-6,6},
  {1989,6,8,0,-6,6},
  {2013,6,8,0,-6,6},
  {2037,7,6,0,-6,6},
  {2061,6,6,0,-6,6},
  {2079,6,8,0,-8,6},
  {2103,6,6,0,-6,6},
  {2121,6,6,0,-6,6},
  {2139,7,6,0,-6,6},
  {2163,6,6,0,-6,6},
  {2181,7,8,0,-6,6},
  {2213,6,6,0,-6,6},
  {2231,6,10,0,-8,6},
  {2261,6,10,0,-8,6},
  {2291,6,10,0,-8,6},
  {2321,7,5,0,-5,6},
  {2341,6,4,0,-4,6},
  {2353,7,4,0,-4,6},
  {2369,7,1,0,-1,6},
  {2373,6,5,0,-5,6},
  {2388,7,9,0,-9,6},
  {2424,6,8,0,-8,6},
};
static const char sigf_13_ch[] = " !\"#$%&'()*+,-./0123456789:;<=>?@ABCDEFGHIJKLMNOPQRSTUVWXYZ[\\]^_`abcdefghijklmnopqrstuvwxyz{|}~·—…•→’";
static const uint8_t sigf_13_bmp[] = {
  0x00,0x3c,0x00,0x00,0x3c,0x00,0x00,0x2b,0x00,0x00,0x0a,0x00,0x00,0x07,0x00,0x00,0x00,0x00,0x00,0x5e,0x00,0x00,0x5e,0x00,0x01,0xc2,0xb0,0x01,0xc2,0xb0,0x01,0xc2,
  0xb0,0x00,0x00,0x00,0x00,0x00,0x00,0x00,0x00,0x00,0x00,0x00,0x00,0x00,0x00,0x00,0x00,0x84,0x74,0x00,0x00,0xc1,0xa1,0x00,0x6f,0xe0,0xdf,0x60,0x00,0xc0,0xc0,0x00,
  0x02,0x92,0xa0,0x00,0xdf,0x65,0xff,0x00,0x07,0x48,0x50,0x00,0x0b,0x1a,0x20,0x00,0x00,0x0b,0x00,0x00,0x05,0xdf,0xc2,0x00,0x0e,0x2a,0x4a,0x00,0x1d,0x0a,0x00,0x00,
  0x0b,0xdd,0x50,0x00,0x00,0x4d,0xcb,0x00,0x00,0x0a,0x0e,0x00,0x3c,0x2a,0x4d,0x00,0x06,0xef,0xd3,0x00,0x00,0x0b,0x00,0x00,0x4e,0xd1,0x0a,0x20,0xb2,0x76,0x39,0x00,
  0xb2,0x66,0xb1,0x00,0x4e,0xd1,0x30,0x00,0x00,0x35,0xfc,0x00,0x07,0x5c,0x18,0x40,0x1b,0x0c,0x18,0x40,0x84,0x05,0xfc,0x00,0x05,0xed,0x30,0x00,0x0e,0x14,0x70,0x00,
  0x0c,0x00,0x00,0x00,0x08,0xb0,0x6f,0x20,0x4b,0xa8,0x74,0x00,0xa4,0x0c,0xd1,0x00,0x98,0x04,0xf3,0x00,0x1c,0xfa,0x3d,0x00,0x00,0x2b,0x00,0x00,0x2b,0x00,0x00,0x2b,
  0x00,0x00,0x00,0x00,0x00,0x00,0x00,0x00,0x00,0x00,0x00,0x00,0x00,0x00,0x00,0x00,0x00,0x01,0xa1,0x00,0x0a,0x20,0x00,0x38,0x00,0x00,0x83,0x00,0x00,0xb1,0x00,0x00,
  0xb1,0x00,0x00,0x83,0x00,0x00,0x38,0x00,0x00,0x0a,0x20,0x00,0x01,0xa1,0x05,0x80,0x00,0x00,0x75,0x00,0x00,0x0b,0x00,0x00,0x0a,0x20,0x00,0x08,0x40,0x00,0x08,0x40,
  0x00,0x0a,0x20,0x00,0x0b,0x00,0x00,0x75,0x00,0x05,0x80,0x00,0x00,0x1b,0x00,0x00,0x11,0x1b,0x02,0x00,0x3b,0xce,0xc9,0x00,0x00,0xad,0x30,0x00,0x05,0x91,0xc0,0x00,
  0x02,0x00,0x20,0x00,0x00,0x03,0x00,0x00,0x2b,0x00,0x00,0x2b,0x00,0x5f,0xff,0xfe,0x00,0x2b,0x00,0x00,0x2b,0x00,0x00,0x03,0x00,0x00,0x3f,0x10,0x00,0x6c,0x00,0x00,
  0x87,0x00,0x00,0xa2,0x00,0x04,0xff,0xe0,0x00,0x00,0x00,0x00,0x00,0x00,0x00,0x00,0x00,0x00,0x5e,0x00,0x00,0x5e,0x00,0x00,0x00,0x66,0x00,0x00,0xb1,0x00,0x02,0xa0,
  0x00,0x08,0x40,0x00,0x0c,0x00,0x00,0x48,0x00,0x00,0xa2,0x00,0x01,0xb0,0x00,0x07,0x50,0x00,0x0c,0x00,0x00,0x03,0xdf,0xa0,0x0d,0x41,0x98,0x3b,0x00,0x1d,0x59,0x00,
  0x0e,0x59,0x4d,0x0e,0x3a,0x00,0x1d,0x0d,0x40,0x98,0x03,0xdf,0xa0,0x00,0xcf,0x10,0x00,0x0b,0x9d,0x10,0x00,0x3b,0x0d,0x10,0x00,0x00,0x0d,0x10,0x00,0x00,0x0d,0x10,
  0x00,0x00,0x0d,0x10,0x00,0x00,0x0d,0x10,0x00,0x1f,0xff,0xff,0x10,0x04,0xdf,0xa0,0x1e,0x20,0xb6,0x02,0x00,0x68,0x00,0x00,0xb4,0x00,0x09,0xa0,0x00,0xaa,0x00,0x0a,
  0x60,0x00,0x3f,0xff,0xfe,0x04,0xdf,0xa0,0x0b,0x21,0xa7,0x00,0x01,0xa5,0x00,0xef,0x80,0x00,0x01,0xa6,0x00,0x00,0x4a,0x3a,0x11,0xa7,0x07,0xee,0x90,0x00,0x09,0xf0,
  0x00,0x00,0x49,0xd0,0x00,0x00,0xb0,0xd0,0x00,0x08,0x30,0xd0,0x00,0x38,0x00,0xd0,0x00,0x9f,0xff,0xff,0x30,0x00,0x00,0xd0,0x00,0x00,0x00,0xd0,0x00,0x0b,0xff,0xf8,
  0x0c,0x00,0x00,0x0c,0x00,0x00,0x0c,0xaf,0xc2,0x08,0x30,0x8a,0x00,0x00,0x2d,0x0c,0x20,0x89,0x04,0xdf,0xa1,0x00,0x3c,0x20,0x01,0xc1,0x00,0x0a,0x30,0x00,0x1d,0xbf,
  0xc2,0x3e,0x30,0x7b,0x3a,0x00,0x1d,0x0d,0x20,0x7a,0x04,0xdf,0xb1,0x4f,0xff,0xfd,0x48,0x00,0x49,0x00,0x00,0xb2,0x00,0x02,0xb0,0x00,0x09,0x50,0x00,0x1d,0x00,0x00,
  0x78,0x00,0x00,0xd1,0x00,0x07,0xef,0xc2,0x1e,0x20,0x7b,0x0d,0x20,0x68,0x04,0xff,0xc0,0x1c,0x20,0x6a,0x59,0x00,0x0f,0x3d,0x20,0x6c,0x06,0xef,0xc2,0x04,0xdf,0xa0,
  0x1e,0x30,0x78,0x4a,0x00,0x1c,0x1e,0x20,0x7d,0x06,0xee,0x9a,0x00,0x00,0xa3,0x00,0x05,0xa0,0x00,0x7a,0x00,0x00,0x5e,0x00,0x00,0x5e,0x00,0x00,0x00,0x00,0x00,0x00,
  0x00,0x00,0x5e,0x00,0x00,0x5e,0x00,0x00,0x5e,0x00,0x00,0x5e,0x00,0x00,0x00,0x00,0x00,0x00,0x00,0x00,0x3f,0x10,0x00,0x6c,0x00,0x00,0x87,0x00,0x00,0xa2,0x00,0x00,
  0x00,0x58,0x00,0x4c,0x70,0x0b,0x81,0x00,0x0b,0x91,0x00,0x00,0x4c,0x80,0x00,0x00,0x58,0x5f,0xff,0xfe,0x00,0x00,0x00,0x5f,0xff,0xfe,0x00,0x00,0x00,0x00,0x00,0x00,
  0x0a,0x20,0x00,0x02,0xb9,0x10,0x00,0x04,0xb6,0x00,0x03,0xb6,0x02,0xa9,0x10,0x0a,0x20,0x00,0x03,0xcf,0xb1,0x0e,0x30,0x98,0x02,0x00,0x77,0x00,0x39,0x90,0x00,0x68,
  0x00,0x00,0x00,0x00,0x00,0x8b,0x00,0x00,0x9b,0x00,0x03,0xdf,0xa1,0x0d,0x40,0x88,0x2a,0x2e,0xab,0x48,0x86,0x2c,0x48,0x93,0x0c,0x48,0x85,0x1c,0x2a,0x3f,0xac,0x0d,
  0x51,0x00,0x02,0xcf,0xf0,0x00,0x7f,0x10,0x00,0x00,0xca,0x50,0x00,0x01,0xd4,0xa0,0x00,0x05,0x90,0xe0,0x00,0x0a,0x40,0xb3,0x00,0x0e,0xff,0xf8,0x00,0x3c,0x00,0x3d,
  0x00,0x87,0x00,0x0d,0x10,0x0f,0xff,0xc2,0x0e,0x00,0x79,0x0e,0x00,0x78,0x0f,0xff,0xd1,0x0e,0x00,0x5b,0x0e,0x00,0x0e,0x0e,0x00,0x5c,0x0f,0xff,0xd3,0x02,0xcf,0xb1,
  0x0b,0x60,0x6b,0x1d,0x00,0x01,0x2c,0x00,0x00,0x3c,0x00,0x00,0x1d,0x00,0x01,0x0b,0x60,0x6b,0x02,0xcf,0xb1,0x0f,0xff,0xa0,0x0e,0x01,0xa7,0x0e,0x00,0x2d,0x0e,0x00,
  0x0e,0x0e,0x00,0x0e,0x0e,0x00,0x2d,0x0e,0x01,0xa7,0x0f,0xfe,0x90,0x0f,0xff,0xfb,0x0e,0x00,0x00,0x0e,0x00,0x00,0x0f,0xff,0xf9,0x0e,0x00,0x00,0x0e,0x00,0x00,0x0e,
  0x00,0x00,0x0f,0xff,0xfb,0x0f,0xff,0xfd,0x0e,0x00,0x00,0x0e,0x00,0x00,0x0f,0xff,0xf8,0x0e,0x00,0x00,0x0e,0x00,0x00,0x0e,0x00,0x00,0x0e,0x00,0x00,0x04,0xdf,0xa0,
  0x0e,0x40,0x88,0x3b,0x00,0x00,0x59,0x00,0x00,0x59,0x0b,0xfb,0x4b,0x00,0x1b,0x0e,0x40,0x7b,0x05,0xee,0x6b,0x2c,0x00,0x3b,0x2c,0x00,0x3b,0x2c,0x00,0x3b,0x2f,0xff,
  0xfb,0x2c,0x00,0x3b,0x2c,0x00,0x3b,0x2c,0x00,0x3b,0x2c,0x00,0x3b,0x1f,0xff,0xfa,0x00,0x2c,0x00,0x00,0x2c,0x00,0x00,0x2c,0x00,0x00,0x2c,0x00,0x00,0x2c,0x00,0x00,
  0x2c,0x00,0x1f,0xff,0xfa,0x06,0xff,0xf4,0x00,0x00,0xa4,0x00,0x00,0xa4,0x00,0x00,0xa4,0x00,0x00,0xa4,0x00,0x00,0xa4,0x0d,0x21,0xe2,0x05,0xee,0x70,0x1d,0x00,0x3d,
  0x00,0x1d,0x01,0xd2,0x00,0x1d,0x0c,0x40,0x00,0x1d,0x9c,0x00,0x00,0x1f,0x9c,0x40,0x00,0x1e,0x03,0xd0,0x00,0x1d,0x00,0x97,0x00,0x1d,0x00,0x1e,0x10,0x0b,0x40,0x00,
  0x0b,0x40,0x00,0x0b,0x40,0x00,0x0b,0x40,0x00,0x0b,0x40,0x00,0x0b,0x40,0x00,0x0b,0x40,0x00,0x0b,0xff,0xfe,0x4f,0x10,0x7d,0x4e,0x60,0xad,0x49,0xa2,0x8d,0x49,0x99,
  0x2d,0x49,0x3d,0x0d,0x49,0x05,0x0d,0x49,0x00,0x0d,0x49,0x00,0x0d,0x2f,0x60,0x1b,0x2d,0xc0,0x1b,0x2b,0xb2,0x1b,0x2b,0x58,0x1b,0x2b,0x0d,0x2b,0x2b,0x08,0x6b,0x2b,
  0x02,0xdb,0x2b,0x00,0xcb,0x03,0xdf,0xa0,0x0d,0x41,0x98,0x3b,0x00,0x1d,0x59,0x00,0x0f,0x59,0x00,0x0e,0x3b,0x00,0x1d,0x0e,0x41,0x98,0x03,0xdf,0xa0,0x0f,0xff,0xd3,
  0x0e,0x00,0x4c,0x0e,0x00,0x0e,0x0e,0x00,0x4c,0x0f,0xff,0xd3,0x0e,0x00,0x00,0x0e,0x00,0x00,0x0e,0x00,0x00,0x03,0xdf,0xa0,0x0e,0x41,0x98,0x3b,0x00,0x1d,0x59,0x00,
  0x0e,0x59,0x00,0x0f,0x4b,0x00,0x1d,0x0e,0x41,0x98,0x04,0xdf,0xb0,0x00,0x1b,0x00,0x00,0x0c,0xf6,0x0f,0xff,0xd3,0x00,0x0e,0x00,0x4c,0x00,0x0e,0x00,0x0e,0x00,0x0e,
  0x00,0x4c,0x00,0x0f,0xff,0xd3,0x00,0x0e,0x08,0x60,0x00,0x0e,0x00,0xd1,0x00,0x0e,0x00,0x4b,0x00,0x06,0xef,0xc2,0x1e,0x20,0x59,0x3c,0x00,0x00,0x0c,0xd9,0x50,0x00,
  0x47,0xc9,0x00,0x00,0x0e,0x3b,0x20,0x6c,0x06,0xef,0xc2,0xbf,0xff,0xff,0x50,0x00,0x2c,0x00,0x00,0x00,0x2c,0x00,0x00,0x00,0x2c,0x00,0x00,0x00,0x2c,0x00,0x00,0x00,
  0x2c,0x00,0x00,0x00,0x2c,0x00,0x00,0x00,0x2c,0x00,0x00,0x2c,0x00,0x3b,0x2c,0x00,0x3b,0x2c,0x00,0x3b,0x2c,0x00,0x3b,0x1c,0x00,0x3b,0x1d,0x00,0x3a,0x0e,0x30,0x97,
  0x04,0xef,0xb1,0x78,0x00,0x0d,0x10,0x2c,0x00,0x2c,0x00,0x0e,0x10,0x67,0x00,0x09,0x50,0xb3,0x00,0x05,0x90,0xd0,0x00,0x00,0xd3,0xa0,0x00,0x00,0xca,0x50,0x00,0x00,
  0x7f,0x10,0x00,0x93,0x00,0x0a,0x20,0x84,0x00,0x0b,0x10,0x66,0x4e,0x0c,0x00,0x57,0x8c,0x2c,0x00,0x48,0xa6,0x5c,0x00,0x39,0xb3,0x8c,0x00,0x2c,0x90,0xcb,0x00,0x0f,
  0x60,0xca,0x00,0x4c,0x00,0x1d,0x00,0x0a,0x50,0xa5,0x00,0x01,0xd4,0xb0,0x00,0x00,0x7f,0x20,0x00,0x00,0x9e,0x30,0x00,0x03,0xc3,0xc0,0x00,0x0c,0x30,0x96,0x00,0x69,
  0x00,0x1d,0x10,0x88,0x00,0x0d,0x20,0x1e,0x10,0x69,0x00,0x07,0x80,0xd1,0x00,0x00,0xd7,0x80,0x00,0x00,0x6e,0x00,0x00,0x00,0x2c,0x00,0x00,0x00,0x2c,0x00,0x00,0x00,
  0x2c,0x00,0x00,0x4f,0xff,0xfe,0x00,0x00,0x00,0x78,0x00,0x00,0x03,0xc0,0x00,0x00,0x1d,0x20,0x00,0x00,0xa5,0x00,0x00,0x06,0x90,0x00,0x00,0x2c,0x00,0x00,0x00,0x7f,
  0xff,0xff,0x10,0x00,0x8f,0xf9,0x00,0x83,0x00,0x00,0x83,0x00,0x00,0x83,0x00,0x00,0x83,0x00,0x00,0x83,0x00,0x00,0x83,0x00,0x00,0x83,0x00,0x00,0x83,0x00,0x00,0x8f,
  0xf9,0x0c,0x00,0x00,0x07,0x50,0x00,0x01,0xb0,0x00,0x00,0xa2,0x00,0x00,0x48,0x00,0x00,0x0c,0x00,0x00,0x08,0x40,0x00,0x02,0xa0,0x00,0x00,0xb1,0x00,0x00,0x66,0x0f,
  0xff,0x20,0x00,0x0a,0x20,0x00,0x0a,0x20,0x00,0x0a,0x20,0x00,0x0a,0x20,0x00,0x0a,0x20,0x00,0x0a,0x20,0x00,0x0a,0x20,0x00,0x0a,0x20,0x0f,0xff,0x20,0x00,0x7e,0x10,
  0x00,0x01,0xc4,0xa0,0x00,0x09,0x40,0xb3,0x00,0x2b,0x00,0x3b,0x00,0x22,0x00,0x04,0x00,0x00,0x00,0x00,0x00,0x00,0x00,0x00,0x00,0x00,0x00,0x00,0x00,0x00,0x00,0x00,
  0x5f,0xff,0xff,0x00,0x00,0x00,0x00,0xa2,0x00,0x00,0x28,0x00,0x00,0x00,0x00,0x00,0x00,0x00,0x00,0x00,0x00,0x00,0x00,0x00,0x00,0x00,0x00,0x00,0x00,0x00,0x00,0x00,
  0x00,0x05,0xef,0x80,0x00,0x09,0x21,0xd2,0x00,0x00,0x00,0xa4,0x00,0x0a,0xff,0xf4,0x00,0x3c,0x10,0x74,0x00,0x0b,0xfa,0x3f,0x00,0x0e,0x00,0x00,0x0e,0x00,0x00,0x0e,
  0x7f,0xc2,0x0e,0x30,0x7a,0x0e,0x00,0x0e,0x0e,0x00,0x0e,0x0e,0x30,0x7a,0x0e,0x7f,0xc2,0x02,0xcf,0xb0,0x0b,0x50,0x75,0x0e,0x00,0x00,0x0e,0x00,0x00,0x0c,0x50,0x66,
  0x02,0xcf,0xb1,0x00,0x00,0x59,0x00,0x00,0x59,0x06,0xed,0x79,0x1e,0x30,0x99,0x4a,0x00,0x59,0x4a,0x00,0x59,0x1e,0x20,0x99,0x06,0xed,0x79,0x03,0xcf,0xa1,0x0b,0x20,
  0x69,0x3f,0xff,0xfd,0x3b,0x00,0x00,0x0d,0x40,0x77,0x03,0xdf,0xb1,0x00,0x0d,0xff,0x00,0x2b,0x00,0x3f,0xff,0xff,0x00,0x2b,0x00,0x00,0x2b,0x00,0x00,0x2b,0x00,0x00,
  0x2b,0x00,0x1f,0xff,0xfb,0x00,0x00,0x6f,0x10,0x04,0xde,0xd0,0x00,0x0d,0x30,0xa6,0x00,0x0d,0x30,0xa5,0x00,0x03,0xff,0xa0,0x00,0x0b,0x20,0x00,0x00,0x0a,0xff,0xfa,
  0x00,0x2c,0x00,0x1d,0x10,0x0a,0xef,0xe8,0x00,0x0e,0x00,0x00,0x0e,0x00,0x00,0x0e,0x5e,0xb1,0x0d,0x20,0xa7,0x0e,0x00,0x59,0x0e,0x00,0x49,0x0e,0x00,0x49,0x0e,0x00,
  0x49,0x00,0x0d,0x30,0x00,0x00,0x00,0x0d,0xff,0x10,0x00,0x0c,0x10,0x00,0x0c,0x10,0x00,0x0c,0x10,0x00,0x0c,0x10,0x0d,0xff,0xff,0x00,0x03,0xd0,0x00,0x00,0x00,0x0f,
  0xff,0xc0,0x00,0x02,0xc0,0x00,0x02,0xc0,0x00,0x02,0xc0,0x00,0x02,0xc0,0x00,0x02,0xc0,0x00,0x02,0xb0,0x0e,0xff,0x70,0x0d,0x00,0x00,0x00,0x0d,0x00,0x00,0x00,0x0d,
  0x00,0x88,0x00,0x0d,0x09,0x80,0x00,0x0d,0x9e,0x00,0x00,0x0d,0x58,0x80,0x00,0x0d,0x00,0xc3,0x00,0x0d,0x00,0x2d,0x10,0x2f,0xfb,0x00,0x00,0x2b,0x00,0x00,0x2b,0x00,
  0x00,0x2b,0x00,0x00,0x2b,0x00,0x00,0x2b,0x00,0x00,0x2b,0x00,0x2f,0xff,0xfb,0x68,0xe3,0xca,0x66,0x49,0x1e,0x66,0x1b,0x0d,0x66,0x1b,0x0d,0x66,0x1b,0x0d,0x66,0x1b,
  0x0d,0x0e,0x5e,0xb1,0x0d,0x20,0xa7,0x0e,0x00,0x59,0x0e,0x00,0x49,0x0e,0x00,0x49,0x0e,0x00,0x49,0x03,0xdf,0xa0,0x0d,0x30,0x88,0x3a,0x00,0x1c,0x3a,0x00,0x1c,0x0d,
  0x30,0x88,0x04,0xdf,0xa0,0x0e,0x7f,0xc2,0x0e,0x30,0x7a,0x0e,0x00,0x0e,0x0e,0x00,0x0e,0x0e,0x30,0x7a,0x0e,0x7f,0xc2,0x0e,0x00,0x00,0x0e,0x00,0x00,0x06,0xed,0x79,
  0x1e,0x30,0x99,0x4a,0x00,0x59,0x4a,0x00,0x59,0x1e,0x20,0x99,0x06,0xed,0x79,0x00,0x00,0x59,0x00,0x00,0x59,0x2f,0xf6,0xbf,0x20,0x00,0x79,0x20,0x00,0x00,0x76,0x00,
  0x00,0x00,0x76,0x00,0x00,0x00,0x76,0x00,0x00,0x2f,0xff,0xf9,0x00,0x05,0xdf,0xc2,0x0d,0x20,0x33,0x0b,0xb8,0x50,0x00,0x57,0xc8,0x08,0x20,0x5a,0x06,0xef,0xc2,0x00,
  0xa3,0x00,0x00,0xb3,0x00,0x9f,0xff,0xfc,0x00,0xa3,0x00,0x00,0xa3,0x00,0x00,0xa3,0x00,0x00,0xa3,0x00,0x00,0x6f,0xfc,0x0e,0x00,0x58,0x0e,0x00,0x58,0x0e,0x00,0x58,
  0x0e,0x00,0x58,0x0d,0x40,0xa8,0x04,0xee,0x98,0x2b,0x00,0x2b,0x0c,0x10,0x76,0x07,0x60,0xb1,0x01,0xb1,0xb0,0x00,0xc7,0x50,0x00,0x6e,0x00,0x92,0x4e,0x08,0x30,0x74,
  0x7b,0x1a,0x00,0x46,0x96,0x4b,0x00,0x29,0xa3,0x7b,0x00,0x0b,0x90,0xb9,0x00,0x0d,0x60,0xd7,0x00,0x0d,0x20,0x78,0x03,0xc2,0xc0,0x00,0x8e,0x20,0x00,0x9e,0x30,0x04,
  0xa2,0xd0,0x1d,0x10,0x79,0x3a,0x00,0x1c,0x00,0x0c,0x10,0x76,0x00,0x06,0x70,0xc0,0x00,0x00,0xc3,0x90,0x00,0x00,0x9d,0x30,0x00,0x00,0x3d,0x00,0x00,0x00,0x86,0x00,
  0x00,0x1f,0xc0,0x00,0x00,0x0f,0xff,0xf9,0x00,0x00,0xc3,0x00,0x0b,0x40,0x00,0xb5,0x00,0x0a,0x50,0x00,0x1f,0xff,0xfa,0x00,0x4f,0xf7,0x00,0x65,0x00,0x00,0x18,0x00,
  0x00,0x0a,0x30,0x0d,0xfa,0x00,0x00,0x0a,0x30,0x00,0x0a,0x10,0x00,0x47,0x00,0x00,0x65,0x00,0x00,0x3f,0xf7,0x00,0x1b,0x00,0x00,0x1b,0x00,0x00,0x1b,0x00,0x00,0x1b,
  0x00,0x00,0x1b,0x00,0x00,0x1b,0x00,0x00,0x1b,0x00,0x00,0x1b,0x00,0x00,0x1b,0x00,0x00,0x1b,0x00,0x0d,0xfc,0x00,0x00,0x0b,0x00,0x00,0x27,0x00,0x00,0xa4,0x00,0x00,
  0x2e,0xf7,0x00,0xa4,0x00,0x00,0x65,0x00,0x00,0x0b,0x00,0x00,0x0c,0x00,0x0d,0xfc,0x00,0x09,0xe2,0x0a,0x00,0x2a,0x4c,0x2b,0x00,0x45,0x07,0xe4,0x00,0x00,0x00,0x00,
  0x00,0x00,0x00,0x00,0x00,0x00,0x5e,0x00,0x00,0x5e,0x00,0x00,0x00,0x00,0x00,0x00,0x00,0xff,0xff,0xff,0x90,0x00,0x00,0x00,0x00,0x00,0x00,0x00,0x00,0x00,0x00,0x00,
  0x00,0x6b,0x4d,0x2e,0x00,0x00,0xbf,0x50,0x00,0xff,0x90,0x00,0xbf,0x50,0x00,0x00,0x00,0x00,0x00,0x00,0xaf,0xff,0xff,0x40,0xa0,0x00,0x06,0x40,0xa0,0x00,0x06,0x40,
  0xa0,0x00,0x06,0x40,0xa0,0x00,0x06,0x40,0xa0,0x00,0x06,0x40,0xa0,0x00,0x06,0x40,0xa0,0x00,0x06,0x40,0xaf,0xff,0xff,0x40,0x00,0x1f,0x30,0x00,0x4d,0x00,0x00,0x76,
  0x00,0x00,0x00,0x00,0x00,0x00,0x00,0x00,0x00,0x00,0x00,0x00,0x00,0x00,0x00,0x00,
};
const sig_font_t sigf_13 = { 1, 400, 10.5f, 11, 3, 0, 101, sigf_13_ch, sigf_13_gl, sigf_13_bmp, 2448 };
// --- mono 400 normal 11px  (101 glyphs, 3000 bytes)
static const sig_glyph_t sigf_14_gl[] = {
  {0,0,0,0,0,7},
  {0,7,8,0,-8,7},
  {32,7,8,0,-8,7},
  {64,7,8,0,-8,7},
  {96,7,10,0,-9,7},
  {136,7,8,0,-8,7},
  {168,7,8,0,-8,7},
  {200,7,8,0,-8,7},
  {232,7,10,0,-8,7},
  {272,7,10,0,-8,7},
  {312,7,6,0,-6,7},
  {336,7,7,0,-7,7},
  {364,7,4,0,-2,7},
  {380,7,4,0,-4,7},
  {396,7,2,0,-2,7},
  {404,7,10,0,-8,7},
  {444,7,8,0,-8,7},
  {476,7,8,0,-8,7},
  {508,7,8,0,-8,7},
  {540,7,8,0,-8,7},
  {572,7,8,0,-8,7},
  {604,7,8,0,-8,7},
  {636,7,8,0,-8,7},
  {668,7,8,0,-8,7},
  {700,7,8,0,-8,7},
  {732,7,8,0,-8,7},
  {764,7,6,0,-6,7},
  {788,7,8,0,-6,7},
  {820,7,6,0,-6,7},
  {844,7,5,0,-5,7},
  {864,7,6,0,-6,7},
  {888,7,8,0,-8,7},
  {920,7,9,0,-8,7},
  {956,7,8,0,-8,7},
  {988,7,8,0,-8,7},
  {1020,7,8,0,-8,7},
  {1052,7,8,0,-8,7},
  {1084,7,8,0,-8,7},
  {1116,7,8,0,-8,7},
  {1148,7,8,0,-8,7},
  {1180,7,8,0,-8,7},
  {1212,7,8,0,-8,7},
  {1244,7,8,0,-8,7},
  {1276,7,8,0,-8,7},
  {1308,7,8,0,-8,7},
  {1340,7,8,0,-8,7},
  {1372,7,8,0,-8,7},
  {1404,7,8,0,-8,7},
  {1436,7,8,0,-8,7},
  {1468,7,10,0,-8,7},
  {1508,7,8,0,-8,7},
  {1540,7,8,0,-8,7},
  {1572,7,8,0,-8,7},
  {1604,7,8,0,-8,7},
  {1636,7,8,0,-8,7},
  {1668,7,8,0,-8,7},
  {1700,7,8,0,-8,7},
  {1732,7,8,0,-8,7},
  {1764,7,8,0,-8,7},
  {1796,7,10,0,-8,7},
  {1836,7,10,0,-8,7},
  {1876,7,10,0,-8,7},
  {1916,7,8,0,-8,7},
  {1948,7,2,0,0,7},
  {1956,7,10,0,-10,7},
  {1996,7,6,0,-6,7},
  {2020,7,8,0,-8,7},
  {2052,7,6,0,-6,7},
  {2076,7,8,0,-8,7},
  {2108,7,6,0,-6,7},
  {2132,7,8,0,-8,7},
  {2164,7,9,0,-7,7},
  {2200,7,8,0,-8,7},
  {2232,7,8,0,-8,7},
  {2264,7,10,0,-8,7},
  {2304,7,8,0,-8,7},
  {2336,7,8,0,-8,7},
  {2368,7,6,0,-6,7},
  {2392,7,6,0,-6,7},
  {2416,7,6,0,-6,7},
  {2440,7,8,0,-6,7},
  {2472,7,8,0,-6,7},
  {2504,7,6,0,-6,7},
  {2528,7,6,0,-6,7},
  {2552,7,8,0,-8,7},
  {2584,7,6,0,-6,7},
  {2608,7,6,0,-6,7},
  {2632,7,6,0,-6,7},
  {2656,7,6,0,-6,7},
  {2680,7,8,0,-6,7},
  {2712,7,6,0,-6,7},
  {2736,7,10,0,-8,7},
  {2776,7,10,0,-8,7},
  {2816,7,10,0,-8,7},
  {2856,7,5,0,-5,7},
  {2876,7,4,0,-4,7},
  {2892,7,4,0,-4,7},
  {2908,7,1,0,-1,7},
  {2912,7,5,0,-5,7},
  {2932,7,9,0,-9,7},
  {2968,7,8,0,-8,7},
};
static const char sigf_14_ch[] = " !\"#$%&'()*+,-./0123456789:;<=>?@ABCDEFGHIJKLMNOPQRSTUVWXYZ[\\]^_`abcdefghijklmnopqrstuvwxyz{|}~·—…•→’";
static const uint8_t sigf_14_bmp[] = {
  0x00,0x3c,0x00,0x00,0x00,0x3c,0x00,0x00,0x00,0x2b,0x00,0x00,0x00,0x0a,0x00,0x00,0x00,0x07,0x00,0x00,0x00,0x00,0x00,0x00,0x00,0x5e,0x00,0x00,0x00,0x5e,0x00,0x00,
  0x01,0xc2,0xb0,0x00,0x01,0xc2,0xb0,0x00,0x01,0xc2,0xb0,0x00,0x00,0x00,0x00,0x00,0x00,0x00,0x00,0x00,0x00,0x00,0x00,0x00,0x00,0x00,0x00,0x00,0x00,0x00,0x00,0x00,
  0x00,0x84,0x74,0x00,0x00,0xc1,0xa1,0x00,0x6f,0xe0,0xdf,0x60,0x00,0xc0,0xc0,0x00,0x02,0x92,0xa0,0x00,0xdf,0x65,0xff,0x00,0x07,0x48,0x50,0x00,0x0b,0x1a,0x20,0x00,
  0x00,0x0b,0x00,0x00,0x05,0xdf,0xc2,0x00,0x0e,0x2a,0x4a,0x00,0x1d,0x0a,0x00,0x00,0x0b,0xdd,0x50,0x00,0x00,0x4d,0xcb,0x00,0x00,0x0a,0x0e,0x00,0x3c,0x2a,0x4d,0x00,
  0x06,0xef,0xd3,0x00,0x00,0x0b,0x00,0x00,0x4e,0xd1,0x0a,0x20,0xb2,0x76,0x39,0x00,0xb2,0x66,0xb1,0x00,0x4e,0xd1,0x30,0x00,0x00,0x35,0xfc,0x00,0x07,0x5c,0x18,0x40,
  0x1b,0x0c,0x18,0x40,0x84,0x05,0xfc,0x00,0x05,0xed,0x30,0x00,0x0e,0x14,0x70,0x00,0x0c,0x00,0x00,0x00,0x08,0xb0,0x6f,0x20,0x4b,0xa8,0x74,0x00,0xa4,0x0c,0xd1,0x00,
  0x98,0x04,0xf3,0x00,0x1c,0xfa,0x3d,0x00,0x00,0x2b,0x00,0x00,0x00,0x2b,0x00,0x00,0x00,0x2b,0x00,0x00,0x00,0x00,0x00,0x00,0x00,0x00,0x00,0x00,0x00,0x00,0x00,0x00,
  0x00,0x00,0x00,0x00,0x00,0x00,0x00,0x00,0x00,0x01,0xa1,0x00,0x00,0x0a,0x20,0x00,0x00,0x38,0x00,0x00,0x00,0x83,0x00,0x00,0x00,0xb1,0x00,0x00,0x00,0xb1,0x00,0x00,
  0x00,0x83,0x00,0x00,0x00,0x38,0x00,0x00,0x00,0x0a,0x20,0x00,0x00,0x01,0xa1,0x00,0x05,0x80,0x00,0x00,0x00,0x75,0x00,0x00,0x00,0x0b,0x00,0x00,0x00,0x0a,0x20,0x00,
  0x00,0x08,0x40,0x00,0x00,0x08,0x40,0x00,0x00,0x0a,0x20,0x00,0x00,0x0b,0x00,0x00,0x00,0x75,0x00,0x00,0x05,0x80,0x00,0x00,0x00,0x1b,0x00,0x00,0x11,0x1b,0x02,0x00,
  0x3b,0xce,0xc9,0x00,0x00,0xad,0x30,0x00,0x05,0x91,0xc0,0x00,0x02,0x00,0x20,0x00,0x00,0x03,0x00,0x00,0x00,0x2b,0x00,0x00,0x00,0x2b,0x00,0x00,0x5f,0xff,0xfe,0x00,
  0x00,0x2b,0x00,0x00,0x00,0x2b,0x00,0x00,0x00,0x03,0x00,0x00,0x00,0x3f,0x10,0x00,0x00,0x6c,0x00,0x00,0x00,0x87,0x00,0x00,0x00,0xa2,0x00,0x00,0x04,0xff,0xe0,0x00,
  0x00,0x00,0x00,0x00,0x00,0x00,0x00,0x00,0x00,0x00,0x00,0x00,0x00,0x5e,0x00,0x00,0x00,0x5e,0x00,0x00,0x00,0x00,0x66,0x00,0x00,0x00,0xb1,0x00,0x00,0x02,0xa0,0x00,
  0x00,0x08,0x40,0x00,0x00,0x0c,0x00,0x00,0x00,0x48,0x00,0x00,0x00,0xa2,0x00,0x00,0x01,0xb0,0x00,0x00,0x07,0x50,0x00,0x00,0x0c,0x00,0x00,0x00,0x03,0xdf,0xa0,0x00,
  0x0d,0x41,0x98,0x00,0x3b,0x00,0x1d,0x00,0x59,0x00,0x0e,0x00,0x59,0x4d,0x0e,0x00,0x3a,0x00,0x1d,0x00,0x0d,0x40,0x98,0x00,0x03,0xdf,0xa0,0x00,0x00,0xcf,0x10,0x00,
  0x0b,0x9d,0x10,0x00,0x3b,0x0d,0x10,0x00,0x00,0x0d,0x10,0x00,0x00,0x0d,0x10,0x00,0x00,0x0d,0x10,0x00,0x00,0x0d,0x10,0x00,0x1f,0xff,0xff,0x10,0x04,0xdf,0xa0,0x00,
  0x1e,0x20,0xb6,0x00,0x02,0x00,0x68,0x00,0x00,0x00,0xb4,0x00,0x00,0x09,0xa0,0x00,0x00,0xaa,0x00,0x00,0x0a,0x60,0x00,0x00,0x3f,0xff,0xfe,0x00,0x04,0xdf,0xa0,0x00,
  0x0b,0x21,0xa7,0x00,0x00,0x01,0xa5,0x00,0x00,0xef,0x80,0x00,0x00,0x01,0xa6,0x00,0x00,0x00,0x4a,0x00,0x3a,0x11,0xa7,0x00,0x07,0xee,0x90,0x00,0x00,0x09,0xf0,0x00,
  0x00,0x49,0xd0,0x00,0x00,0xb0,0xd0,0x00,0x08,0x30,0xd0,0x00,0x38,0x00,0xd0,0x00,0x9f,0xff,0xff,0x30,0x00,0x00,0xd0,0x00,0x00,0x00,0xd0,0x00,0x0b,0xff,0xf8,0x00,
  0x0c,0x00,0x00,0x00,0x0c,0x00,0x00,0x00,0x0c,0xaf,0xc2,0x00,0x08,0x30,0x8a,0x00,0x00,0x00,0x2d,0x00,0x0c,0x20,0x89,0x00,0x04,0xdf,0xa1,0x00,0x00,0x3c,0x20,0x00,
  0x01,0xc1,0x00,0x00,0x0a,0x30,0x00,0x00,0x1d,0xbf,0xc2,0x00,0x3e,0x30,0x7b,0x00,0x3a,0x00,0x1d,0x00,0x0d,0x20,0x7a,0x00,0x04,0xdf,0xb1,0x00,0x4f,0xff,0xfd,0x00,
  0x48,0x00,0x49,0x00,0x00,0x00,0xb2,0x00,0x00,0x02,0xb0,0x00,0x00,0x09,0x50,0x00,0x00,0x1d,0x00,0x00,0x00,0x78,0x00,0x00,0x00,0xd1,0x00,0x00,0x07,0xef,0xc2,0x00,
  0x1e,0x20,0x7b,0x00,0x0d,0x20,0x68,0x00,0x04,0xff,0xc0,0x00,0x1c,0x20,0x6a,0x00,0x59,0x00,0x0f,0x00,0x3d,0x20,0x6c,0x00,0x06,0xef,0xc2,0x00,0x04,0xdf,0xa0,0x00,
  0x1e,0x30,0x78,0x00,0x4a,0x00,0x1c,0x00,0x1e,0x20,0x7d,0x00,0x06,0xee,0x9a,0x00,0x00,0x00,0xa3,0x00,0x00,0x05,0xa0,0x00,0x00,0x7a,0x00,0x00,0x00,0x5e,0x00,0x00,
  0x00,0x5e,0x00,0x00,0x00,0x00,0x00,0x00,0x00,0x00,0x00,0x00,0x00,0x5e,0x00,0x00,0x00,0x5e,0x00,0x00,0x00,0x5e,0x00,0x00,0x00,0x5e,0x00,0x00,0x00,0x00,0x00,0x00,
  0x00,0x00,0x00,0x00,0x00,0x3f,0x10,0x00,0x00,0x6c,0x00,0x00,0x00,0x87,0x00,0x00,0x00,0xa2,0x00,0x00,0x00,0x00,0x58,0x00,0x00,0x4c,0x70,0x00,0x0b,0x81,0x00,0x00,
  0x0b,0x91,0x00,0x00,0x00,0x4c,0x80,0x00,0x00,0x00,0x58,0x00,0x5f,0xff,0xfe,0x00,0x00,0x00,0x00,0x00,0x5f,0xff,0xfe,0x00,0x00,0x00,0x00,0x00,0x00,0x00,0x00,0x00,
  0x0a,0x20,0x00,0x00,0x02,0xb9,0x10,0x00,0x00,0x04,0xb6,0x00,0x00,0x03,0xb6,0x00,0x02,0xa9,0x10,0x00,0x0a,0x20,0x00,0x00,0x03,0xcf,0xb1,0x00,0x0e,0x30,0x98,0x00,
  0x02,0x00,0x77,0x00,0x00,0x39,0x90,0x00,0x00,0x68,0x00,0x00,0x00,0x00,0x00,0x00,0x00,0x8b,0x00,0x00,0x00,0x9b,0x00,0x00,0x03,0xdf,0xa1,0x00,0x0d,0x40,0x88,0x00,
  0x2a,0x2e,0xab,0x00,0x48,0x86,0x2c,0x00,0x48,0x93,0x0c,0x00,0x48,0x85,0x1c,0x00,0x2a,0x3f,0xac,0x00,0x0d,0x51,0x00,0x00,0x02,0xcf,0xf0,0x00,0x00,0x7f,0x10,0x00,
  0x00,0xca,0x50,0x00,0x01,0xd4,0xa0,0x00,0x05,0x90,0xe0,0x00,0x0a,0x40,0xb3,0x00,0x0e,0xff,0xf8,0x00,0x3c,0x00,0x3d,0x00,0x87,0x00,0x0d,0x10,0x0f,0xff,0xc2,0x00,
  0x0e,0x00,0x79,0x00,0x0e,0x00,0x78,0x00,0x0f,0xff,0xd1,0x00,0x0e,0x00,0x5b,0x00,0x0e,0x00,0x0e,0x00,0x0e,0x00,0x5c,0x00,0x0f,0xff,0xd3,0x00,0x02,0xcf,0xb1,0x00,
  0x0b,0x60,0x6b,0x00,0x1d,0x00,0x01,0x00,0x2c,0x00,0x00,0x00,0x3c,0x00,0x00,0x00,0x1d,0x00,0x01,0x00,0x0b,0x60,0x6b,0x00,0x02,0xcf,0xb1,0x00,0x0f,0xff,0xa0,0x00,
  0x0e,0x01,0xa7,0x00,0x0e,0x00,0x2d,0x00,0x0e,0x00,0x0e,0x00,0x0e,0x00,0x0e,0x00,0x0e,0x00,0x2d,0x00,0x0e,0x01,0xa7,0x00,0x0f,0xfe,0x90,0x00,0x0f,0xff,0xfb,0x00,
  0x0e,0x00,0x00,0x00,0x0e,0x00,0x00,0x00,0x0f,0xff,0xf9,0x00,0x0e,0x00,0x00,0x00,0x0e,0x00,0x00,0x00,0x0e,0x00,0x00,0x00,0x0f,0xff,0xfb,0x00,0x0f,0xff,0xfd,0x00,
  0x0e,0x00,0x00,0x00,0x0e,0x00,0x00,0x00,0x0f,0xff,0xf8,0x00,0x0e,0x00,0x00,0x00,0x0e,0x00,0x00,0x00,0x0e,0x00,0x00,0x00,0x0e,0x00,0x00,0x00,0x04,0xdf,0xa0,0x00,
  0x0e,0x40,0x88,0x00,0x3b,0x00,0x00,0x00,0x59,0x00,0x00,0x00,0x59,0x0b,0xfb,0x00,0x4b,0x00,0x1b,0x00,0x0e,0x40,0x7b,0x00,0x05,0xee,0x6b,0x00,0x2c,0x00,0x3b,0x00,
  0x2c,0x00,0x3b,0x00,0x2c,0x00,0x3b,0x00,0x2f,0xff,0xfb,0x00,0x2c,0x00,0x3b,0x00,0x2c,0x00,0x3b,0x00,0x2c,0x00,0x3b,0x00,0x2c,0x00,0x3b,0x00,0x1f,0xff,0xfa,0x00,
  0x00,0x2c,0x00,0x00,0x00,0x2c,0x00,0x00,0x00,0x2c,0x00,0x00,0x00,0x2c,0x00,0x00,0x00,0x2c,0x00,0x00,0x00,0x2c,0x00,0x00,0x1f,0xff,0xfa,0x00,0x06,0xff,0xf4,0x00,
  0x00,0x00,0xa4,0x00,0x00,0x00,0xa4,0x00,0x00,0x00,0xa4,0x00,0x00,0x00,0xa4,0x00,0x00,0x00,0xa4,0x00,0x0d,0x21,0xe2,0x00,0x05,0xee,0x70,0x00,0x1d,0x00,0x3d,0x00,
  0x1d,0x01,0xd2,0x00,0x1d,0x0c,0x40,0x00,0x1d,0x9c,0x00,0x00,0x1f,0x9c,0x40,0x00,0x1e,0x03,0xd0,0x00,0x1d,0x00,0x97,0x00,0x1d,0x00,0x1e,0x10,0x0b,0x40,0x00,0x00,
  0x0b,0x40,0x00,0x00,0x0b,0x40,0x00,0x00,0x0b,0x40,0x00,0x00,0x0b,0x40,0x00,0x00,0x0b,0x40,0x00,0x00,0x0b,0x40,0x00,0x00,0x0b,0xff,0xfe,0x00,0x4f,0x10,0x7d,0x00,
  0x4e,0x60,0xad,0x00,0x49,0xa2,0x8d,0x00,0x49,0x99,0x2d,0x00,0x49,0x3d,0x0d,0x00,0x49,0x05,0x0d,0x00,0x49,0x00,0x0d,0x00,0x49,0x00,0x0d,0x00,0x2f,0x60,0x1b,0x00,
  0x2d,0xc0,0x1b,0x00,0x2b,0xb2,0x1b,0x00,0x2b,0x58,0x1b,0x00,0x2b,0x0d,0x2b,0x00,0x2b,0x08,0x6b,0x00,0x2b,0x02,0xdb,0x00,0x2b,0x00,0xcb,0x00,0x03,0xdf,0xa0,0x00,
  0x0d,0x41,0x98,0x00,0x3b,0x00,0x1d,0x00,0x59,0x00,0x0f,0x00,0x59,0x00,0x0e,0x00,0x3b,0x00,0x1d,0x00,0x0e,0x41,0x98,0x00,0x03,0xdf,0xa0,0x00,0x0f,0xff,0xd3,0x00,
  0x0e,0x00,0x4c,0x00,0x0e,0x00,0x0e,0x00,0x0e,0x00,0x4c,0x00,0x0f,0xff,0xd3,0x00,0x0e,0x00,0x00,0x00,0x0e,0x00,0x00,0x00,0x0e,0x00,0x00,0x00,0x03,0xdf,0xa0,0x00,
  0x0e,0x41,0x98,0x00,0x3b,0x00,0x1d,0x00,0x59,0x00,0x0e,0x00,0x59,0x00,0x0f,0x00,0x4b,0x00,0x1d,0x00,0x0e,0x41,0x98,0x00,0x04,0xdf,0xb0,0x00,0x00,0x1b,0x00,0x00,
  0x00,0x0c,0xf6,0x00,0x0f,0xff,0xd3,0x00,0x0e,0x00,0x4c,0x00,0x0e,0x00,0x0e,0x00,0x0e,0x00,0x4c,0x00,0x0f,0xff,0xd3,0x00,0x0e,0x08,0x60,0x00,0x0e,0x00,0xd1,0x00,
  0x0e,0x00,0x4b,0x00,0x06,0xef,0xc2,0x00,0x1e,0x20,0x59,0x00,0x3c,0x00,0x00,0x00,0x0c,0xd9,0x50,0x00,0x00,0x47,0xc9,0x00,0x00,0x00,0x0e,0x00,0x3b,0x20,0x6c,0x00,
  0x06,0xef,0xc2,0x00,0xbf,0xff,0xff,0x50,0x00,0x2c,0x00,0x00,0x00,0x2c,0x00,0x00,0x00,0x2c,0x00,0x00,0x00,0x2c,0x00,0x00,0x00,0x2c,0x00,0x00,0x00,0x2c,0x00,0x00,
  0x00,0x2c,0x00,0x00,0x2c,0x00,0x3b,0x00,0x2c,0x00,0x3b,0x00,0x2c,0x00,0x3b,0x00,0x2c,0x00,0x3b,0x00,0x1c,0x00,0x3b,0x00,0x1d,0x00,0x3a,0x00,0x0e,0x30,0x97,0x00,
  0x04,0xef,0xb1,0x00,0x78,0x00,0x0d,0x10,0x2c,0x00,0x2c,0x00,0x0e,0x10,0x67,0x00,0x09,0x50,0xb3,0x00,0x05,0x90,0xd0,0x00,0x00,0xd3,0xa0,0x00,0x00,0xca,0x50,0x00,
  0x00,0x7f,0x10,0x00,0x93,0x00,0x0a,0x20,0x84,0x00,0x0b,0x10,0x66,0x4e,0x0c,0x00,0x57,0x8c,0x2c,0x00,0x48,0xa6,0x5c,0x00,0x39,0xb3,0x8c,0x00,0x2c,0x90,0xcb,0x00,
  0x0f,0x60,0xca,0x00,0x4c,0x00,0x1d,0x00,0x0a,0x50,0xa5,0x00,0x01,0xd4,0xb0,0x00,0x00,0x7f,0x20,0x00,0x00,0x9e,0x30,0x00,0x03,0xc3,0xc0,0x00,0x0c,0x30,0x96,0x00,
  0x69,0x00,0x1d,0x10,0x88,0x00,0x0d,0x20,0x1e,0x10,0x69,0x00,0x07,0x80,0xd1,0x00,0x00,0xd7,0x80,0x00,0x00,0x6e,0x00,0x00,0x00,0x2c,0x00,0x00,0x00,0x2c,0x00,0x00,
  0x00,0x2c,0x00,0x00,0x4f,0xff,0xfe,0x00,0x00,0x00,0x78,0x00,0x00,0x03,0xc0,0x00,0x00,0x1d,0x20,0x00,0x00,0xa5,0x00,0x00,0x06,0x90,0x00,0x00,0x2c,0x00,0x00,0x00,
  0x7f,0xff,0xff,0x10,0x00,0x8f,0xf9,0x00,0x00,0x83,0x00,0x00,0x00,0x83,0x00,0x00,0x00,0x83,0x00,0x00,0x00,0x83,0x00,0x00,0x00,0x83,0x00,0x00,0x00,0x83,0x00,0x00,
  0x00,0x83,0x00,0x00,0x00,0x83,0x00,0x00,0x00,0x8f,0xf9,0x00,0x0c,0x00,0x00,0x00,0x07,0x50,0x00,0x00,0x01,0xb0,0x00,0x00,0x00,0xa2,0x00,0x00,0x00,0x48,0x00,0x00,
  0x00,0x0c,0x00,0x00,0x00,0x08,0x40,0x00,0x00,0x02,0xa0,0x00,0x00,0x00,0xb1,0x00,0x00,0x00,0x66,0x00,0x0f,0xff,0x20,0x00,0x00,0x0a,0x20,0x00,0x00,0x0a,0x20,0x00,
  0x00,0x0a,0x20,0x00,0x00,0x0a,0x20,0x00,0x00,0x0a,0x20,0x00,0x00,0x0a,0x20,0x00,0x00,0x0a,0x20,0x00,0x00,0x0a,0x20,0x00,0x0f,0xff,0x20,0x00,0x00,0x7e,0x10,0x00,
  0x01,0xc4,0xa0,0x00,0x09,0x40,0xb3,0x00,0x2b,0x00,0x3b,0x00,0x22,0x00,0x04,0x00,0x00,0x00,0x00,0x00,0x00,0x00,0x00,0x00,0x00,0x00,0x00,0x00,0x00,0x00,0x00,0x00,
  0x5f,0xff,0xff,0x00,0x00,0x00,0x00,0x00,0x00,0xa2,0x00,0x00,0x00,0x28,0x00,0x00,0x00,0x00,0x00,0x00,0x00,0x00,0x00,0x00,0x00,0x00,0x00,0x00,0x00,0x00,0x00,0x00,
  0x00,0x00,0x00,0x00,0x00,0x00,0x00,0x00,0x00,0x00,0x00,0x00,0x05,0xef,0x80,0x00,0x09,0x21,0xd2,0x00,0x00,0x00,0xa4,0x00,0x0a,0xff,0xf4,0x00,0x3c,0x10,0x74,0x00,
  0x0b,0xfa,0x3f,0x00,0x0e,0x00,0x00,0x00,0x0e,0x00,0x00,0x00,0x0e,0x7f,0xc2,0x00,0x0e,0x30,0x7a,0x00,0x0e,0x00,0x0e,0x00,0x0e,0x00,0x0e,0x00,0x0e,0x30,0x7a,0x00,
  0x0e,0x7f,0xc2,0x00,0x02,0xcf,0xb0,0x00,0x0b,0x50,0x75,0x00,0x0e,0x00,0x00,0x00,0x0e,0x00,0x00,0x00,0x0c,0x50,0x66,0x00,0x02,0xcf,0xb1,0x00,0x00,0x00,0x59,0x00,
  0x00,0x00,0x59,0x00,0x06,0xed,0x79,0x00,0x1e,0x30,0x99,0x00,0x4a,0x00,0x59,0x00,0x4a,0x00,0x59,0x00,0x1e,0x20,0x99,0x00,0x06,0xed,0x79,0x00,0x03,0xcf,0xa1,0x00,
  0x0b,0x20,0x69,0x00,0x3f,0xff,0xfd,0x00,0x3b,0x00,0x00,0x00,0x0d,0x40,0x77,0x00,0x03,0xdf,0xb1,0x00,0x00,0x0d,0xff,0x00,0x00,0x2b,0x00,0x00,0x3f,0xff,0xff,0x00,
  0x00,0x2b,0x00,0x00,0x00,0x2b,0x00,0x00,0x00,0x2b,0x00,0x00,0x00,0x2b,0x00,0x00,0x1f,0xff,0xfb,0x00,0x00,0x00,0x6f,0x10,0x04,0xde,0xd0,0x00,0x0d,0x30,0xa6,0x00,
  0x0d,0x30,0xa5,0x00,0x03,0xff,0xa0,0x00,0x0b,0x20,0x00,0x00,0x0a,0xff,0xfa,0x00,0x2c,0x00,0x1d,0x10,0x0a,0xef,0xe8,0x00,0x0e,0x00,0x00,0x00,0x0e,0x00,0x00,0x00,
  0x0e,0x5e,0xb1,0x00,0x0d,0x20,0xa7,0x00,0x0e,0x00,0x59,0x00,0x0e,0x00,0x49,0x00,0x0e,0x00,0x49,0x00,0x0e,0x00,0x49,0x00,0x00,0x0d,0x30,0x00,0x00,0x00,0x00,0x00,
  0x0d,0xff,0x10,0x00,0x00,0x0c,0x10,0x00,0x00,0x0c,0x10,0x00,0x00,0x0c,0x10,0x00,0x00,0x0c,0x10,0x00,0x0d,0xff,0xff,0x00,0x00,0x03,0xd0,0x00,0x00,0x00,0x00,0x00,
  0x0f,0xff,0xc0,0x00,0x00,0x02,0xc0,0x00,0x00,0x02,0xc0,0x00,0x00,0x02,0xc0,0x00,0x00,0x02,0xc0,0x00,0x00,0x02,0xc0,0x00,0x00,0x02,0xb0,0x00,0x0e,0xff,0x70,0x00,
  0x0d,0x00,0x00,0x00,0x0d,0x00,0x00,0x00,0x0d,0x00,0x88,0x00,0x0d,0x09,0x80,0x00,0x0d,0x9e,0x00,0x00,0x0d,0x58,0x80,0x00,0x0d,0x00,0xc3,0x00,0x0d,0x00,0x2d,0x10,
  0x2f,0xfb,0x00,0x00,0x00,0x2b,0x00,0x00,0x00,0x2b,0x00,0x00,0x00,0x2b,0x00,0x00,0x00,0x2b,0x00,0x00,0x00,0x2b,0x00,0x00,0x00,0x2b,0x00,0x00,0x2f,0xff,0xfb,0x00,
  0x68,0xe3,0xca,0x00,0x66,0x49,0x1e,0x00,0x66,0x1b,0x0d,0x00,0x66,0x1b,0x0d,0x00,0x66,0x1b,0x0d,0x00,0x66,0x1b,0x0d,0x00,0x0e,0x5e,0xb1,0x00,0x0d,0x20,0xa7,0x00,
  0x0e,0x00,0x59,0x00,0x0e,0x00,0x49,0x00,0x0e,0x00,0x49,0x00,0x0e,0x00,0x49,0x00,0x03,0xdf,0xa0,0x00,0x0d,0x30,0x88,0x00,0x3a,0x00,0x1c,0x00,0x3a,0x00,0x1c,0x00,
  0x0d,0x30,0x88,0x00,0x04,0xdf,0xa0,0x00,0x0e,0x7f,0xc2,0x00,0x0e,0x30,0x7a,0x00,0x0e,0x00,0x0e,0x00,0x0e,0x00,0x0e,0x00,0x0e,0x30,0x7a,0x00,0x0e,0x7f,0xc2,0x00,
  0x0e,0x00,0x00,0x00,0x0e,0x00,0x00,0x00,0x06,0xed,0x79,0x00,0x1e,0x30,0x99,0x00,0x4a,0x00,0x59,0x00,0x4a,0x00,0x59,0x00,0x1e,0x20,0x99,0x00,0x06,0xed,0x79,0x00,
  0x00,0x00,0x59,0x00,0x00,0x00,0x59,0x00,0x2f,0xf6,0xbf,0x20,0x00,0x79,0x20,0x00,0x00,0x76,0x00,0x00,0x00,0x76,0x00,0x00,0x00,0x76,0x00,0x00,0x2f,0xff,0xf9,0x00,
  0x05,0xdf,0xc2,0x00,0x0d,0x20,0x33,0x00,0x0b,0xb8,0x50,0x00,0x00,0x57,0xc8,0x00,0x08,0x20,0x5a,0x00,0x06,0xef,0xc2,0x00,0x00,0xa3,0x00,0x00,0x00,0xb3,0x00,0x00,
  0x9f,0xff,0xfc,0x00,0x00,0xa3,0x00,0x00,0x00,0xa3,0x00,0x00,0x00,0xa3,0x00,0x00,0x00,0xa3,0x00,0x00,0x00,0x6f,0xfc,0x00,0x0e,0x00,0x58,0x00,0x0e,0x00,0x58,0x00,
  0x0e,0x00,0x58,0x00,0x0e,0x00,0x58,0x00,0x0d,0x40,0xa8,0x00,0x04,0xee,0x98,0x00,0x2b,0x00,0x2b,0x00,0x0c,0x10,0x76,0x00,0x07,0x60,0xb1,0x00,0x01,0xb1,0xb0,0x00,
  0x00,0xc7,0x50,0x00,0x00,0x6e,0x00,0x00,0x92,0x4e,0x08,0x30,0x74,0x7b,0x1a,0x00,0x46,0x96,0x4b,0x00,0x29,0xa3,0x7b,0x00,0x0b,0x90,0xb9,0x00,0x0d,0x60,0xd7,0x00,
  0x0d,0x20,0x78,0x00,0x03,0xc2,0xc0,0x00,0x00,0x8e,0x20,0x00,0x00,0x9e,0x30,0x00,0x04,0xa2,0xd0,0x00,0x1d,0x10,0x79,0x00,0x3a,0x00,0x1c,0x00,0x0c,0x10,0x76,0x00,
  0x06,0x70,0xc0,0x00,0x00,0xc3,0x90,0x00,0x00,0x9d,0x30,0x00,0x00,0x3d,0x00,0x00,0x00,0x86,0x00,0x00,0x1f,0xc0,0x00,0x00,0x0f,0xff,0xf9,0x00,0x00,0x00,0xc3,0x00,
  0x00,0x0b,0x40,0x00,0x00,0xb5,0x00,0x00,0x0a,0x50,0x00,0x00,0x1f,0xff,0xfa,0x00,0x00,0x4f,0xf7,0x00,0x00,0x65,0x00,0x00,0x00,0x18,0x00,0x00,0x00,0x0a,0x30,0x00,
  0x0d,0xfa,0x00,0x00,0x00,0x0a,0x30,0x00,0x00,0x0a,0x10,0x00,0x00,0x47,0x00,0x00,0x00,0x65,0x00,0x00,0x00,0x3f,0xf7,0x00,0x00,0x1b,0x00,0x00,0x00,0x1b,0x00,0x00,
  0x00,0x1b,0x00,0x00,0x00,0x1b,0x00,0x00,0x00,0x1b,0x00,0x00,0x00,0x1b,0x00,0x00,0x00,0x1b,0x00,0x00,0x00,0x1b,0x00,0x00,0x00,0x1b,0x00,0x00,0x00,0x1b,0x00,0x00,
  0x0d,0xfc,0x00,0x00,0x00,0x0b,0x00,0x00,0x00,0x27,0x00,0x00,0x00,0xa4,0x00,0x00,0x00,0x2e,0xf7,0x00,0x00,0xa4,0x00,0x00,0x00,0x65,0x00,0x00,0x00,0x0b,0x00,0x00,
  0x00,0x0c,0x00,0x00,0x0d,0xfc,0x00,0x00,0x09,0xe2,0x0a,0x00,0x2a,0x4c,0x2b,0x00,0x45,0x07,0xe4,0x00,0x00,0x00,0x00,0x00,0x00,0x00,0x00,0x00,0x00,0x5e,0x00,0x00,
  0x00,0x5e,0x00,0x00,0x00,0x00,0x00,0x00,0x00,0x00,0x00,0x00,0xff,0xff,0xff,0x90,0x00,0x00,0x00,0x00,0x00,0x00,0x00,0x00,0x00,0x00,0x00,0x00,0x6b,0x4d,0x2e,0x00,
  0x00,0xbf,0x50,0x00,0x00,0xff,0x90,0x00,0x00,0xbf,0x50,0x00,0x00,0x00,0x00,0x00,0x00,0x00,0x00,0x00,0xaf,0xff,0xff,0x40,0xa0,0x00,0x06,0x40,0xa0,0x00,0x06,0x40,
  0xa0,0x00,0x06,0x40,0xa0,0x00,0x06,0x40,0xa0,0x00,0x06,0x40,0xa0,0x00,0x06,0x40,0xa0,0x00,0x06,0x40,0xaf,0xff,0xff,0x40,0x00,0x1f,0x30,0x00,0x00,0x4d,0x00,0x00,
  0x00,0x76,0x00,0x00,0x00,0x00,0x00,0x00,0x00,0x00,0x00,0x00,0x00,0x00,0x00,0x00,0x00,0x00,0x00,0x00,0x00,0x00,0x00,0x00,
};
const sig_font_t sigf_14 = { 1, 400, 11.0f, 12, 4, 0, 101, sigf_14_ch, sigf_14_gl, sigf_14_bmp, 3000 };
// --- mono 400 normal 11.5px  (101 glyphs, 3108 bytes)
static const sig_glyph_t sigf_15_gl[] = {
  {0,0,0,0,0,7},
  {0,7,8,0,-8,7},
  {32,7,9,0,-9,7},
  {68,8,8,0,-8,7},
  {100,7,10,0,-9,7},
  {140,7,8,0,-8,7},
  {172,7,8,0,-8,7},
  {204,7,9,0,-9,7},
  {240,7,11,0,-9,7},
  {284,7,11,0,-9,7},
  {328,7,7,0,-7,7},
  {356,7,7,0,-7,7},
  {384,7,4,0,-2,7},
  {400,7,4,0,-4,7},
  {416,7,2,0,-2,7},
  {424,7,11,0,-9,7},
  {468,7,8,0,-8,7},
  {500,7,8,0,-8,7},
  {532,7,8,0,-8,7},
  {564,7,8,0,-8,7},
  {596,7,8,0,-8,7},
  {628,7,8,0,-8,7},
  {660,7,8,0,-8,7},
  {692,7,8,0,-8,7},
  {724,7,8,0,-8,7},
  {756,7,8,0,-8,7},
  {788,7,7,0,-7,7},
  {816,7,9,0,-7,7},
  {852,7,7,0,-7,7},
  {880,7,5,0,-5,7},
  {900,7,7,0,-7,7},
  {928,7,8,0,-8,7},
  {960,7,9,0,-8,7},
  {996,7,8,0,-8,7},
  {1028,7,8,0,-8,7},
  {1060,7,8,0,-8,7},
  {1092,7,8,0,-8,7},
  {1124,7,8,0,-8,7},
  {1156,7,8,0,-8,7},
  {1188,7,8,0,-8,7},
  {1220,7,8,0,-8,7},
  {1252,7,8,0,-8,7},
  {1284,7,8,0,-8,7},
  {1316,7,8,0,-8,7},
  {1348,7,8,0,-8,7},
  {1380,7,8,0,-8,7},
  {1412,7,8,0,-8,7},
  {1444,7,8,0,-8,7},
  {1476,7,8,0,-8,7},
  {1508,7,10,0,-8,7},
  {1548,7,8,0,-8,7},
  {1580,7,8,0,-8,7},
  {1612,7,8,0,-8,7},
  {1644,7,8,0,-8,7},
  {1676,7,8,0,-8,7},
  {1708,7,8,0,-8,7},
  {1740,7,8,0,-8,7},
  {1772,7,8,0,-8,7},
  {1804,7,8,0,-8,7},
  {1836,7,11,0,-9,7},
  {1880,7,11,0,-9,7},
  {1924,7,11,0,-9,7},
  {1968,7,8,0,-8,7},
  {2000,7,2,0,0,7},
  {2008,7,10,0,-10,7},
  {2048,7,6,0,-6,7},
  {2072,7,9,0,-9,7},
  {2108,7,6,0,-6,7},
  {2132,7,9,0,-9,7},
  {2168,7,6,0,-6,7},
  {2192,7,9,0,-9,7},
  {2228,7,9,0,-7,7},
  {2264,7,9,0,-9,7},
  {2300,7,9,0,-9,7},
  {2336,7,11,0,-9,7},
  {2380,7,9,0,-9,7},
  {2416,7,9,0,-9,7},
  {2452,7,6,0,-6,7},
  {2476,7,6,0,-6,7},
  {2500,7,6,0,-6,7},
  {2524,7,8,0,-6,7},
  {2556,7,8,0,-6,7},
  {2588,7,6,0,-6,7},
  {2612,7,6,0,-6,7},
  {2636,7,8,0,-8,7},
  {2668,7,6,0,-6,7},
  {2692,7,6,0,-6,7},
  {2716,7,6,0,-6,7},
  {2740,7,6,0,-6,7},
  {2764,7,8,0,-6,7},
  {2796,7,6,0,-6,7},
  {2820,7,11,0,-9,7},
  {2864,7,11,0,-9,7},
  {2908,7,11,0,-9,7},
  {2952,7,5,0,-5,7},
  {2972,7,5,0,-5,7},
  {2992,8,4,0,-4,7},
  {3008,7,2,0,-2,7},
  {3016,7,5,0,-5,7},
  {3036,7,9,0,-9,7},
  {3072,7,9,0,-9,7},
};
static const char sigf_15_ch[] = " !\"#$%&'()*+,-./0123456789:;<=>?@ABCDEFGHIJKLMNOPQRSTUVWXYZ[\\]^_`abcdefghijklmnopqrstuvwxyz{|}~·—…•→’";
static const uint8_t sigf_15_bmp[] = {
  0x00,0x0e,0x20,0x00,0x00,0x0e,0x20,0x00,0x00,0x0e,0x10,0x00,0x00,0x0b,0x00,0x00,0x00,0x08,0x00,0x00,0x00,0x00,0x00,0x00,0x00,0x2f,0x50,0x00,0x00,0x2f,0x50,0x00,
  0x00,0xe0,0xc2,0x00,0x00,0xe0,0xc2,0x00,0x00,0xe0,0xc2,0x00,0x00,0x40,0x30,0x00,0x00,0x00,0x00,0x00,0x00,0x00,0x00,0x00,0x00,0x00,0x00,0x00,0x00,0x00,0x00,0x00,
  0x00,0x00,0x00,0x00,0x00,0x59,0x1c,0x00,0x00,0x86,0x48,0x00,0x6f,0xf3,0x7f,0xf0,0x00,0xd0,0xa3,0x00,0x00,0xd0,0xd1,0x00,0xdf,0xa0,0xff,0x90,0x05,0x73,0xb0,0x00,
  0x09,0x46,0x80,0x00,0x00,0x0a,0x10,0x00,0x04,0xdf,0xe7,0x00,0x0e,0x4a,0x3b,0x40,0x0f,0x0a,0x10,0x00,0x09,0xee,0x82,0x00,0x00,0x3c,0xae,0x30,0x00,0x0a,0x16,0x90,
  0x2e,0x4a,0x2b,0x70,0x04,0xdf,0xe9,0x00,0x00,0x0a,0x10,0x00,0x3e,0xe4,0x02,0xb0,0xb3,0x2b,0x0a,0x30,0xb3,0x2b,0x3a,0x00,0x3e,0xe4,0x62,0x00,0x00,0x72,0xde,0x50,
  0x07,0x68,0x61,0xc0,0x0c,0x08,0x61,0xc0,0x85,0x02,0xde,0x50,0x04,0xdf,0x70,0x00,0x0d,0x31,0xa0,0x00,0x0c,0x20,0x00,0x00,0x06,0xd1,0x0f,0xb0,0x4d,0x8d,0x1c,0x00,
  0xa5,0x08,0xd9,0x00,0x89,0x01,0xda,0x00,0x1b,0xfd,0x3b,0x70,0x00,0x0d,0x10,0x00,0x00,0x0d,0x10,0x00,0x00,0x0d,0x10,0x00,0x00,0x04,0x00,0x00,0x00,0x00,0x00,0x00,
  0x00,0x00,0x00,0x00,0x00,0x00,0x00,0x00,0x00,0x00,0x00,0x00,0x00,0x00,0x00,0x00,0x00,0x00,0x86,0x00,0x00,0x05,0x80,0x00,0x00,0x0c,0x00,0x00,0x00,0x39,0x00,0x00,
  0x00,0x66,0x00,0x00,0x00,0x85,0x00,0x00,0x00,0x66,0x00,0x00,0x00,0x39,0x00,0x00,0x00,0x0c,0x00,0x00,0x00,0x05,0x80,0x00,0x00,0x00,0x86,0x00,0x04,0xa0,0x00,0x00,
  0x00,0x58,0x00,0x00,0x00,0x0b,0x10,0x00,0x00,0x06,0x60,0x00,0x00,0x03,0x90,0x00,0x00,0x02,0xb0,0x00,0x00,0x03,0x90,0x00,0x00,0x06,0x60,0x00,0x00,0x0b,0x10,0x00,
  0x00,0x58,0x00,0x00,0x04,0xa0,0x00,0x00,0x00,0x0d,0x00,0x00,0x00,0x0d,0x00,0x00,0x4d,0x9e,0x9d,0x70,0x00,0x7f,0xa0,0x00,0x00,0xd4,0xd2,0x00,0x04,0x60,0x37,0x00,
  0x00,0x00,0x00,0x00,0x00,0x07,0x00,0x00,0x00,0x0d,0x10,0x00,0x00,0x0d,0x10,0x00,0x4f,0xff,0xff,0x70,0x00,0x0d,0x10,0x00,0x00,0x0d,0x10,0x00,0x00,0x06,0x00,0x00,
  0x00,0x0f,0x70,0x00,0x00,0x2f,0x10,0x00,0x00,0x5c,0x00,0x00,0x00,0x76,0x00,0x00,0x02,0xff,0xf5,0x00,0x00,0x00,0x00,0x00,0x00,0x00,0x00,0x00,0x00,0x00,0x00,0x00,
  0x00,0x2f,0x50,0x00,0x00,0x2f,0x50,0x00,0x00,0x00,0x0d,0x00,0x00,0x00,0x58,0x00,0x00,0x00,0xb2,0x00,0x00,0x01,0xc0,0x00,0x00,0x07,0x60,0x00,0x00,0x0c,0x10,0x00,
  0x00,0x3a,0x00,0x00,0x00,0x94,0x00,0x00,0x00,0xd0,0x00,0x00,0x05,0x80,0x00,0x00,0x0b,0x20,0x00,0x00,0x02,0xcf,0xd3,0x00,0x0c,0x60,0x4e,0x00,0x2d,0x00,0x0a,0x50,
  0x4b,0x1e,0x38,0x70,0x4b,0x1e,0x38,0x70,0x2d,0x00,0x0a,0x50,0x0d,0x60,0x4e,0x10,0x02,0xcf,0xd4,0x00,0x00,0xaf,0x60,0x00,0x0a,0xca,0x60,0x00,0x2c,0x19,0x60,0x00,
  0x00,0x09,0x60,0x00,0x00,0x09,0x60,0x00,0x00,0x09,0x60,0x00,0x00,0x09,0x60,0x00,0x0f,0xff,0xff,0xa0,0x02,0xcf,0xc3,0x00,0x0e,0x50,0x5e,0x00,0x04,0x00,0x0f,0x00,
  0x00,0x00,0x5c,0x00,0x00,0x05,0xe2,0x00,0x00,0x7d,0x20,0x00,0x08,0x90,0x00,0x00,0x2f,0xff,0xff,0x70,0x03,0xcf,0xd5,0x00,0x0c,0x40,0x4f,0x00,0x00,0x00,0x5c,0x00,
  0x00,0xbf,0xd1,0x00,0x00,0x00,0x5d,0x00,0x00,0x00,0x0e,0x20,0x2c,0x20,0x5e,0x00,0x06,0xdf,0xc3,0x00,0x00,0x05,0xf8,0x00,0x00,0x1c,0x88,0x00,0x00,0xa3,0x78,0x00,
  0x06,0x70,0x78,0x00,0x2a,0x00,0x78,0x00,0x9f,0xff,0xff,0xc0,0x00,0x00,0x78,0x00,0x00,0x00,0x78,0x00,0x09,0xff,0xff,0x00,0x0a,0x30,0x00,0x00,0x0b,0x20,0x00,0x00,
  0x0c,0x8f,0xe6,0x00,0x08,0x50,0x3e,0x20,0x00,0x00,0x0a,0x50,0x0c,0x40,0x3e,0x20,0x03,0xcf,0xd5,0x00,0x00,0x1b,0x60,0x00,0x00,0xc4,0x00,0x00,0x08,0x70,0x00,0x00,
  0x0e,0x9f,0xe7,0x00,0x3f,0x40,0x3e,0x30,0x2d,0x00,0x0a,0x60,0x0d,0x40,0x2e,0x20,0x03,0xcf,0xd5,0x00,0x3f,0xff,0xff,0x50,0x3b,0x00,0x0d,0x10,0x00,0x00,0x5a,0x00,
  0x00,0x00,0xc2,0x00,0x00,0x04,0xb0,0x00,0x00,0x0c,0x40,0x00,0x00,0x3d,0x00,0x00,0x00,0xb6,0x00,0x00,0x05,0xdf,0xe7,0x00,0x0f,0x30,0x2e,0x30,0x0d,0x30,0x2d,0x10,
  0x03,0xef,0xf5,0x00,0x1d,0x30,0x2c,0x30,0x4b,0x00,0x08,0x80,0x2e,0x30,0x2d,0x50,0x05,0xdf,0xe7,0x00,0x03,0xcf,0xd4,0x00,0x0e,0x40,0x3d,0x10,0x3d,0x00,0x0a,0x50,
  0x1e,0x40,0x2e,0x60,0x04,0xdf,0xad,0x30,0x00,0x00,0x4b,0x00,0x00,0x02,0xc2,0x00,0x00,0x4c,0x30,0x00,0x00,0x2f,0x50,0x00,0x00,0x2f,0x50,0x00,0x00,0x00,0x00,0x00,
  0x00,0x00,0x00,0x00,0x00,0x00,0x00,0x00,0x00,0x2f,0x50,0x00,0x00,0x2f,0x50,0x00,0x00,0x2f,0x50,0x00,0x00,0x2f,0x50,0x00,0x00,0x00,0x00,0x00,0x00,0x00,0x00,0x00,
  0x00,0x00,0x00,0x00,0x00,0x0f,0x70,0x00,0x00,0x2f,0x10,0x00,0x00,0x5c,0x00,0x00,0x00,0x76,0x00,0x00,0x00,0x00,0x19,0x20,0x00,0x06,0xd6,0x00,0x04,0xc8,0x00,0x00,
  0x0f,0x40,0x00,0x00,0x04,0xd9,0x10,0x00,0x00,0x06,0xd6,0x00,0x00,0x00,0x19,0x20,0x4f,0xff,0xff,0x70,0x00,0x00,0x00,0x00,0x4f,0xff,0xff,0x70,0x00,0x00,0x00,0x00,
  0x00,0x00,0x00,0x00,0x0b,0x20,0x00,0x00,0x04,0xd8,0x00,0x00,0x00,0x07,0xd6,0x00,0x00,0x00,0x2e,0x20,0x00,0x06,0xd6,0x00,0x04,0xc8,0x00,0x00,0x0b,0x20,0x00,0x00,
  0x02,0xbf,0xd5,0x00,0x0c,0x60,0x3f,0x00,0x03,0x00,0x0e,0x00,0x00,0x08,0xa3,0x00,0x00,0x2d,0x00,0x00,0x00,0x00,0x00,0x00,0x00,0x5f,0x20,0x00,0x00,0x5f,0x20,0x00,
  0x02,0xcf,0xd4,0x00,0x0c,0x60,0x3d,0x10,0x1c,0x0b,0xeb,0x40,0x3a,0x4b,0x0a,0x40,0x3a,0x67,0x08,0x40,0x3a,0x49,0x09,0x40,0x1d,0x0d,0xeb,0x40,0x0b,0x71,0x10,0x00,
  0x01,0xbf,0xf7,0x00,0x00,0x3f,0x60,0x00,0x00,0x8a,0xb0,0x00,0x00,0xd2,0xe1,0x00,0x03,0xc0,0xa6,0x00,0x08,0x80,0x5b,0x00,0x0d,0xff,0xff,0x00,0x2e,0x00,0x0c,0x50,
  0x79,0x00,0x06,0xa0,0x0f,0xff,0xe7,0x00,0x0f,0x10,0x2f,0x20,0x0f,0x10,0x2e,0x10,0x0f,0xff,0xf6,0x00,0x0f,0x10,0x1c,0x40,0x0f,0x10,0x08,0x70,0x0f,0x10,0x1c,0x40,
  0x0f,0xff,0xf8,0x00,0x01,0xaf,0xe5,0x00,0x09,0x91,0x2d,0x30,0x0f,0x00,0x02,0x00,0x1e,0x00,0x00,0x00,0x1e,0x00,0x00,0x00,0x0f,0x00,0x02,0x00,0x09,0x91,0x2d,0x30,
  0x01,0xaf,0xe5,0x00,0x0d,0xff,0xd4,0x00,0x0d,0x20,0x5e,0x00,0x0d,0x20,0x0b,0x50,0x0d,0x20,0x08,0x70,0x0d,0x20,0x08,0x70,0x0d,0x20,0x0b,0x50,0x0d,0x20,0x5e,0x00,
  0x0d,0xff,0xc3,0x00,0x0e,0xff,0xff,0x30,0x0e,0x10,0x00,0x00,0x0e,0x10,0x00,0x00,0x0e,0xff,0xff,0x10,0x0e,0x10,0x00,0x00,0x0e,0x10,0x00,0x00,0x0e,0x10,0x00,0x00,
  0x0e,0xff,0xff,0x30,0x0e,0xff,0xff,0x50,0x0e,0x10,0x00,0x00,0x0e,0x10,0x00,0x00,0x0e,0xff,0xff,0x00,0x0e,0x10,0x00,0x00,0x0e,0x10,0x00,0x00,0x0e,0x10,0x00,0x00,
  0x0e,0x10,0x00,0x00,0x02,0xcf,0xd3,0x00,0x0c,0x70,0x3e,0x10,0x2d,0x00,0x02,0x00,0x4b,0x00,0x00,0x00,0x4b,0x07,0xff,0x40,0x2d,0x00,0x0a,0x40,0x0d,0x60,0x3e,0x40,
  0x03,0xdf,0xaa,0x40,0x0f,0x00,0x0c,0x30,0x0f,0x00,0x0c,0x30,0x0f,0x00,0x0c,0x30,0x0f,0xff,0xff,0x30,0x0f,0x00,0x0c,0x30,0x0f,0x00,0x0c,0x30,0x0f,0x00,0x0c,0x30,
  0x0f,0x00,0x0c,0x30,0x0f,0xff,0xff,0x30,0x00,0x0e,0x10,0x00,0x00,0x0e,0x10,0x00,0x00,0x0e,0x10,0x00,0x00,0x0e,0x10,0x00,0x00,0x0e,0x10,0x00,0x00,0x0e,0x10,0x00,
  0x0f,0xff,0xff,0x30,0x04,0xff,0xfc,0x00,0x00,0x00,0x4c,0x00,0x00,0x00,0x4c,0x00,0x00,0x00,0x4c,0x00,0x00,0x00,0x4c,0x00,0x01,0x00,0x4c,0x00,0x0e,0x40,0x99,0x00,
  0x03,0xdf,0xb1,0x00,0x0f,0x00,0x0c,0x60,0x0f,0x00,0xa8,0x00,0x0f,0x08,0xa0,0x00,0x0f,0x6f,0x10,0x00,0x0f,0xc8,0xa0,0x00,0x0f,0x20,0xd4,0x00,0x0f,0x00,0x3e,0x00,
  0x0f,0x00,0x08,0x90,0x09,0x70,0x00,0x00,0x09,0x70,0x00,0x00,0x09,0x70,0x00,0x00,0x09,0x70,0x00,0x00,0x09,0x70,0x00,0x00,0x09,0x70,0x00,0x00,0x09,0x70,0x00,0x00,
  0x09,0xff,0xff,0x60,0x3f,0x50,0x2f,0x60,0x3e,0xd0,0xae,0x60,0x3b,0xa9,0xd8,0x60,0x3b,0x2f,0x58,0x60,0x3b,0x07,0x08,0x60,0x3b,0x00,0x08,0x60,0x3b,0x00,0x08,0x60,
  0x3b,0x00,0x08,0x60,0x0f,0x90,0x0a,0x30,0x0e,0xe1,0x0a,0x30,0x0e,0x87,0x0a,0x30,0x0e,0x1d,0x0a,0x30,0x0e,0x0a,0x5a,0x30,0x0e,0x04,0xba,0x30,0x0e,0x00,0xdd,0x30,
  0x0e,0x00,0x6f,0x30,0x02,0xcf,0xd3,0x00,0x0c,0x60,0x4e,0x00,0x2d,0x00,0x0a,0x50,0x4b,0x00,0x08,0x70,0x4b,0x00,0x08,0x70,0x2d,0x00,0x0a,0x50,0x0d,0x60,0x4e,0x10,
  0x02,0xcf,0xd4,0x00,0x0e,0xff,0xf9,0x00,0x0e,0x10,0x1c,0x50,0x0e,0x10,0x08,0x70,0x0e,0x10,0x1c,0x50,0x0e,0xff,0xf9,0x00,0x0e,0x10,0x00,0x00,0x0e,0x10,0x00,0x00,
  0x0e,0x10,0x00,0x00,0x02,0xcf,0xd3,0x00,0x0d,0x60,0x4e,0x10,0x2d,0x00,0x0a,0x50,0x4b,0x00,0x08,0x70,0x4b,0x00,0x08,0x70,0x2d,0x00,0x0a,0x50,0x0d,0x60,0x4e,0x10,
  0x02,0xcf,0xd4,0x00,0x00,0x0d,0x10,0x00,0x00,0x08,0xfe,0x00,0x0e,0xff,0xe9,0x00,0x0e,0x10,0x1c,0x50,0x0e,0x10,0x08,0x70,0x0e,0x10,0x1c,0x50,0x0e,0xff,0xe8,0x00,
  0x0e,0x13,0xc0,0x00,0x0e,0x10,0x98,0x00,0x0e,0x10,0x0d,0x40,0x04,0xdf,0xe7,0x00,0x0f,0x40,0x2c,0x30,0x1e,0x00,0x00,0x00,0x0a,0xea,0x61,0x00,0x00,0x37,0xae,0x20,
  0x00,0x00,0x09,0x70,0x2d,0x30,0x2d,0x40,0x04,0xdf,0xe7,0x00,0xbf,0xff,0xff,0xe0,0x00,0x0e,0x10,0x00,0x00,0x0e,0x10,0x00,0x00,0x0e,0x10,0x00,0x00,0x0e,0x10,0x00,
  0x00,0x0e,0x10,0x00,0x00,0x0e,0x10,0x00,0x00,0x0e,0x10,0x00,0x0f,0x00,0x0c,0x30,0x0f,0x00,0x0c,0x30,0x0f,0x00,0x0c,0x30,0x0f,0x00,0x0c,0x30,0x0f,0x00,0x0c,0x30,
  0x0f,0x00,0x0d,0x20,0x0c,0x60,0x3e,0x00,0x03,0xdf,0xe5,0x00,0x6a,0x00,0x06,0x90,0x1e,0x00,0x0b,0x40,0x0c,0x30,0x0e,0x00,0x07,0x80,0x5a,0x00,0x02,0xd0,0x95,0x00,
  0x00,0xd2,0xe1,0x00,0x00,0x8a,0xb0,0x00,0x00,0x3f,0x60,0x00,0x85,0x00,0x02,0xb0,0x76,0x00,0x03,0xa0,0x68,0x1f,0x44,0x90,0x49,0x4c,0x85,0x70,0x3a,0x85,0xb6,0x60,
  0x2b,0xb1,0xc8,0x50,0x0d,0xc0,0xac,0x30,0x0f,0xa0,0x6f,0x20,0x3d,0x00,0x09,0x70,0x08,0x80,0x4c,0x00,0x00,0xd3,0xd2,0x00,0x00,0x3f,0x70,0x00,0x00,0x5e,0x90,0x00,
  0x01,0xd2,0xc4,0x00,0x0a,0x60,0x3d,0x00,0x5b,0x00,0x08,0x90,0x8a,0x00,0x06,0xb0,0x0e,0x30,0x0e,0x20,0x05,0xc0,0x88,0x00,0x00,0xc6,0xe0,0x00,0x00,0x3f,0x60,0x00,
  0x00,0x0e,0x10,0x00,0x00,0x0e,0x10,0x00,0x00,0x0e,0x10,0x00,0x3f,0xff,0xff,0x60,0x00,0x00,0x2d,0x10,0x00,0x00,0xd4,0x00,0x00,0x0a,0x70,0x00,0x00,0x7a,0x00,0x00,
  0x04,0xc0,0x00,0x00,0x1d,0x20,0x00,0x00,0x6f,0xff,0xff,0xa0,0x00,0x4f,0xff,0x10,0x00,0x48,0x00,0x00,0x00,0x48,0x00,0x00,0x00,0x48,0x00,0x00,0x00,0x48,0x00,0x00,
  0x00,0x48,0x00,0x00,0x00,0x48,0x00,0x00,0x00,0x48,0x00,0x00,0x00,0x48,0x00,0x00,0x00,0x48,0x00,0x00,0x00,0x4f,0xff,0x10,0x0b,0x20,0x00,0x00,0x05,0x80,0x00,0x00,
  0x00,0xd0,0x00,0x00,0x00,0x94,0x00,0x00,0x00,0x3a,0x00,0x00,0x00,0x0c,0x10,0x00,0x00,0x07,0x60,0x00,0x00,0x01,0xc0,0x00,0x00,0x00,0xb2,0x00,0x00,0x00,0x58,0x00,
  0x00,0x00,0x0d,0x00,0x0d,0xff,0x80,0x00,0x00,0x05,0x80,0x00,0x00,0x05,0x80,0x00,0x00,0x05,0x80,0x00,0x00,0x05,0x80,0x00,0x00,0x05,0x80,0x00,0x00,0x05,0x80,0x00,
  0x00,0x05,0x80,0x00,0x00,0x05,0x80,0x00,0x00,0x05,0x80,0x00,0x0d,0xff,0x80,0x00,0x00,0x3f,0x60,0x00,0x00,0xc4,0xd0,0x00,0x05,0x90,0x78,0x00,0x0c,0x10,0x0d,0x10,
  0x37,0x00,0x05,0x60,0x00,0x00,0x00,0x00,0x00,0x00,0x00,0x00,0x00,0x00,0x00,0x00,0x00,0x00,0x00,0x00,0x4f,0xff,0xff,0x70,0x00,0x11,0x00,0x00,0x00,0x78,0x00,0x00,
  0x00,0x0b,0x00,0x00,0x00,0x00,0x00,0x00,0x00,0x00,0x00,0x00,0x00,0x00,0x00,0x00,0x00,0x00,0x00,0x00,0x00,0x00,0x00,0x00,0x00,0x00,0x00,0x00,0x00,0x00,0x00,0x00,
  0x04,0xdf,0xc2,0x00,0x0a,0x30,0x9a,0x00,0x00,0x00,0x3b,0x00,0x09,0xef,0xfb,0x00,0x2e,0x20,0x1b,0x00,0x09,0xfd,0x2c,0x90,0x0d,0x10,0x00,0x00,0x0d,0x10,0x00,0x00,
  0x0d,0x10,0x00,0x00,0x0d,0x6e,0xe7,0x00,0x0d,0x60,0x3e,0x30,0x0d,0x10,0x09,0x60,0x0d,0x10,0x09,0x60,0x0d,0x60,0x2e,0x30,0x0d,0x6e,0xe7,0x00,0x01,0xae,0xd4,0x00,
  0x0a,0x80,0x2c,0x00,0x0e,0x10,0x00,0x00,0x0e,0x10,0x00,0x00,0x0a,0x80,0x2c,0x00,0x01,0xaf,0xe5,0x00,0x00,0x00,0x0e,0x10,0x00,0x00,0x0e,0x10,0x00,0x00,0x0e,0x10,
  0x04,0xdf,0x7e,0x10,0x0e,0x40,0x4f,0x10,0x3c,0x00,0x0e,0x10,0x3c,0x00,0x0e,0x10,0x0e,0x40,0x3f,0x10,0x04,0xdf,0x7e,0x10,0x02,0xbf,0xd5,0x00,0x0c,0x30,0x2d,0x20,
  0x1f,0xff,0xff,0x50,0x1d,0x00,0x00,0x00,0x0d,0x60,0x2c,0x00,0x02,0xbf,0xd5,0x00,0x00,0x08,0xff,0x80,0x00,0x0e,0x00,0x00,0x00,0x0e,0x00,0x00,0x2f,0xff,0xff,0x80,
  0x00,0x0e,0x00,0x00,0x00,0x0e,0x00,0x00,0x00,0x0e,0x00,0x00,0x00,0x0e,0x00,0x00,0x0f,0xff,0xff,0x40,0x00,0x00,0x1f,0xa0,0x02,0xcf,0xe6,0x00,0x0b,0x60,0x4d,0x00,
  0x0b,0x60,0x4d,0x00,0x01,0xef,0xd3,0x00,0x0a,0x40,0x00,0x00,0x08,0xff,0xfd,0x40,0x2d,0x10,0x07,0xa0,0x09,0xef,0xfc,0x30,0x0d,0x20,0x00,0x00,0x0d,0x20,0x00,0x00,
  0x0d,0x20,0x00,0x00,0x0d,0x4d,0xe5,0x00,0x0d,0x40,0x4e,0x00,0x0d,0x20,0x0e,0x10,0x0d,0x20,0x0d,0x10,0x0d,0x20,0x0d,0x10,0x0d,0x20,0x0d,0x10,0x00,0x09,0x90,0x00,
  0x00,0x09,0x90,0x00,0x00,0x00,0x00,0x00,0x0b,0xff,0x70,0x00,0x00,0x08,0x70,0x00,0x00,0x08,0x70,0x00,0x00,0x08,0x70,0x00,0x00,0x08,0x70,0x00,0x0b,0xff,0xff,0x80,
  0x00,0x00,0xd5,0x00,0x00,0x00,0xd5,0x00,0x00,0x00,0x00,0x00,0x0e,0xff,0xf3,0x00,0x00,0x00,0xc3,0x00,0x00,0x00,0xc3,0x00,0x00,0x00,0xc3,0x00,0x00,0x00,0xc3,0x00,
  0x00,0x00,0xc3,0x00,0x00,0x00,0xc2,0x00,0x0c,0xff,0xc0,0x00,0x0b,0x30,0x00,0x00,0x0b,0x30,0x00,0x00,0x0b,0x30,0x00,0x00,0x0b,0x30,0x3c,0x20,0x0b,0x34,0xc1,0x00,
  0x0b,0x9f,0x30,0x00,0x0b,0x94,0xd1,0x00,0x0b,0x30,0x7b,0x00,0x0b,0x30,0x0a,0x70,0x0f,0xff,0x10,0x00,0x00,0x0e,0x10,0x00,0x00,0x0e,0x10,0x00,0x00,0x0e,0x10,0x00,
  0x00,0x0e,0x10,0x00,0x00,0x0e,0x10,0x00,0x00,0x0e,0x10,0x00,0x00,0x0e,0x10,0x00,0x0f,0xff,0xff,0x30,0x58,0xd7,0x7e,0x30,0x58,0x1c,0x27,0x80,0x58,0x0d,0x05,0x80,
  0x58,0x0d,0x05,0x80,0x58,0x0d,0x05,0x80,0x58,0x0d,0x05,0x80,0x0d,0x4d,0xe5,0x00,0x0d,0x40,0x4e,0x00,0x0d,0x20,0x0e,0x10,0x0d,0x20,0x0d,0x10,0x0d,0x20,0x0d,0x10,
  0x0d,0x20,0x0d,0x10,0x02,0xcf,0xd4,0x00,0x0d,0x50,0x3e,0x10,0x2d,0x00,0x0a,0x50,0x2d,0x00,0x0a,0x50,0x0d,0x50,0x3e,0x10,0x02,0xcf,0xd4,0x00,0x0d,0x6e,0xe7,0x00,
  0x0d,0x60,0x3e,0x30,0x0d,0x10,0x09,0x60,0x0d,0x10,0x09,0x60,0x0d,0x60,0x2e,0x30,0x0d,0x6e,0xe7,0x00,0x0d,0x10,0x00,0x00,0x0d,0x10,0x00,0x00,0x04,0xdf,0x7e,0x10,
  0x0e,0x40,0x4f,0x10,0x3c,0x00,0x0e,0x10,0x3c,0x00,0x0e,0x10,0x0e,0x40,0x3f,0x10,0x04,0xdf,0x7e,0x10,0x00,0x00,0x0e,0x10,0x00,0x00,0x0e,0x10,0x1f,0xfb,0x6e,0xb0,
  0x00,0x4c,0x40,0x00,0x00,0x4b,0x00,0x00,0x00,0x4b,0x00,0x00,0x00,0x4b,0x00,0x00,0x1f,0xff,0xff,0x10,0x03,0xcf,0xe7,0x00,0x0c,0x40,0x16,0x00,0x09,0xc9,0x61,0x00,
  0x00,0x47,0x9e,0x10,0x08,0x30,0x1d,0x30,0x05,0xdf,0xe7,0x00,0x00,0x77,0x00,0x00,0x00,0x87,0x00,0x00,0x8f,0xff,0xff,0x50,0x00,0x77,0x00,0x00,0x00,0x77,0x00,0x00,
  0x00,0x77,0x00,0x00,0x00,0x77,0x00,0x00,0x00,0x3e,0xff,0x50,0x0e,0x10,0x0f,0x00,0x0e,0x10,0x0f,0x00,0x0e,0x10,0x0f,0x00,0x0e,0x10,0x0f,0x00,0x0c,0x70,0x4f,0x00,
  0x03,0xdf,0x9f,0x00,0x1e,0x00,0x0b,0x40,0x0a,0x40,0x1d,0x00,0x05,0x90,0x68,0x00,0x00,0xd0,0xc2,0x00,0x00,0x97,0xc0,0x00,0x00,0x3f,0x60,0x00,0x94,0x0f,0x30,0xc0,
  0x66,0x3b,0x73,0x90,0x39,0x75,0xa5,0x70,0x1b,0xa1,0xb7,0x40,0x0c,0xb0,0xab,0x20,0x0c,0xa0,0x7f,0x00,0x0c,0x40,0x1d,0x10,0x02,0xd2,0xc4,0x00,0x00,0x5e,0x70,0x00,
  0x00,0x6e,0x90,0x00,0x02,0xd1,0xc5,0x00,0x0d,0x30,0x1e,0x20,0x2d,0x00,0x09,0x50,0x0b,0x40,0x1d,0x00,0x04,0xb0,0x77,0x00,0x00,0xd2,0xd1,0x00,0x00,0x6d,0x90,0x00,
  0x00,0x0f,0x20,0x00,0x00,0x4b,0x00,0x00,0x0f,0xe3,0x00,0x00,0x0d,0xff,0xff,0x10,0x00,0x00,0x7a,0x00,0x00,0x08,0x90,0x00,0x00,0x89,0x00,0x00,0x09,0x90,0x00,0x00,
  0x0f,0xff,0xff,0x30,0x00,0x0e,0xff,0x00,0x00,0x2a,0x00,0x00,0x00,0x1c,0x00,0x00,0x00,0x06,0x50,0x00,0x00,0x06,0x90,0x00,0x0b,0xfd,0x20,0x00,0x00,0x06,0x90,0x00,
  0x00,0x06,0x50,0x00,0x00,0x0c,0x00,0x00,0x00,0x2a,0x00,0x00,0x00,0x0e,0xff,0x00,0x00,0x0d,0x00,0x00,0x00,0x0d,0x00,0x00,0x00,0x0d,0x00,0x00,0x00,0x0d,0x00,0x00,
  0x00,0x0d,0x00,0x00,0x00,0x0d,0x00,0x00,0x00,0x0d,0x00,0x00,0x00,0x0d,0x00,0x00,0x00,0x0d,0x00,0x00,0x00,0x0d,0x00,0x00,0x00,0x0d,0x00,0x00,0x0b,0xff,0x20,0x00,
  0x00,0x07,0x50,0x00,0x00,0x09,0x30,0x00,0x00,0x29,0x00,0x00,0x00,0x69,0x00,0x00,0x00,0x0b,0xff,0x00,0x00,0x69,0x00,0x00,0x00,0x39,0x00,0x00,0x00,0x09,0x30,0x00,
  0x00,0x07,0x50,0x00,0x0b,0xff,0x20,0x00,0x08,0xe5,0x04,0x60,0x1c,0x2d,0x39,0x40,0x47,0x03,0xeb,0x00,0x00,0x00,0x00,0x00,0x00,0x00,0x00,0x00,0x00,0x2f,0x50,0x00,
  0x00,0x2f,0x50,0x00,0x00,0x00,0x00,0x00,0x00,0x00,0x00,0x00,0x00,0x00,0x00,0x00,0xff,0xff,0xff,0xf3,0x00,0x00,0x00,0x00,0x00,0x00,0x00,0x00,0x00,0x00,0x00,0x00,
  0x5d,0x1e,0x3b,0x80,0x5d,0x1e,0x3b,0x80,0x00,0x8f,0xb0,0x00,0x00,0xdf,0xf0,0x00,0x00,0x8f,0xb0,0x00,0x00,0x00,0x00,0x00,0x00,0x00,0x00,0x00,0x9f,0xff,0xff,0xd0,
  0x91,0x00,0x00,0xb0,0x91,0x00,0x00,0xb0,0x91,0x00,0x00,0xb0,0x91,0x00,0x00,0xb0,0x91,0x00,0x00,0xb0,0x91,0x00,0x00,0xb0,0x91,0x00,0x00,0xb0,0x9f,0xff,0xff,0xd0,
  0x00,0x0c,0xa0,0x00,0x00,0x0f,0x30,0x00,0x00,0x2d,0x00,0x00,0x00,0x12,0x00,0x00,0x00,0x00,0x00,0x00,0x00,0x00,0x00,0x00,0x00,0x00,0x00,0x00,0x00,0x00,0x00,0x00,
  0x00,0x00,0x00,0x00,
};
const sig_font_t sigf_15 = { 1, 400, 11.5f, 12, 4, 0, 101, sigf_15_ch, sigf_15_gl, sigf_15_bmp, 3108 };
// --- mono 400 normal 12px  (101 glyphs, 3108 bytes)
static const sig_glyph_t sigf_16_gl[] = {
  {0,0,0,0,0,7},
  {0,7,8,0,-8,7},
  {32,7,9,0,-9,7},
  {68,8,8,0,-8,7},
  {100,7,10,0,-9,7},
  {140,7,8,0,-8,7},
  {172,7,8,0,-8,7},
  {204,7,9,0,-9,7},
  {240,7,11,0,-9,7},
  {284,7,11,0,-9,7},
  {328,7,7,0,-7,7},
  {356,7,7,0,-7,7},
  {384,7,4,0,-2,7},
  {400,7,4,0,-4,7},
  {416,7,2,0,-2,7},
  {424,7,11,0,-9,7},
  {468,7,8,0,-8,7},
  {500,7,8,0,-8,7},
  {532,7,8,0,-8,7},
  {564,7,8,0,-8,7},
  {596,7,8,0,-8,7},
  {628,7,8,0,-8,7},
  {660,7,8,0,-8,7},
  {692,7,8,0,-8,7},
  {724,7,8,0,-8,7},
  {756,7,8,0,-8,7},
  {788,7,7,0,-7,7},
  {816,7,9,0,-7,7},
  {852,7,7,0,-7,7},
  {880,7,5,0,-5,7},
  {900,7,7,0,-7,7},
  {928,7,8,0,-8,7},
  {960,7,9,0,-8,7},
  {996,7,8,0,-8,7},
  {1028,7,8,0,-8,7},
  {1060,7,8,0,-8,7},
  {1092,7,8,0,-8,7},
  {1124,7,8,0,-8,7},
  {1156,7,8,0,-8,7},
  {1188,7,8,0,-8,7},
  {1220,7,8,0,-8,7},
  {1252,7,8,0,-8,7},
  {1284,7,8,0,-8,7},
  {1316,7,8,0,-8,7},
  {1348,7,8,0,-8,7},
  {1380,7,8,0,-8,7},
  {1412,7,8,0,-8,7},
  {1444,7,8,0,-8,7},
  {1476,7,8,0,-8,7},
  {1508,7,10,0,-8,7},
  {1548,7,8,0,-8,7},
  {1580,7,8,0,-8,7},
  {1612,7,8,0,-8,7},
  {1644,7,8,0,-8,7},
  {1676,7,8,0,-8,7},
  {1708,7,8,0,-8,7},
  {1740,7,8,0,-8,7},
  {1772,7,8,0,-8,7},
  {1804,7,8,0,-8,7},
  {1836,7,11,0,-9,7},
  {1880,7,11,0,-9,7},
  {1924,7,11,0,-9,7},
  {1968,7,8,0,-8,7},
  {2000,7,2,0,0,7},
  {2008,7,10,0,-10,7},
  {2048,7,6,0,-6,7},
  {2072,7,9,0,-9,7},
  {2108,7,6,0,-6,7},
  {2132,7,9,0,-9,7},
  {2168,7,6,0,-6,7},
  {2192,7,9,0,-9,7},
  {2228,7,9,0,-7,7},
  {2264,7,9,0,-9,7},
  {2300,7,9,0,-9,7},
  {2336,7,11,0,-9,7},
  {2380,7,9,0,-9,7},
  {2416,7,9,0,-9,7},
  {2452,7,6,0,-6,7},
  {2476,7,6,0,-6,7},
  {2500,7,6,0,-6,7},
  {2524,7,8,0,-6,7},
  {2556,7,8,0,-6,7},
  {2588,7,6,0,-6,7},
  {2612,7,6,0,-6,7},
  {2636,7,8,0,-8,7},
  {2668,7,6,0,-6,7},
  {2692,7,6,0,-6,7},
  {2716,7,6,0,-6,7},
  {2740,7,6,0,-6,7},
  {2764,7,8,0,-6,7},
  {2796,7,6,0,-6,7},
  {2820,7,11,0,-9,7},
  {2864,7,11,0,-9,7},
  {2908,7,11,0,-9,7},
  {2952,7,5,0,-5,7},
  {2972,7,5,0,-5,7},
  {2992,8,4,0,-4,7},
  {3008,7,2,0,-2,7},
  {3016,7,5,0,-5,7},
  {3036,7,9,0,-9,7},
  {3072,7,9,0,-9,7},
};
static const char sigf_16_ch[] = " !\"#$%&'()*+,-./0123456789:;<=>?@ABCDEFGHIJKLMNOPQRSTUVWXYZ[\\]^_`abcdefghijklmnopqrstuvwxyz{|}~·—…•→’";
static const uint8_t sigf_16_bmp[] = {
  0x00,0x0e,0x20,0x00,0x00,0x0e,0x20,0x00,0x00,0x0e,0x10,0x00,0x00,0x0b,0x00,0x00,0x00,0x08,0x00,0x00,0x00,0x00,0x00,0x00,0x00,0x2f,0x50,0x00,0x00,0x2f,0x50,0x00,
  0x00,0xe0,0xc2,0x00,0x00,0xe0,0xc2,0x00,0x00,0xe0,0xc2,0x00,0x00,0x40,0x30,0x00,0x00,0x00,0x00,0x00,0x00,0x00,0x00,0x00,0x00,0x00,0x00,0x00,0x00,0x00,0x00,0x00,
  0x00,0x00,0x00,0x00,0x00,0x59,0x1c,0x00,0x00,0x86,0x48,0x00,0x6f,0xf3,0x7f,0xf0,0x00,0xd0,0xa3,0x00,0x00,0xd0,0xd1,0x00,0xdf,0xa0,0xff,0x90,0x05,0x73,0xb0,0x00,
  0x09,0x46,0x80,0x00,0x00,0x0a,0x10,0x00,0x04,0xdf,0xe7,0x00,0x0e,0x4a,0x3b,0x40,0x0f,0x0a,0x10,0x00,0x09,0xee,0x82,0x00,0x00,0x3c,0xae,0x30,0x00,0x0a,0x16,0x90,
  0x2e,0x4a,0x2b,0x70,0x04,0xdf,0xe9,0x00,0x00,0x0a,0x10,0x00,0x3e,0xe4,0x02,0xb0,0xb3,0x2b,0x0a,0x30,0xb3,0x2b,0x3a,0x00,0x3e,0xe4,0x62,0x00,0x00,0x72,0xde,0x50,
  0x07,0x68,0x61,0xc0,0x0c,0x08,0x61,0xc0,0x85,0x02,0xde,0x50,0x04,0xdf,0x70,0x00,0x0d,0x31,0xa0,0x00,0x0c,0x20,0x00,0x00,0x06,0xd1,0x0f,0xb0,0x4d,0x8d,0x1c,0x00,
  0xa5,0x08,0xd9,0x00,0x89,0x01,0xda,0x00,0x1b,0xfd,0x3b,0x70,0x00,0x0d,0x10,0x00,0x00,0x0d,0x10,0x00,0x00,0x0d,0x10,0x00,0x00,0x04,0x00,0x00,0x00,0x00,0x00,0x00,
  0x00,0x00,0x00,0x00,0x00,0x00,0x00,0x00,0x00,0x00,0x00,0x00,0x00,0x00,0x00,0x00,0x00,0x00,0x86,0x00,0x00,0x05,0x80,0x00,0x00,0x0c,0x00,0x00,0x00,0x39,0x00,0x00,
  0x00,0x66,0x00,0x00,0x00,0x85,0x00,0x00,0x00,0x66,0x00,0x00,0x00,0x39,0x00,0x00,0x00,0x0c,0x00,0x00,0x00,0x05,0x80,0x00,0x00,0x00,0x86,0x00,0x04,0xa0,0x00,0x00,
  0x00,0x58,0x00,0x00,0x00,0x0b,0x10,0x00,0x00,0x06,0x60,0x00,0x00,0x03,0x90,0x00,0x00,0x02,0xb0,0x00,0x00,0x03,0x90,0x00,0x00,0x06,0x60,0x00,0x00,0x0b,0x10,0x00,
  0x00,0x58,0x00,0x00,0x04,0xa0,0x00,0x00,0x00,0x0d,0x00,0x00,0x00,0x0d,0x00,0x00,0x4d,0x9e,0x9d,0x70,0x00,0x7f,0xa0,0x00,0x00,0xd4,0xd2,0x00,0x04,0x60,0x37,0x00,
  0x00,0x00,0x00,0x00,0x00,0x07,0x00,0x00,0x00,0x0d,0x10,0x00,0x00,0x0d,0x10,0x00,0x4f,0xff,0xff,0x70,0x00,0x0d,0x10,0x00,0x00,0x0d,0x10,0x00,0x00,0x06,0x00,0x00,
  0x00,0x0f,0x70,0x00,0x00,0x2f,0x10,0x00,0x00,0x5c,0x00,0x00,0x00,0x76,0x00,0x00,0x02,0xff,0xf5,0x00,0x00,0x00,0x00,0x00,0x00,0x00,0x00,0x00,0x00,0x00,0x00,0x00,
  0x00,0x2f,0x50,0x00,0x00,0x2f,0x50,0x00,0x00,0x00,0x0d,0x00,0x00,0x00,0x58,0x00,0x00,0x00,0xb2,0x00,0x00,0x01,0xc0,0x00,0x00,0x07,0x60,0x00,0x00,0x0c,0x10,0x00,
  0x00,0x3a,0x00,0x00,0x00,0x94,0x00,0x00,0x00,0xd0,0x00,0x00,0x05,0x80,0x00,0x00,0x0b,0x20,0x00,0x00,0x02,0xcf,0xd3,0x00,0x0c,0x60,0x4e,0x00,0x2d,0x00,0x0a,0x50,
  0x4b,0x1e,0x38,0x70,0x4b,0x1e,0x38,0x70,0x2d,0x00,0x0a,0x50,0x0d,0x60,0x4e,0x10,0x02,0xcf,0xd4,0x00,0x00,0xaf,0x60,0x00,0x0a,0xca,0x60,0x00,0x2c,0x19,0x60,0x00,
  0x00,0x09,0x60,0x00,0x00,0x09,0x60,0x00,0x00,0x09,0x60,0x00,0x00,0x09,0x60,0x00,0x0f,0xff,0xff,0xa0,0x02,0xcf,0xc3,0x00,0x0e,0x50,0x5e,0x00,0x04,0x00,0x0f,0x00,
  0x00,0x00,0x5c,0x00,0x00,0x05,0xe2,0x00,0x00,0x7d,0x20,0x00,0x08,0x90,0x00,0x00,0x2f,0xff,0xff,0x70,0x03,0xcf,0xd5,0x00,0x0c,0x40,0x4f,0x00,0x00,0x00,0x5c,0x00,
  0x00,0xbf,0xd1,0x00,0x00,0x00,0x5d,0x00,0x00,0x00,0x0e,0x20,0x2c,0x20,0x5e,0x00,0x06,0xdf,0xc3,0x00,0x00,0x05,0xf8,0x00,0x00,0x1c,0x88,0x00,0x00,0xa3,0x78,0x00,
  0x06,0x70,0x78,0x00,0x2a,0x00,0x78,0x00,0x9f,0xff,0xff,0xc0,0x00,0x00,0x78,0x00,0x00,0x00,0x78,0x00,0x09,0xff,0xff,0x00,0x0a,0x30,0x00,0x00,0x0b,0x20,0x00,0x00,
  0x0c,0x8f,0xe6,0x00,0x08,0x50,0x3e,0x20,0x00,0x00,0x0a,0x50,0x0c,0x40,0x3e,0x20,0x03,0xcf,0xd5,0x00,0x00,0x1b,0x60,0x00,0x00,0xc4,0x00,0x00,0x08,0x70,0x00,0x00,
  0x0e,0x9f,0xe7,0x00,0x3f,0x40,0x3e,0x30,0x2d,0x00,0x0a,0x60,0x0d,0x40,0x2e,0x20,0x03,0xcf,0xd5,0x00,0x3f,0xff,0xff,0x50,0x3b,0x00,0x0d,0x10,0x00,0x00,0x5a,0x00,
  0x00,0x00,0xc2,0x00,0x00,0x04,0xb0,0x00,0x00,0x0c,0x40,0x00,0x00,0x3d,0x00,0x00,0x00,0xb6,0x00,0x00,0x05,0xdf,0xe7,0x00,0x0f,0x30,0x2e,0x30,0x0d,0x30,0x2d,0x10,
  0x03,0xef,0xf5,0x00,0x1d,0x30,0x2c,0x30,0x4b,0x00,0x08,0x80,0x2e,0x30,0x2d,0x50,0x05,0xdf,0xe7,0x00,0x03,0xcf,0xd4,0x00,0x0e,0x40,0x3d,0x10,0x3d,0x00,0x0a,0x50,
  0x1e,0x40,0x2e,0x60,0x04,0xdf,0xad,0x30,0x00,0x00,0x4b,0x00,0x00,0x02,0xc2,0x00,0x00,0x4c,0x30,0x00,0x00,0x2f,0x50,0x00,0x00,0x2f,0x50,0x00,0x00,0x00,0x00,0x00,
  0x00,0x00,0x00,0x00,0x00,0x00,0x00,0x00,0x00,0x2f,0x50,0x00,0x00,0x2f,0x50,0x00,0x00,0x2f,0x50,0x00,0x00,0x2f,0x50,0x00,0x00,0x00,0x00,0x00,0x00,0x00,0x00,0x00,
  0x00,0x00,0x00,0x00,0x00,0x0f,0x70,0x00,0x00,0x2f,0x10,0x00,0x00,0x5c,0x00,0x00,0x00,0x76,0x00,0x00,0x00,0x00,0x19,0x20,0x00,0x06,0xd6,0x00,0x04,0xc8,0x00,0x00,
  0x0f,0x40,0x00,0x00,0x04,0xd9,0x10,0x00,0x00,0x06,0xd6,0x00,0x00,0x00,0x19,0x20,0x4f,0xff,0xff,0x70,0x00,0x00,0x00,0x00,0x4f,0xff,0xff,0x70,0x00,0x00,0x00,0x00,
  0x00,0x00,0x00,0x00,0x0b,0x20,0x00,0x00,0x04,0xd8,0x00,0x00,0x00,0x07,0xd6,0x00,0x00,0x00,0x2e,0x20,0x00,0x06,0xd6,0x00,0x04,0xc8,0x00,0x00,0x0b,0x20,0x00,0x00,
  0x02,0xbf,0xd5,0x00,0x0c,0x60,0x3f,0x00,0x03,0x00,0x0e,0x00,0x00,0x08,0xa3,0x00,0x00,0x2d,0x00,0x00,0x00,0x00,0x00,0x00,0x00,0x5f,0x20,0x00,0x00,0x5f,0x20,0x00,
  0x02,0xcf,0xd4,0x00,0x0c,0x60,0x3d,0x10,0x1c,0x0b,0xeb,0x40,0x3a,0x4b,0x0a,0x40,0x3a,0x67,0x08,0x40,0x3a,0x49,0x09,0x40,0x1d,0x0d,0xeb,0x40,0x0b,0x71,0x10,0x00,
  0x01,0xbf,0xf7,0x00,0x00,0x3f,0x60,0x00,0x00,0x8a,0xb0,0x00,0x00,0xd2,0xe1,0x00,0x03,0xc0,0xa6,0x00,0x08,0x80,0x5b,0x00,0x0d,0xff,0xff,0x00,0x2e,0x00,0x0c,0x50,
  0x79,0x00,0x06,0xa0,0x0f,0xff,0xe7,0x00,0x0f,0x10,0x2f,0x20,0x0f,0x10,0x2e,0x10,0x0f,0xff,0xf6,0x00,0x0f,0x10,0x1c,0x40,0x0f,0x10,0x08,0x70,0x0f,0x10,0x1c,0x40,
  0x0f,0xff,0xf8,0x00,0x01,0xaf,0xe5,0x00,0x09,0x91,0x2d,0x30,0x0f,0x00,0x02,0x00,0x1e,0x00,0x00,0x00,0x1e,0x00,0x00,0x00,0x0f,0x00,0x02,0x00,0x09,0x91,0x2d,0x30,
  0x01,0xaf,0xe5,0x00,0x0d,0xff,0xd4,0x00,0x0d,0x20,0x5e,0x00,0x0d,0x20,0x0b,0x50,0x0d,0x20,0x08,0x70,0x0d,0x20,0x08,0x70,0x0d,0x20,0x0b,0x50,0x0d,0x20,0x5e,0x00,
  0x0d,0xff,0xc3,0x00,0x0e,0xff,0xff,0x30,0x0e,0x10,0x00,0x00,0x0e,0x10,0x00,0x00,0x0e,0xff,0xff,0x10,0x0e,0x10,0x00,0x00,0x0e,0x10,0x00,0x00,0x0e,0x10,0x00,0x00,
  0x0e,0xff,0xff,0x30,0x0e,0xff,0xff,0x50,0x0e,0x10,0x00,0x00,0x0e,0x10,0x00,0x00,0x0e,0xff,0xff,0x00,0x0e,0x10,0x00,0x00,0x0e,0x10,0x00,0x00,0x0e,0x10,0x00,0x00,
  0x0e,0x10,0x00,0x00,0x02,0xcf,0xd3,0x00,0x0c,0x70,0x3e,0x10,0x2d,0x00,0x02,0x00,0x4b,0x00,0x00,0x00,0x4b,0x07,0xff,0x40,0x2d,0x00,0x0a,0x40,0x0d,0x60,0x3e,0x40,
  0x03,0xdf,0xaa,0x40,0x0f,0x00,0x0c,0x30,0x0f,0x00,0x0c,0x30,0x0f,0x00,0x0c,0x30,0x0f,0xff,0xff,0x30,0x0f,0x00,0x0c,0x30,0x0f,0x00,0x0c,0x30,0x0f,0x00,0x0c,0x30,
  0x0f,0x00,0x0c,0x30,0x0f,0xff,0xff,0x30,0x00,0x0e,0x10,0x00,0x00,0x0e,0x10,0x00,0x00,0x0e,0x10,0x00,0x00,0x0e,0x10,0x00,0x00,0x0e,0x10,0x00,0x00,0x0e,0x10,0x00,
  0x0f,0xff,0xff,0x30,0x04,0xff,0xfc,0x00,0x00,0x00,0x4c,0x00,0x00,0x00,0x4c,0x00,0x00,0x00,0x4c,0x00,0x00,0x00,0x4c,0x00,0x01,0x00,0x4c,0x00,0x0e,0x40,0x99,0x00,
  0x03,0xdf,0xb1,0x00,0x0f,0x00,0x0c,0x60,0x0f,0x00,0xa8,0x00,0x0f,0x08,0xa0,0x00,0x0f,0x6f,0x10,0x00,0x0f,0xc8,0xa0,0x00,0x0f,0x20,0xd4,0x00,0x0f,0x00,0x3e,0x00,
  0x0f,0x00,0x08,0x90,0x09,0x70,0x00,0x00,0x09,0x70,0x00,0x00,0x09,0x70,0x00,0x00,0x09,0x70,0x00,0x00,0x09,0x70,0x00,0x00,0x09,0x70,0x00,0x00,0x09,0x70,0x00,0x00,
  0x09,0xff,0xff,0x60,0x3f,0x50,0x2f,0x60,0x3e,0xd0,0xae,0x60,0x3b,0xa9,0xd8,0x60,0x3b,0x2f,0x58,0x60,0x3b,0x07,0x08,0x60,0x3b,0x00,0x08,0x60,0x3b,0x00,0x08,0x60,
  0x3b,0x00,0x08,0x60,0x0f,0x90,0x0a,0x30,0x0e,0xe1,0x0a,0x30,0x0e,0x87,0x0a,0x30,0x0e,0x1d,0x0a,0x30,0x0e,0x0a,0x5a,0x30,0x0e,0x04,0xba,0x30,0x0e,0x00,0xdd,0x30,
  0x0e,0x00,0x6f,0x30,0x02,0xcf,0xd3,0x00,0x0c,0x60,0x4e,0x00,0x2d,0x00,0x0a,0x50,0x4b,0x00,0x08,0x70,0x4b,0x00,0x08,0x70,0x2d,0x00,0x0a,0x50,0x0d,0x60,0x4e,0x10,
  0x02,0xcf,0xd4,0x00,0x0e,0xff,0xf9,0x00,0x0e,0x10,0x1c,0x50,0x0e,0x10,0x08,0x70,0x0e,0x10,0x1c,0x50,0x0e,0xff,0xf9,0x00,0x0e,0x10,0x00,0x00,0x0e,0x10,0x00,0x00,
  0x0e,0x10,0x00,0x00,0x02,0xcf,0xd3,0x00,0x0d,0x60,0x4e,0x10,0x2d,0x00,0x0a,0x50,0x4b,0x00,0x08,0x70,0x4b,0x00,0x08,0x70,0x2d,0x00,0x0a,0x50,0x0d,0x60,0x4e,0x10,
  0x02,0xcf,0xd4,0x00,0x00,0x0d,0x10,0x00,0x00,0x08,0xfe,0x00,0x0e,0xff,0xe9,0x00,0x0e,0x10,0x1c,0x50,0x0e,0x10,0x08,0x70,0x0e,0x10,0x1c,0x50,0x0e,0xff,0xe8,0x00,
  0x0e,0x13,0xc0,0x00,0x0e,0x10,0x98,0x00,0x0e,0x10,0x0d,0x40,0x04,0xdf,0xe7,0x00,0x0f,0x40,0x2c,0x30,0x1e,0x00,0x00,0x00,0x0a,0xea,0x61,0x00,0x00,0x37,0xae,0x20,
  0x00,0x00,0x09,0x70,0x2d,0x30,0x2d,0x40,0x04,0xdf,0xe7,0x00,0xbf,0xff,0xff,0xe0,0x00,0x0e,0x10,0x00,0x00,0x0e,0x10,0x00,0x00,0x0e,0x10,0x00,0x00,0x0e,0x10,0x00,
  0x00,0x0e,0x10,0x00,0x00,0x0e,0x10,0x00,0x00,0x0e,0x10,0x00,0x0f,0x00,0x0c,0x30,0x0f,0x00,0x0c,0x30,0x0f,0x00,0x0c,0x30,0x0f,0x00,0x0c,0x30,0x0f,0x00,0x0c,0x30,
  0x0f,0x00,0x0d,0x20,0x0c,0x60,0x3e,0x00,0x03,0xdf,0xe5,0x00,0x6a,0x00,0x06,0x90,0x1e,0x00,0x0b,0x40,0x0c,0x30,0x0e,0x00,0x07,0x80,0x5a,0x00,0x02,0xd0,0x95,0x00,
  0x00,0xd2,0xe1,0x00,0x00,0x8a,0xb0,0x00,0x00,0x3f,0x60,0x00,0x85,0x00,0x02,0xb0,0x76,0x00,0x03,0xa0,0x68,0x1f,0x44,0x90,0x49,0x4c,0x85,0x70,0x3a,0x85,0xb6,0x60,
  0x2b,0xb1,0xc8,0x50,0x0d,0xc0,0xac,0x30,0x0f,0xa0,0x6f,0x20,0x3d,0x00,0x09,0x70,0x08,0x80,0x4c,0x00,0x00,0xd3,0xd2,0x00,0x00,0x3f,0x70,0x00,0x00,0x5e,0x90,0x00,
  0x01,0xd2,0xc4,0x00,0x0a,0x60,0x3d,0x00,0x5b,0x00,0x08,0x90,0x8a,0x00,0x06,0xb0,0x0e,0x30,0x0e,0x20,0x05,0xc0,0x88,0x00,0x00,0xc6,0xe0,0x00,0x00,0x3f,0x60,0x00,
  0x00,0x0e,0x10,0x00,0x00,0x0e,0x10,0x00,0x00,0x0e,0x10,0x00,0x3f,0xff,0xff,0x60,0x00,0x00,0x2d,0x10,0x00,0x00,0xd4,0x00,0x00,0x0a,0x70,0x00,0x00,0x7a,0x00,0x00,
  0x04,0xc0,0x00,0x00,0x1d,0x20,0x00,0x00,0x6f,0xff,0xff,0xa0,0x00,0x4f,0xff,0x10,0x00,0x48,0x00,0x00,0x00,0x48,0x00,0x00,0x00,0x48,0x00,0x00,0x00,0x48,0x00,0x00,
  0x00,0x48,0x00,0x00,0x00,0x48,0x00,0x00,0x00,0x48,0x00,0x00,0x00,0x48,0x00,0x00,0x00,0x48,0x00,0x00,0x00,0x4f,0xff,0x10,0x0b,0x20,0x00,0x00,0x05,0x80,0x00,0x00,
  0x00,0xd0,0x00,0x00,0x00,0x94,0x00,0x00,0x00,0x3a,0x00,0x00,0x00,0x0c,0x10,0x00,0x00,0x07,0x60,0x00,0x00,0x01,0xc0,0x00,0x00,0x00,0xb2,0x00,0x00,0x00,0x58,0x00,
  0x00,0x00,0x0d,0x00,0x0d,0xff,0x80,0x00,0x00,0x05,0x80,0x00,0x00,0x05,0x80,0x00,0x00,0x05,0x80,0x00,0x00,0x05,0x80,0x00,0x00,0x05,0x80,0x00,0x00,0x05,0x80,0x00,
  0x00,0x05,0x80,0x00,0x00,0x05,0x80,0x00,0x00,0x05,0x80,0x00,0x0d,0xff,0x80,0x00,0x00,0x3f,0x60,0x00,0x00,0xc4,0xd0,0x00,0x05,0x90,0x78,0x00,0x0c,0x10,0x0d,0x10,
  0x37,0x00,0x05,0x60,0x00,0x00,0x00,0x00,0x00,0x00,0x00,0x00,0x00,0x00,0x00,0x00,0x00,0x00,0x00,0x00,0x4f,0xff,0xff,0x70,0x00,0x11,0x00,0x00,0x00,0x78,0x00,0x00,
  0x00,0x0b,0x00,0x00,0x00,0x00,0x00,0x00,0x00,0x00,0x00,0x00,0x00,0x00,0x00,0x00,0x00,0x00,0x00,0x00,0x00,0x00,0x00,0x00,0x00,0x00,0x00,0x00,0x00,0x00,0x00,0x00,
  0x04,0xdf,0xc2,0x00,0x0a,0x30,0x9a,0x00,0x00,0x00,0x3b,0x00,0x09,0xef,0xfb,0x00,0x2e,0x20,0x1b,0x00,0x09,0xfd,0x2c,0x90,0x0d,0x10,0x00,0x00,0x0d,0x10,0x00,0x00,
  0x0d,0x10,0x00,0x00,0x0d,0x6e,0xe7,0x00,0x0d,0x60,0x3e,0x30,0x0d,0x10,0x09,0x60,0x0d,0x10,0x09,0x60,0x0d,0x60,0x2e,0x30,0x0d,0x6e,0xe7,0x00,0x01,0xae,0xd4,0x00,
  0x0a,0x80,0x2c,0x00,0x0e,0x10,0x00,0x00,0x0e,0x10,0x00,0x00,0x0a,0x80,0x2c,0x00,0x01,0xaf,0xe5,0x00,0x00,0x00,0x0e,0x10,0x00,0x00,0x0e,0x10,0x00,0x00,0x0e,0x10,
  0x04,0xdf,0x7e,0x10,0x0e,0x40,0x4f,0x10,0x3c,0x00,0x0e,0x10,0x3c,0x00,0x0e,0x10,0x0e,0x40,0x3f,0x10,0x04,0xdf,0x7e,0x10,0x02,0xbf,0xd5,0x00,0x0c,0x30,0x2d,0x20,
  0x1f,0xff,0xff,0x50,0x1d,0x00,0x00,0x00,0x0d,0x60,0x2c,0x00,0x02,0xbf,0xd5,0x00,0x00,0x08,0xff,0x80,0x00,0x0e,0x00,0x00,0x00,0x0e,0x00,0x00,0x2f,0xff,0xff,0x80,
  0x00,0x0e,0x00,0x00,0x00,0x0e,0x00,0x00,0x00,0x0e,0x00,0x00,0x00,0x0e,0x00,0x00,0x0f,0xff,0xff,0x40,0x00,0x00,0x1f,0xa0,0x02,0xcf,0xe6,0x00,0x0b,0x60,0x4d,0x00,
  0x0b,0x60,0x4d,0x00,0x01,0xef,0xd3,0x00,0x0a,0x40,0x00,0x00,0x08,0xff,0xfd,0x40,0x2d,0x10,0x07,0xa0,0x09,0xef,0xfc,0x30,0x0d,0x20,0x00,0x00,0x0d,0x20,0x00,0x00,
  0x0d,0x20,0x00,0x00,0x0d,0x4d,0xe5,0x00,0x0d,0x40,0x4e,0x00,0x0d,0x20,0x0e,0x10,0x0d,0x20,0x0d,0x10,0x0d,0x20,0x0d,0x10,0x0d,0x20,0x0d,0x10,0x00,0x09,0x90,0x00,
  0x00,0x09,0x90,0x00,0x00,0x00,0x00,0x00,0x0b,0xff,0x70,0x00,0x00,0x08,0x70,0x00,0x00,0x08,0x70,0x00,0x00,0x08,0x70,0x00,0x00,0x08,0x70,0x00,0x0b,0xff,0xff,0x80,
  0x00,0x00,0xd5,0x00,0x00,0x00,0xd5,0x00,0x00,0x00,0x00,0x00,0x0e,0xff,0xf3,0x00,0x00,0x00,0xc3,0x00,0x00,0x00,0xc3,0x00,0x00,0x00,0xc3,0x00,0x00,0x00,0xc3,0x00,
  0x00,0x00,0xc3,0x00,0x00,0x00,0xc2,0x00,0x0c,0xff,0xc0,0x00,0x0b,0x30,0x00,0x00,0x0b,0x30,0x00,0x00,0x0b,0x30,0x00,0x00,0x0b,0x30,0x3c,0x20,0x0b,0x34,0xc1,0x00,
  0x0b,0x9f,0x30,0x00,0x0b,0x94,0xd1,0x00,0x0b,0x30,0x7b,0x00,0x0b,0x30,0x0a,0x70,0x0f,0xff,0x10,0x00,0x00,0x0e,0x10,0x00,0x00,0x0e,0x10,0x00,0x00,0x0e,0x10,0x00,
  0x00,0x0e,0x10,0x00,0x00,0x0e,0x10,0x00,0x00,0x0e,0x10,0x00,0x00,0x0e,0x10,0x00,0x0f,0xff,0xff,0x30,0x58,0xd7,0x7e,0x30,0x58,0x1c,0x27,0x80,0x58,0x0d,0x05,0x80,
  0x58,0x0d,0x05,0x80,0x58,0x0d,0x05,0x80,0x58,0x0d,0x05,0x80,0x0d,0x4d,0xe5,0x00,0x0d,0x40,0x4e,0x00,0x0d,0x20,0x0e,0x10,0x0d,0x20,0x0d,0x10,0x0d,0x20,0x0d,0x10,
  0x0d,0x20,0x0d,0x10,0x02,0xcf,0xd4,0x00,0x0d,0x50,0x3e,0x10,0x2d,0x00,0x0a,0x50,0x2d,0x00,0x0a,0x50,0x0d,0x50,0x3e,0x10,0x02,0xcf,0xd4,0x00,0x0d,0x6e,0xe7,0x00,
  0x0d,0x60,0x3e,0x30,0x0d,0x10,0x09,0x60,0x0d,0x10,0x09,0x60,0x0d,0x60,0x2e,0x30,0x0d,0x6e,0xe7,0x00,0x0d,0x10,0x00,0x00,0x0d,0x10,0x00,0x00,0x04,0xdf,0x7e,0x10,
  0x0e,0x40,0x4f,0x10,0x3c,0x00,0x0e,0x10,0x3c,0x00,0x0e,0x10,0x0e,0x40,0x3f,0x10,0x04,0xdf,0x7e,0x10,0x00,0x00,0x0e,0x10,0x00,0x00,0x0e,0x10,0x1f,0xfb,0x6e,0xb0,
  0x00,0x4c,0x40,0x00,0x00,0x4b,0x00,0x00,0x00,0x4b,0x00,0x00,0x00,0x4b,0x00,0x00,0x1f,0xff,0xff,0x10,0x03,0xcf,0xe7,0x00,0x0c,0x40,0x16,0x00,0x09,0xc9,0x61,0x00,
  0x00,0x47,0x9e,0x10,0x08,0x30,0x1d,0x30,0x05,0xdf,0xe7,0x00,0x00,0x77,0x00,0x00,0x00,0x87,0x00,0x00,0x8f,0xff,0xff,0x50,0x00,0x77,0x00,0x00,0x00,0x77,0x00,0x00,
  0x00,0x77,0x00,0x00,0x00,0x77,0x00,0x00,0x00,0x3e,0xff,0x50,0x0e,0x10,0x0f,0x00,0x0e,0x10,0x0f,0x00,0x0e,0x10,0x0f,0x00,0x0e,0x10,0x0f,0x00,0x0c,0x70,0x4f,0x00,
  0x03,0xdf,0x9f,0x00,0x1e,0x00,0x0b,0x40,0x0a,0x40,0x1d,0x00,0x05,0x90,0x68,0x00,0x00,0xd0,0xc2,0x00,0x00,0x97,0xc0,0x00,0x00,0x3f,0x60,0x00,0x94,0x0f,0x30,0xc0,
  0x66,0x3b,0x73,0x90,0x39,0x75,0xa5,0x70,0x1b,0xa1,0xb7,0x40,0x0c,0xb0,0xab,0x20,0x0c,0xa0,0x7f,0x00,0x0c,0x40,0x1d,0x10,0x02,0xd2,0xc4,0x00,0x00,0x5e,0x70,0x00,
  0x00,0x6e,0x90,0x00,0x02,0xd1,0xc5,0x00,0x0d,0x30,0x1e,0x20,0x2d,0x00,0x09,0x50,0x0b,0x40,0x1d,0x00,0x04,0xb0,0x77,0x00,0x00,0xd2,0xd1,0x00,0x00,0x6d,0x90,0x00,
  0x00,0x0f,0x20,0x00,0x00,0x4b,0x00,0x00,0x0f,0xe3,0x00,0x00,0x0d,0xff,0xff,0x10,0x00,0x00,0x7a,0x00,0x00,0x08,0x90,0x00,0x00,0x89,0x00,0x00,0x09,0x90,0x00,0x00,
  0x0f,0xff,0xff,0x30,0x00,0x0e,0xff,0x00,0x00,0x2a,0x00,0x00,0x00,0x1c,0x00,0x00,0x00,0x06,0x50,0x00,0x00,0x06,0x90,0x00,0x0b,0xfd,0x20,0x00,0x00,0x06,0x90,0x00,
  0x00,0x06,0x50,0x00,0x00,0x0c,0x00,0x00,0x00,0x2a,0x00,0x00,0x00,0x0e,0xff,0x00,0x00,0x0d,0x00,0x00,0x00,0x0d,0x00,0x00,0x00,0x0d,0x00,0x00,0x00,0x0d,0x00,0x00,
  0x00,0x0d,0x00,0x00,0x00,0x0d,0x00,0x00,0x00,0x0d,0x00,0x00,0x00,0x0d,0x00,0x00,0x00,0x0d,0x00,0x00,0x00,0x0d,0x00,0x00,0x00,0x0d,0x00,0x00,0x0b,0xff,0x20,0x00,
  0x00,0x07,0x50,0x00,0x00,0x09,0x30,0x00,0x00,0x29,0x00,0x00,0x00,0x69,0x00,0x00,0x00,0x0b,0xff,0x00,0x00,0x69,0x00,0x00,0x00,0x39,0x00,0x00,0x00,0x09,0x30,0x00,
  0x00,0x07,0x50,0x00,0x0b,0xff,0x20,0x00,0x08,0xe5,0x04,0x60,0x1c,0x2d,0x39,0x40,0x47,0x03,0xeb,0x00,0x00,0x00,0x00,0x00,0x00,0x00,0x00,0x00,0x00,0x2f,0x50,0x00,
  0x00,0x2f,0x50,0x00,0x00,0x00,0x00,0x00,0x00,0x00,0x00,0x00,0x00,0x00,0x00,0x00,0xff,0xff,0xff,0xf3,0x00,0x00,0x00,0x00,0x00,0x00,0x00,0x00,0x00,0x00,0x00,0x00,
  0x5d,0x1e,0x3b,0x80,0x5d,0x1e,0x3b,0x80,0x00,0x8f,0xb0,0x00,0x00,0xdf,0xf0,0x00,0x00,0x8f,0xb0,0x00,0x00,0x00,0x00,0x00,0x00,0x00,0x00,0x00,0x9f,0xff,0xff,0xd0,
  0x91,0x00,0x00,0xb0,0x91,0x00,0x00,0xb0,0x91,0x00,0x00,0xb0,0x91,0x00,0x00,0xb0,0x91,0x00,0x00,0xb0,0x91,0x00,0x00,0xb0,0x91,0x00,0x00,0xb0,0x9f,0xff,0xff,0xd0,
  0x00,0x0c,0xa0,0x00,0x00,0x0f,0x30,0x00,0x00,0x2d,0x00,0x00,0x00,0x12,0x00,0x00,0x00,0x00,0x00,0x00,0x00,0x00,0x00,0x00,0x00,0x00,0x00,0x00,0x00,0x00,0x00,0x00,
  0x00,0x00,0x00,0x00,
};
const sig_font_t sigf_16 = { 1, 400, 12.0f, 13, 4, 0, 101, sigf_16_ch, sigf_16_gl, sigf_16_bmp, 3108 };
// --- mono 400 normal 16px  (1 glyphs, 35 bytes)
static const sig_glyph_t sigf_17_gl[] = {
  {0,10,7,0,-7,10},
};
static const char sigf_17_ch[] = "•";
static const uint8_t sigf_17_bmp[] = {
  0x00,0x09,0xfe,0x40,0x00,0x00,0x1f,0xff,0xb0,0x00,0x00,0x1f,0xff,0xb0,0x00,0x00,0x09,0xfe,0x40,0x00,0x00,0x00,0x00,0x00,0x00,0x00,0x00,0x00,0x00,0x00,0x00,0x00,
  0x00,0x00,0x00,
};
const sig_font_t sigf_17 = { 1, 400, 16.0f, 17, 5, 0, 1, sigf_17_ch, sigf_17_gl, sigf_17_bmp, 35 };
// --- mono 500 normal 10.5px  (101 glyphs, 2607 bytes)
static const sig_glyph_t sigf_18_gl[] = {
  {0,0,0,0,0,6},
  {0,6,8,0,-8,6},
  {24,6,8,0,-8,6},
  {48,7,8,0,-8,6},
  {80,7,10,0,-9,6},
  {120,7,8,0,-8,6},
  {152,7,8,0,-8,6},
  {184,6,8,0,-8,6},
  {208,6,10,0,-8,6},
  {238,6,10,0,-8,6},
  {268,7,6,0,-6,6},
  {292,6,7,0,-7,6},
  {313,6,4,0,-2,6},
  {325,6,4,0,-4,6},
  {337,6,2,0,-2,6},
  {343,6,10,0,-8,6},
  {373,7,8,0,-8,6},
  {405,7,8,0,-8,6},
  {437,6,8,0,-8,6},
  {461,6,8,0,-8,6},
  {485,7,8,0,-8,6},
  {517,7,8,0,-8,6},
  {549,7,8,0,-8,6},
  {581,6,8,0,-8,6},
  {605,7,8,0,-8,6},
  {637,7,8,0,-8,6},
  {669,6,6,0,-6,6},
  {687,6,8,0,-6,6},
  {711,6,6,0,-6,6},
  {729,6,5,0,-5,6},
  {744,6,6,0,-6,6},
  {762,6,8,0,-8,6},
  {786,6,9,0,-8,6},
  {813,7,8,0,-8,6},
  {845,7,8,0,-8,6},
  {877,7,8,0,-8,6},
  {909,7,8,0,-8,6},
  {941,6,8,0,-8,6},
  {965,6,8,0,-8,6},
  {989,6,8,0,-8,6},
  {1013,6,8,0,-8,6},
  {1037,6,8,0,-8,6},
  {1061,6,8,0,-8,6},
  {1085,7,8,0,-8,6},
  {1117,6,8,0,-8,6},
  {1141,6,8,0,-8,6},
  {1165,6,8,0,-8,6},
  {1189,7,8,0,-8,6},
  {1221,7,8,0,-8,6},
  {1253,7,10,0,-8,6},
  {1293,7,8,0,-8,6},
  {1325,7,8,0,-8,6},
  {1357,7,8,0,-8,6},
  {1389,6,8,0,-8,6},
  {1413,7,8,0,-8,6},
  {1445,7,8,0,-8,6},
  {1477,7,8,0,-8,6},
  {1509,7,8,0,-8,6},
  {1541,7,8,0,-8,6},
  {1573,6,10,0,-8,6},
  {1603,6,10,0,-8,6},
  {1633,6,10,0,-8,6},
  {1663,7,8,0,-8,6},
  {1695,6,2,0,0,6},
  {1701,6,10,0,-10,6},
  {1731,7,6,0,-6,6},
  {1755,7,8,0,-8,6},
  {1787,6,6,0,-6,6},
  {1805,6,8,0,-8,6},
  {1829,6,6,0,-6,6},
  {1847,7,8,0,-8,6},
  {1879,7,9,0,-7,6},
  {1915,6,8,0,-8,6},
  {1939,7,9,0,-9,6},
  {1975,6,11,0,-9,6},
  {2008,7,8,0,-8,6},
  {2040,6,8,0,-8,6},
  {2064,7,6,0,-6,6},
  {2088,6,6,0,-6,6},
  {2106,6,6,0,-6,6},
  {2124,7,8,0,-6,6},
  {2156,6,8,0,-6,6},
  {2180,7,6,0,-6,6},
  {2204,6,6,0,-6,6},
  {2222,6,8,0,-8,6},
  {2246,6,6,0,-6,6},
  {2264,7,6,0,-6,6},
  {2288,7,6,0,-6,6},
  {2312,7,6,0,-6,6},
  {2336,7,8,0,-6,6},
  {2368,6,6,0,-6,6},
  {2386,6,10,0,-8,6},
  {2416,6,10,0,-8,6},
  {2446,6,10,0,-8,6},
  {2476,7,5,0,-5,6},
  {2496,6,4,0,-4,6},
  {2508,7,4,0,-4,6},
  {2524,7,2,0,-2,6},
  {2532,6,5,0,-5,6},
  {2547,7,9,0,-9,6},
  {2583,6,8,0,-8,6},
};
static const char sigf_18_ch[] = " !\"#$%&'()*+,-./0123456789:;<=>?@ABCDEFGHIJKLMNOPQRSTUVWXYZ[\\]^_`abcdefghijklmnopqrstuvwxyz{|}~·—…•→’";
static const uint8_t sigf_18_bmp[] = {
  0x00,0x5f,0x00,0x00,0x5f,0x00,0x00,0x4e,0x00,0x00,0x2c,0x00,0x00,0x09,0x00,0x00,0x00,0x00,0x00,0x7f,0x10,0x00,0x7f,0x10,0x05,0xc2,0xf0,0x05,0xc2,0xf0,0x05,0xc2,
  0xf0,0x01,0x30,0x40,0x00,0x00,0x00,0x00,0x00,0x00,0x00,0x00,0x00,0x00,0x00,0x00,0x00,0xa5,0x96,0x00,0x00,0xd2,0xb3,0x00,0x7f,0xf0,0xef,0x70,0x02,0xd1,0xe0,0x00,
  0x04,0xa4,0xc0,0x00,0xdf,0x86,0xff,0x00,0x09,0x59,0x70,0x00,0x0c,0x2c,0x40,0x00,0x00,0x0e,0x00,0x00,0x06,0xef,0xd5,0x00,0x2f,0x3d,0x48,0x00,0x3f,0x0d,0x00,0x00,
  0x0c,0xee,0x50,0x00,0x00,0x3e,0xcc,0x00,0x00,0x0d,0x1f,0x10,0x3b,0x2d,0x5e,0x00,0x09,0xef,0xc4,0x00,0x00,0x0e,0x00,0x00,0x4e,0xc1,0x0c,0x30,0xc3,0x97,0x69,0x00,
  0xc3,0x87,0xd1,0x00,0x4e,0xd1,0x00,0x00,0x00,0x05,0xfc,0x00,0x07,0x8d,0x2a,0x50,0x1d,0x0d,0x2a,0x50,0x96,0x05,0xfc,0x00,0x06,0xee,0x40,0x00,0x0f,0x34,0x60,0x00,
  0x0f,0x20,0x00,0x00,0x0a,0xc0,0x7f,0x40,0x5d,0xb9,0x86,0x00,0xb7,0x1d,0xe3,0x00,0xaa,0x07,0xf4,0x00,0x2c,0xf9,0x4e,0x10,0x00,0x4d,0x00,0x00,0x4d,0x00,0x00,0x4d,
  0x00,0x00,0x13,0x00,0x00,0x00,0x00,0x00,0x00,0x00,0x00,0x00,0x00,0x00,0x00,0x00,0x00,0x02,0xc2,0x00,0x0d,0x30,0x00,0x6a,0x00,0x00,0xb4,0x00,0x00,0xd3,0x00,0x00,
  0xd3,0x00,0x00,0xb4,0x00,0x00,0x6a,0x00,0x00,0x0d,0x30,0x00,0x03,0xc2,0x07,0xa0,0x00,0x00,0x97,0x00,0x00,0x1e,0x00,0x00,0x0b,0x40,0x00,0x09,0x60,0x00,0x09,0x60,
  0x00,0x0b,0x40,0x00,0x1e,0x00,0x00,0x97,0x00,0x07,0xa0,0x00,0x00,0x3d,0x00,0x00,0x23,0x3d,0x15,0x00,0x4c,0xff,0xfa,0x00,0x00,0xdf,0x60,0x00,0x08,0xb2,0xe2,0x00,
  0x02,0x10,0x30,0x00,0x00,0x02,0x00,0x00,0x3d,0x00,0x00,0x3d,0x00,0x5f,0xff,0xfe,0x00,0x3d,0x00,0x00,0x3d,0x00,0x00,0x02,0x00,0x00,0x6f,0x30,0x00,0x8e,0x00,0x00,
  0xb8,0x00,0x00,0xd3,0x00,0x05,0xff,0xf0,0x00,0x00,0x00,0x00,0x00,0x00,0x00,0x00,0x00,0x00,0x7f,0x10,0x00,0x7f,0x20,0x00,0x00,0x98,0x00,0x00,0xe2,0x00,0x04,0xc0,
  0x00,0x0a,0x60,0x00,0x1f,0x00,0x00,0x6a,0x00,0x00,0xc4,0x00,0x02,0xe0,0x00,0x08,0x80,0x00,0x0e,0x20,0x00,0x04,0xdf,0xb0,0x00,0x1f,0x51,0xa9,0x00,0x5d,0x00,0x4f,
  0x00,0x7c,0x4d,0x2f,0x00,0x7c,0x4d,0x2f,0x00,0x5d,0x00,0x4f,0x00,0x1f,0x41,0xa9,0x00,0x04,0xef,0xb1,0x00,0x01,0xef,0x50,0x00,0x0c,0xae,0x50,0x00,0x4c,0x0e,0x50,
  0x00,0x00,0x0e,0x50,0x00,0x00,0x0e,0x50,0x00,0x00,0x0e,0x50,0x00,0x00,0x0e,0x50,0x00,0x0f,0xff,0xff,0x30,0x07,0xef,0xb1,0x3f,0x31,0xc8,0x01,0x00,0x9a,0x00,0x00,
  0xd6,0x00,0x0b,0xb0,0x01,0xca,0x00,0x1d,0x90,0x00,0x5f,0xff,0xff,0x07,0xef,0xb1,0x1b,0x21,0xca,0x00,0x01,0xc7,0x00,0xdf,0xb0,0x00,0x01,0xc9,0x00,0x00,0x7d,0x4b,
  0x11,0xca,0x09,0xee,0xa1,0x00,0x0c,0xf2,0x00,0x00,0x6b,0xf2,0x00,0x01,0xe1,0xf2,0x00,0x0b,0x50,0xf2,0x00,0x5b,0x00,0xf2,0x00,0xaf,0xff,0xff,0x30,0x00,0x00,0xf2,
  0x00,0x00,0x00,0xf2,0x00,0x0d,0xff,0xfa,0x00,0x0e,0x10,0x00,0x00,0x0f,0x00,0x00,0x00,0x0f,0x8f,0xd3,0x00,0x08,0x30,0xad,0x00,0x00,0x00,0x4f,0x00,0x1c,0x30,0xab,
  0x00,0x07,0xef,0xb1,0x00,0x00,0x4e,0x60,0x00,0x03,0xe4,0x00,0x00,0x0c,0x70,0x00,0x00,0x2f,0xaf,0xd3,0x00,0x5f,0x40,0x9d,0x00,0x5d,0x00,0x3f,0x00,0x1f,0x40,0x9c,
  0x00,0x04,0xdf,0xb2,0x00,0x5f,0xff,0xff,0x5b,0x00,0x8c,0x00,0x00,0xe6,0x00,0x05,0xf0,0x00,0x0b,0x90,0x00,0x2f,0x20,0x00,0x8c,0x00,0x00,0xe5,0x00,0x07,0xef,0xc3,
  0x00,0x2f,0x30,0x9c,0x00,0x1f,0x30,0x9a,0x00,0x05,0xff,0xd1,0x00,0x3f,0x30,0x8c,0x00,0x7d,0x00,0x3f,0x00,0x4f,0x30,0x8d,0x00,0x07,0xef,0xc2,0x00,0x05,0xdf,0xa1,
  0x00,0x2f,0x30,0x9a,0x00,0x6d,0x00,0x4e,0x00,0x4f,0x30,0x9f,0x00,0x08,0xfe,0xbc,0x00,0x00,0x00,0xd6,0x00,0x00,0x0a,0xb0,0x00,0x01,0xbb,0x10,0x00,0x00,0x7f,0x10,
  0x00,0x7f,0x20,0x00,0x00,0x00,0x00,0x00,0x00,0x00,0x7f,0x10,0x00,0x7f,0x20,0x00,0x7f,0x10,0x00,0x7f,0x20,0x00,0x00,0x00,0x00,0x00,0x00,0x00,0x6f,0x30,0x00,0x8e,
  0x00,0x00,0xb8,0x00,0x00,0xd3,0x00,0x00,0x00,0x68,0x00,0x5d,0xa2,0x0d,0xb3,0x00,0x0d,0xb3,0x00,0x00,0x5d,0xb2,0x00,0x00,0x68,0x5f,0xff,0xfe,0x00,0x00,0x00,0x5f,
  0xff,0xfe,0x00,0x00,0x00,0x00,0x00,0x00,0x0b,0x30,0x00,0x06,0xda,0x20,0x00,0x06,0xd7,0x00,0x06,0xd7,0x05,0xda,0x20,0x0b,0x30,0x00,0x05,0xdf,0xb1,0x1e,0x41,0xc9,
  0x00,0x00,0xb9,0x00,0x5c,0xc1,0x00,0x8a,0x00,0x00,0x00,0x00,0x00,0xad,0x00,0x00,0xad,0x00,0x04,0xdf,0xb1,0x0e,0x40,0x7a,0x4b,0x2e,0xbd,0x69,0x78,0x3e,0x69,0x96,
  0x0e,0x69,0x87,0x1e,0x3b,0x2f,0xae,0x0e,0x61,0x00,0x03,0xcf,0xf0,0x00,0xaf,0x40,0x00,0x00,0xfc,0x80,0x00,0x03,0xe5,0xd0,0x00,0x08,0xa1,0xf1,0x00,0x0c,0x60,0xd6,
  0x00,0x1f,0xff,0xfa,0x00,0x5e,0x00,0x5f,0x00,0xa9,0x00,0x1f,0x30,0x1f,0xff,0xd3,0x00,0x1f,0x20,0xab,0x00,0x1f,0x20,0xa9,0x00,0x1f,0xff,0xd1,0x00,0x1f,0x20,0x8c,
  0x00,0x1f,0x20,0x3f,0x00,0x1f,0x20,0x8d,0x00,0x1f,0xff,0xd3,0x00,0x03,0xcf,0xc3,0x00,0x0d,0x80,0x8d,0x00,0x3f,0x00,0x01,0x00,0x4f,0x00,0x00,0x00,0x4f,0x00,0x00,
  0x00,0x3f,0x00,0x01,0x00,0x0d,0x80,0x8d,0x00,0x03,0xdf,0xc3,0x00,0x1f,0xff,0xa0,0x00,0x1f,0x21,0xc8,0x00,0x1f,0x20,0x5e,0x00,0x1f,0x20,0x3f,0x00,0x1f,0x20,0x3f,
  0x00,0x1f,0x20,0x5e,0x00,0x1f,0x21,0xc9,0x00,0x1f,0xff,0xb1,0x00,0x0f,0xff,0xfc,0x0f,0x20,0x00,0x0f,0x20,0x00,0x0f,0xff,0xfa,0x0f,0x20,0x00,0x0f,0x20,0x00,0x0f,
  0x20,0x00,0x0f,0xff,0xfc,0x0f,0xff,0xfe,0x0f,0x20,0x00,0x0f,0x20,0x00,0x0f,0xff,0xf8,0x0f,0x20,0x00,0x0f,0x20,0x00,0x0f,0x20,0x00,0x0f,0x20,0x00,0x04,0xdf,0xb1,
  0x0f,0x60,0xaa,0x5e,0x00,0x10,0x6d,0x00,0x00,0x7d,0x0c,0xfd,0x5e,0x00,0x4d,0x1f,0x60,0x9d,0x06,0xee,0x7d,0x3f,0x00,0x6d,0x3f,0x00,0x6d,0x3f,0x00,0x6d,0x3f,0xff,
  0xfd,0x3f,0x00,0x6d,0x3f,0x00,0x6d,0x3f,0x00,0x6d,0x3f,0x00,0x6d,0x2f,0xff,0xfb,0x00,0x5e,0x00,0x00,0x5e,0x00,0x00,0x5e,0x00,0x00,0x5e,0x00,0x00,0x5e,0x00,0x00,
  0x5e,0x00,0x2f,0xff,0xfb,0x07,0xff,0xf6,0x00,0x00,0xd6,0x00,0x00,0xd6,0x00,0x00,0xd6,0x00,0x00,0xd6,0x00,0x00,0xd6,0x2f,0x22,0xf4,0x07,0xee,0x80,0x2f,0x10,0x6e,
  0x10,0x2f,0x13,0xf4,0x00,0x2f,0x2d,0x70,0x00,0x2f,0xbf,0x00,0x00,0x2f,0xff,0x70,0x00,0x2f,0x57,0xf1,0x00,0x2f,0x10,0xda,0x00,0x2f,0x10,0x3f,0x30,0x0d,0x60,0x00,
  0x0d,0x60,0x00,0x0d,0x60,0x00,0x0d,0x60,0x00,0x0d,0x60,0x00,0x0d,0x60,0x00,0x0d,0x60,0x00,0x0d,0xff,0xfe,0x6f,0x40,0x9f,0x6f,0xa0,0xef,0x6b,0xd5,0xaf,0x6b,0x9e,
  0x4f,0x6b,0x3d,0x1f,0x6b,0x05,0x1f,0x6b,0x00,0x1f,0x6b,0x00,0x1f,0x3f,0x80,0x4d,0x3f,0xe0,0x4d,0x3e,0xc4,0x4d,0x3e,0x6a,0x4d,0x3e,0x1e,0x4d,0x3e,0x0a,0x9d,0x3e,
  0x05,0xfd,0x3e,0x00,0xed,0x04,0xdf,0xb0,0x00,0x1f,0x51,0xb9,0x00,0x5e,0x00,0x4f,0x00,0x7c,0x00,0x3f,0x00,0x7c,0x00,0x3f,0x00,0x5e,0x00,0x4f,0x00,0x1f,0x51,0xb9,
  0x00,0x04,0xef,0xb1,0x00,0x1f,0xff,0xd4,0x00,0x1f,0x20,0x7d,0x00,0x1f,0x20,0x4f,0x00,0x1f,0x20,0x7d,0x00,0x1f,0xff,0xd4,0x00,0x1f,0x20,0x00,0x00,0x1f,0x20,0x00,
  0x00,0x1f,0x20,0x00,0x00,0x04,0xdf,0xb0,0x00,0x0f,0x51,0xb9,0x00,0x5e,0x00,0x4f,0x00,0x7c,0x00,0x3f,0x00,0x7c,0x00,0x3f,0x10,0x5e,0x00,0x4f,0x00,0x1f,0x51,0xba,
  0x00,0x05,0xef,0xb1,0x00,0x00,0x3d,0x00,0x00,0x00,0x0d,0xf9,0x00,0x1f,0xff,0xd4,0x00,0x1f,0x20,0x7d,0x00,0x1f,0x20,0x3f,0x00,0x1f,0x20,0x7d,0x00,0x1f,0xff,0xd4,
  0x00,0x1f,0x28,0xb0,0x00,0x1f,0x21,0xf4,0x00,0x1f,0x20,0x7d,0x00,0x06,0xdf,0xd5,0x00,0x2f,0x40,0x58,0x00,0x3f,0x00,0x00,0x00,0x0c,0xe9,0x50,0x00,0x00,0x48,0xda,
  0x00,0x00,0x00,0x4f,0x00,0x4b,0x20,0x8d,0x00,0x09,0xef,0xc2,0x00,0xbf,0xff,0xff,0x50,0x00,0x5e,0x00,0x00,0x00,0x5e,0x00,0x00,0x00,0x5e,0x00,0x00,0x00,0x5e,0x00,
  0x00,0x00,0x5e,0x00,0x00,0x00,0x5e,0x00,0x00,0x00,0x5e,0x00,0x00,0x3f,0x00,0x6d,0x3f,0x00,0x6d,0x3f,0x00,0x6d,0x3f,0x00,0x6d,0x3f,0x00,0x6d,0x2f,0x00,0x6c,0x0f,
  0x50,0xb9,0x06,0xef,0xc1,0x9b,0x00,0x1f,0x30,0x5f,0x00,0x5e,0x00,0x0f,0x30,0x9a,0x00,0x0c,0x70,0xd6,0x00,0x08,0xb1,0xf1,0x00,0x03,0xf5,0xd0,0x00,0x00,0xfc,0x80,
  0x00,0x00,0xbf,0x40,0x00,0xb6,0x00,0x0b,0x40,0x97,0x00,0x0c,0x30,0x88,0x6f,0x0d,0x20,0x78,0x9d,0x3e,0x10,0x69,0xb8,0x6f,0x00,0x5a,0xd4,0x9f,0x00,0x4d,0xb2,0xde,
  0x00,0x3f,0x80,0xfd,0x00,0x5f,0x10,0x4e,0x10,0x0c,0x90,0xd7,0x00,0x03,0xf8,0xd0,0x00,0x00,0xbf,0x50,0x00,0x00,0xcf,0x60,0x00,0x05,0xe6,0xe0,0x00,0x0e,0x50,0xc8,
  0x00,0x8c,0x00,0x4f,0x20,0xab,0x00,0x1f,0x30,0x2f,0x20,0x8b,0x00,0x0a,0xa0,0xf4,0x00,0x02,0xf8,0xc0,0x00,0x00,0xaf,0x40,0x00,0x00,0x5e,0x00,0x00,0x00,0x5e,0x00,
  0x00,0x00,0x5e,0x00,0x00,0x5f,0xff,0xfe,0x00,0x00,0x00,0xc9,0x00,0x00,0x07,0xe0,0x00,0x00,0x2f,0x40,0x00,0x00,0xc9,0x00,0x00,0x07,0xd0,0x00,0x00,0x3f,0x30,0x00,
  0x00,0x7f,0xff,0xff,0x10,0x00,0xbf,0xf9,0x00,0xb4,0x00,0x00,0xb4,0x00,0x00,0xb4,0x00,0x00,0xb4,0x00,0x00,0xb4,0x00,0x00,0xb4,0x00,0x00,0xb4,0x00,0x00,0xb4,0x00,
  0x00,0xbf,0xf9,0x0e,0x20,0x00,0x08,0x80,0x00,0x02,0xe0,0x00,0x00,0xc4,0x00,0x00,0x6a,0x00,0x00,0x1f,0x00,0x00,0x0a,0x60,0x00,0x04,0xc0,0x00,0x00,0xe2,0x00,0x00,
  0x98,0x0f,0xff,0x50,0x00,0x0a,0x50,0x00,0x0a,0x50,0x00,0x0a,0x50,0x00,0x0a,0x50,0x00,0x0a,0x50,0x00,0x0a,0x50,0x00,0x0a,0x50,0x00,0x0a,0x50,0x0f,0xff,0x50,0x00,
  0x9f,0x30,0x00,0x02,0xe8,0xb0,0x00,0x0a,0x70,0xe4,0x00,0x2e,0x00,0x6c,0x00,0x35,0x00,0x08,0x00,0x00,0x00,0x00,0x00,0x00,0x00,0x00,0x00,0x00,0x00,0x00,0x00,0x00,
  0x00,0x00,0x5f,0xff,0xff,0x00,0x20,0x00,0x00,0xd5,0x00,0x00,0x3a,0x00,0x00,0x00,0x00,0x00,0x00,0x00,0x00,0x00,0x00,0x00,0x00,0x00,0x00,0x00,0x00,0x00,0x00,0x00,
  0x00,0x00,0x00,0x07,0xef,0x90,0x00,0x08,0x22,0xf5,0x00,0x00,0x00,0xc6,0x00,0x0a,0xff,0xf7,0x00,0x4f,0x21,0xd7,0x00,0x0b,0xfc,0x7f,0x20,0x2f,0x10,0x00,0x00,0x2f,
  0x10,0x00,0x00,0x2f,0x6f,0xd3,0x00,0x2f,0x50,0x9c,0x00,0x2f,0x10,0x3f,0x00,0x2f,0x10,0x3f,0x00,0x2f,0x50,0x9c,0x00,0x2f,0x6f,0xd3,0x00,0x02,0xcf,0xc2,0x0d,0x70,
  0x75,0x1f,0x10,0x00,0x1f,0x10,0x00,0x0d,0x70,0x77,0x02,0xcf,0xc2,0x00,0x00,0x7b,0x00,0x00,0x7b,0x07,0xec,0x8b,0x2f,0x40,0xbb,0x6d,0x00,0x7b,0x6d,0x00,0x7b,0x2f,
  0x40,0xbb,0x08,0xfc,0x8b,0x03,0xdf,0xb1,0x0e,0x31,0x8a,0x4f,0xff,0xfe,0x4e,0x00,0x00,0x1e,0x60,0x77,0x04,0xdf,0xc2,0x00,0x1d,0xff,0x00,0x00,0x5e,0x00,0x00,0x4f,
  0xff,0xff,0x00,0x00,0x5e,0x00,0x00,0x00,0x5e,0x00,0x00,0x00,0x5e,0x00,0x00,0x00,0x5e,0x00,0x00,0x2f,0xff,0xfc,0x00,0x00,0x00,0x7f,0x10,0x05,0xdf,0xd1,0x00,0x0f,
  0x40,0xc7,0x00,0x0e,0x40,0xc6,0x00,0x05,0xff,0xa0,0x00,0x0e,0x20,0x00,0x00,0x0a,0xff,0xfb,0x00,0x4d,0x00,0x2f,0x30,0x1b,0xff,0xe9,0x00,0x1f,0x20,0x00,0x1f,0x20,
  0x00,0x1f,0x4e,0xd2,0x1f,0x20,0xb9,0x1f,0x20,0x7b,0x1f,0x20,0x7b,0x1f,0x20,0x7b,0x1f,0x20,0x7b,0x00,0x1f,0x50,0x00,0x00,0x1f,0x50,0x00,0x00,0x00,0x00,0x00,0x0e,
  0xff,0x40,0x00,0x00,0x0f,0x40,0x00,0x00,0x0f,0x40,0x00,0x00,0x0f,0x40,0x00,0x00,0x0f,0x40,0x00,0x0e,0xff,0xff,0x10,0x00,0x07,0xd0,0x00,0x07,0xd0,0x00,0x00,0x00,
  0x0f,0xff,0xc0,0x00,0x06,0xc0,0x00,0x06,0xc0,0x00,0x06,0xc0,0x00,0x06,0xc0,0x00,0x06,0xc0,0x00,0x06,0xc0,0x0e,0xff,0x60,0x0f,0x20,0x00,0x00,0x0f,0x20,0x00,0x00,
  0x0f,0x20,0xba,0x00,0x0f,0x3b,0xa0,0x00,0x0f,0xcf,0x10,0x00,0x0f,0x8b,0x90,0x00,0x0f,0x22,0xf5,0x00,0x0f,0x20,0x6e,0x10,0x2f,0xfe,0x00,0x00,0x4e,0x00,0x00,0x4e,
  0x00,0x00,0x4e,0x00,0x00,0x4e,0x00,0x00,0x4e,0x00,0x00,0x4e,0x00,0x2f,0xff,0xfc,0x8a,0xe7,0xdb,0x00,0x8a,0x5e,0x1f,0x10,0x88,0x3d,0x0e,0x10,0x88,0x3d,0x0e,0x10,
  0x88,0x3d,0x0e,0x10,0x88,0x3d,0x0e,0x10,0x1f,0x4e,0xd2,0x1f,0x20,0xb9,0x1f,0x20,0x7b,0x1f,0x20,0x7b,0x1f,0x20,0x7b,0x1f,0x20,0x7b,0x04,0xdf,0xa1,0x1f,0x40,0xaa,
  0x5e,0x00,0x4e,0x5e,0x00,0x4e,0x1f,0x40,0xaa,0x04,0xdf,0xb1,0x2f,0x6f,0xd3,0x00,0x2f,0x50,0x9c,0x00,0x2f,0x10,0x3f,0x00,0x2f,0x10,0x3f,0x00,0x2f,0x50,0x9c,0x00,
  0x2f,0x6f,0xd3,0x00,0x2f,0x10,0x00,0x00,0x2f,0x10,0x00,0x00,0x07,0xec,0x8b,0x2f,0x40,0xbb,0x6d,0x00,0x7b,0x6d,0x00,0x7b,0x2f,0x40,0xbb,0x08,0xfc,0x8b,0x00,0x00,
  0x7b,0x00,0x00,0x7b,0x2f,0xf8,0x9f,0x20,0x00,0xaa,0x20,0x00,0x00,0xa9,0x00,0x00,0x00,0xa8,0x00,0x00,0x00,0xa8,0x00,0x00,0x2f,0xff,0xf9,0x00,0x05,0xdf,0xc3,0x0f,
  0x50,0x43,0x0c,0xd9,0x50,0x00,0x69,0xd9,0x19,0x20,0x8b,0x08,0xef,0xc2,0x00,0xb6,0x00,0x00,0xc6,0x00,0x9f,0xff,0xfd,0x00,0xd6,0x00,0x00,0xd6,0x00,0x00,0xd6,0x00,
  0x00,0xc6,0x00,0x00,0x6f,0xfd,0x2f,0x10,0x8a,0x2f,0x10,0x8a,0x2f,0x10,0x8a,0x1f,0x10,0x8a,0x0f,0x50,0xba,0x07,0xfd,0xaa,0x4e,0x00,0x4e,0x00,0x0e,0x30,0x99,0x00,
  0x0a,0x80,0xe3,0x00,0x04,0xd3,0xe0,0x00,0x00,0xe9,0x80,0x00,0x00,0x9f,0x30,0x00,0xb4,0x5f,0x0a,0x40,0x96,0x8d,0x2c,0x20,0x78,0xa8,0x5e,0x00,0x5a,0xb4,0x7e,0x00,
  0x3c,0xb2,0xcc,0x00,0x0f,0x90,0xfa,0x00,0x2f,0x40,0x9a,0x00,0x06,0xe5,0xe1,0x00,0x00,0xbf,0x40,0x00,0x00,0xcf,0x60,0x00,0x07,0xc4,0xf2,0x00,0x2f,0x20,0x9c,0x00,
  0x6d,0x00,0x3e,0x00,0x0e,0x30,0x99,0x00,0x09,0x90,0xe2,0x00,0x02,0xe5,0xc0,0x00,0x00,0xce,0x50,0x00,0x00,0x6e,0x00,0x00,0x00,0x99,0x00,0x00,0x2f,0xd1,0x00,0x00,
  0x0f,0xff,0xfa,0x00,0x03,0xe4,0x00,0x2e,0x60,0x01,0xd8,0x00,0x0c,0xa0,0x00,0x2f,0xff,0xfc,0x00,0x6f,0xf8,0x00,0x87,0x00,0x00,0x2b,0x00,0x00,0x0b,0x50,0x0e,0xfb,
  0x00,0x00,0x0c,0x40,0x00,0x0d,0x20,0x00,0x79,0x00,0x00,0x87,0x00,0x00,0x5f,0xf8,0x00,0x3d,0x00,0x00,0x3d,0x00,0x00,0x3d,0x00,0x00,0x3d,0x00,0x00,0x3d,0x00,0x00,
  0x3d,0x00,0x00,0x3d,0x00,0x00,0x3d,0x00,0x00,0x3d,0x00,0x00,0x3d,0x00,0x0e,0xfe,0x10,0x00,0x0d,0x20,0x00,0x3b,0x00,0x00,0xb6,0x00,0x00,0x4e,0xf8,0x00,0xb6,0x00,
  0x00,0x88,0x00,0x00,0x0e,0x00,0x00,0x0d,0x20,0x0e,0xfd,0x00,0x0a,0xe2,0x0c,0x00,0x3b,0x4d,0x2c,0x00,0x57,0x08,0xe4,0x00,0x00,0x00,0x00,0x00,0x00,0x00,0x00,0x00,
  0x00,0x7f,0x10,0x00,0x7f,0x20,0x00,0x00,0x00,0x00,0x00,0x00,0xff,0xff,0xff,0x90,0x00,0x00,0x00,0x00,0x00,0x00,0x00,0x00,0x00,0x00,0x00,0x00,0x7b,0x4d,0x3e,0x10,
  0x7b,0x5d,0x3e,0x10,0x00,0xcf,0x70,0x02,0xff,0xc0,0x00,0xcf,0x70,0x00,0x00,0x00,0x00,0x00,0x00,0xaf,0xff,0xff,0x40,0xa3,0x00,0x09,0x40,0xa3,0x00,0x09,0x40,0xa3,
  0x00,0x09,0x40,0xa3,0x00,0x09,0x40,0xa3,0x00,0x09,0x40,0xa3,0x00,0x09,0x40,0xa3,0x00,0x09,0x40,0xaf,0xff,0xff,0x40,0x00,0x3f,0x60,0x00,0x5e,0x00,0x00,0x88,0x00,
  0x00,0x21,0x00,0x00,0x00,0x00,0x00,0x00,0x00,0x00,0x00,0x00,0x00,0x00,0x00,
};
const sig_font_t sigf_18 = { 1, 500, 10.5f, 11, 3, 0, 101, sigf_18_ch, sigf_18_gl, sigf_18_bmp, 2607 };
// --- mono 500 normal 11px  (101 glyphs, 3012 bytes)
static const sig_glyph_t sigf_19_gl[] = {
  {0,0,0,0,0,7},
  {0,7,8,0,-8,7},
  {32,7,8,0,-8,7},
  {64,7,8,0,-8,7},
  {96,7,10,0,-9,7},
  {136,7,8,0,-8,7},
  {168,7,8,0,-8,7},
  {200,7,8,0,-8,7},
  {232,7,10,0,-8,7},
  {272,7,10,0,-8,7},
  {312,7,6,0,-6,7},
  {336,7,7,0,-7,7},
  {364,7,4,0,-2,7},
  {380,7,4,0,-4,7},
  {396,7,2,0,-2,7},
  {404,7,10,0,-8,7},
  {444,7,8,0,-8,7},
  {476,7,8,0,-8,7},
  {508,7,8,0,-8,7},
  {540,7,8,0,-8,7},
  {572,7,8,0,-8,7},
  {604,7,8,0,-8,7},
  {636,7,8,0,-8,7},
  {668,7,8,0,-8,7},
  {700,7,8,0,-8,7},
  {732,7,8,0,-8,7},
  {764,7,6,0,-6,7},
  {788,7,8,0,-6,7},
  {820,7,6,0,-6,7},
  {844,7,5,0,-5,7},
  {864,7,6,0,-6,7},
  {888,7,8,0,-8,7},
  {920,7,9,0,-8,7},
  {956,7,8,0,-8,7},
  {988,7,8,0,-8,7},
  {1020,7,8,0,-8,7},
  {1052,7,8,0,-8,7},
  {1084,7,8,0,-8,7},
  {1116,7,8,0,-8,7},
  {1148,7,8,0,-8,7},
  {1180,7,8,0,-8,7},
  {1212,7,8,0,-8,7},
  {1244,7,8,0,-8,7},
  {1276,7,8,0,-8,7},
  {1308,7,8,0,-8,7},
  {1340,7,8,0,-8,7},
  {1372,7,8,0,-8,7},
  {1404,7,8,0,-8,7},
  {1436,7,8,0,-8,7},
  {1468,7,10,0,-8,7},
  {1508,7,8,0,-8,7},
  {1540,7,8,0,-8,7},
  {1572,7,8,0,-8,7},
  {1604,7,8,0,-8,7},
  {1636,7,8,0,-8,7},
  {1668,7,8,0,-8,7},
  {1700,7,8,0,-8,7},
  {1732,7,8,0,-8,7},
  {1764,7,8,0,-8,7},
  {1796,7,10,0,-8,7},
  {1836,7,10,0,-8,7},
  {1876,7,10,0,-8,7},
  {1916,7,8,0,-8,7},
  {1948,7,2,0,0,7},
  {1956,7,10,0,-10,7},
  {1996,7,6,0,-6,7},
  {2020,7,8,0,-8,7},
  {2052,7,6,0,-6,7},
  {2076,7,8,0,-8,7},
  {2108,7,6,0,-6,7},
  {2132,7,8,0,-8,7},
  {2164,7,9,0,-7,7},
  {2200,7,8,0,-8,7},
  {2232,7,9,0,-9,7},
  {2268,7,11,0,-9,7},
  {2312,7,8,0,-8,7},
  {2344,7,8,0,-8,7},
  {2376,7,6,0,-6,7},
  {2400,7,6,0,-6,7},
  {2424,7,6,0,-6,7},
  {2448,7,8,0,-6,7},
  {2480,7,8,0,-6,7},
  {2512,7,6,0,-6,7},
  {2536,7,6,0,-6,7},
  {2560,7,8,0,-8,7},
  {2592,7,6,0,-6,7},
  {2616,7,6,0,-6,7},
  {2640,7,6,0,-6,7},
  {2664,7,6,0,-6,7},
  {2688,7,8,0,-6,7},
  {2720,7,6,0,-6,7},
  {2744,7,10,0,-8,7},
  {2784,7,10,0,-8,7},
  {2824,7,10,0,-8,7},
  {2864,7,5,0,-5,7},
  {2884,7,4,0,-4,7},
  {2900,7,4,0,-4,7},
  {2916,7,2,0,-2,7},
  {2924,7,5,0,-5,7},
  {2944,7,9,0,-9,7},
  {2980,7,8,0,-8,7},
};
static const char sigf_19_ch[] = " !\"#$%&'()*+,-./0123456789:;<=>?@ABCDEFGHIJKLMNOPQRSTUVWXYZ[\\]^_`abcdefghijklmnopqrstuvwxyz{|}~·—…•→’";
static const uint8_t sigf_19_bmp[] = {
  0x00,0x5f,0x00,0x00,0x00,0x5f,0x00,0x00,0x00,0x4e,0x00,0x00,0x00,0x2c,0x00,0x00,0x00,0x09,0x00,0x00,0x00,0x00,0x00,0x00,0x00,0x7f,0x10,0x00,0x00,0x7f,0x10,0x00,
  0x05,0xc2,0xf0,0x00,0x05,0xc2,0xf0,0x00,0x05,0xc2,0xf0,0x00,0x01,0x30,0x40,0x00,0x00,0x00,0x00,0x00,0x00,0x00,0x00,0x00,0x00,0x00,0x00,0x00,0x00,0x00,0x00,0x00,
  0x00,0xa5,0x96,0x00,0x00,0xd2,0xb3,0x00,0x7f,0xf0,0xef,0x70,0x02,0xd1,0xe0,0x00,0x04,0xa4,0xc0,0x00,0xdf,0x86,0xff,0x00,0x09,0x59,0x70,0x00,0x0c,0x2c,0x40,0x00,
  0x00,0x0e,0x00,0x00,0x06,0xef,0xd5,0x00,0x2f,0x3d,0x48,0x00,0x3f,0x0d,0x00,0x00,0x0c,0xee,0x50,0x00,0x00,0x3e,0xcc,0x00,0x00,0x0d,0x1f,0x10,0x3b,0x2d,0x5e,0x00,
  0x09,0xef,0xc4,0x00,0x00,0x0e,0x00,0x00,0x4e,0xc1,0x0c,0x30,0xc3,0x97,0x69,0x00,0xc3,0x87,0xd1,0x00,0x4e,0xd1,0x00,0x00,0x00,0x05,0xfc,0x00,0x07,0x8d,0x2a,0x50,
  0x1d,0x0d,0x2a,0x50,0x96,0x05,0xfc,0x00,0x06,0xee,0x40,0x00,0x0f,0x34,0x60,0x00,0x0f,0x20,0x00,0x00,0x0a,0xc0,0x7f,0x40,0x5d,0xb9,0x86,0x00,0xb7,0x1d,0xe3,0x00,
  0xaa,0x07,0xf4,0x00,0x2c,0xf9,0x4e,0x10,0x00,0x4d,0x00,0x00,0x00,0x4d,0x00,0x00,0x00,0x4d,0x00,0x00,0x00,0x13,0x00,0x00,0x00,0x00,0x00,0x00,0x00,0x00,0x00,0x00,
  0x00,0x00,0x00,0x00,0x00,0x00,0x00,0x00,0x00,0x02,0xc2,0x00,0x00,0x0d,0x30,0x00,0x00,0x6a,0x00,0x00,0x00,0xb4,0x00,0x00,0x00,0xd3,0x00,0x00,0x00,0xd3,0x00,0x00,
  0x00,0xb4,0x00,0x00,0x00,0x6a,0x00,0x00,0x00,0x0d,0x30,0x00,0x00,0x03,0xc2,0x00,0x07,0xa0,0x00,0x00,0x00,0x97,0x00,0x00,0x00,0x1e,0x00,0x00,0x00,0x0b,0x40,0x00,
  0x00,0x09,0x60,0x00,0x00,0x09,0x60,0x00,0x00,0x0b,0x40,0x00,0x00,0x1e,0x00,0x00,0x00,0x97,0x00,0x00,0x07,0xa0,0x00,0x00,0x00,0x3d,0x00,0x00,0x23,0x3d,0x15,0x00,
  0x4c,0xff,0xfa,0x00,0x00,0xdf,0x60,0x00,0x08,0xb2,0xe2,0x00,0x02,0x10,0x30,0x00,0x00,0x02,0x00,0x00,0x00,0x3d,0x00,0x00,0x00,0x3d,0x00,0x00,0x5f,0xff,0xfe,0x00,
  0x00,0x3d,0x00,0x00,0x00,0x3d,0x00,0x00,0x00,0x02,0x00,0x00,0x00,0x6f,0x30,0x00,0x00,0x8e,0x00,0x00,0x00,0xb8,0x00,0x00,0x00,0xd3,0x00,0x00,0x05,0xff,0xf0,0x00,
  0x00,0x00,0x00,0x00,0x00,0x00,0x00,0x00,0x00,0x00,0x00,0x00,0x00,0x7f,0x10,0x00,0x00,0x7f,0x20,0x00,0x00,0x00,0x98,0x00,0x00,0x00,0xe2,0x00,0x00,0x04,0xc0,0x00,
  0x00,0x0a,0x60,0x00,0x00,0x1f,0x00,0x00,0x00,0x6a,0x00,0x00,0x00,0xc4,0x00,0x00,0x02,0xe0,0x00,0x00,0x08,0x80,0x00,0x00,0x0e,0x20,0x00,0x00,0x04,0xdf,0xb0,0x00,
  0x1f,0x51,0xa9,0x00,0x5d,0x00,0x4f,0x00,0x7c,0x4d,0x2f,0x00,0x7c,0x4d,0x2f,0x00,0x5d,0x00,0x4f,0x00,0x1f,0x41,0xa9,0x00,0x04,0xef,0xb1,0x00,0x01,0xef,0x50,0x00,
  0x0c,0xae,0x50,0x00,0x4c,0x0e,0x50,0x00,0x00,0x0e,0x50,0x00,0x00,0x0e,0x50,0x00,0x00,0x0e,0x50,0x00,0x00,0x0e,0x50,0x00,0x0f,0xff,0xff,0x30,0x07,0xef,0xb1,0x00,
  0x3f,0x31,0xc8,0x00,0x01,0x00,0x9a,0x00,0x00,0x00,0xd6,0x00,0x00,0x0b,0xb0,0x00,0x01,0xca,0x00,0x00,0x1d,0x90,0x00,0x00,0x5f,0xff,0xff,0x00,0x07,0xef,0xb1,0x00,
  0x1b,0x21,0xca,0x00,0x00,0x01,0xc7,0x00,0x00,0xdf,0xb0,0x00,0x00,0x01,0xc9,0x00,0x00,0x00,0x7d,0x00,0x4b,0x11,0xca,0x00,0x09,0xee,0xa1,0x00,0x00,0x0c,0xf2,0x00,
  0x00,0x6b,0xf2,0x00,0x01,0xe1,0xf2,0x00,0x0b,0x50,0xf2,0x00,0x5b,0x00,0xf2,0x00,0xaf,0xff,0xff,0x30,0x00,0x00,0xf2,0x00,0x00,0x00,0xf2,0x00,0x0d,0xff,0xfa,0x00,
  0x0e,0x10,0x00,0x00,0x0f,0x00,0x00,0x00,0x0f,0x8f,0xd3,0x00,0x08,0x30,0xad,0x00,0x00,0x00,0x4f,0x00,0x1c,0x30,0xab,0x00,0x07,0xef,0xb1,0x00,0x00,0x4e,0x60,0x00,
  0x03,0xe4,0x00,0x00,0x0c,0x70,0x00,0x00,0x2f,0xaf,0xd3,0x00,0x5f,0x40,0x9d,0x00,0x5d,0x00,0x3f,0x00,0x1f,0x40,0x9c,0x00,0x04,0xdf,0xb2,0x00,0x5f,0xff,0xff,0x00,
  0x5b,0x00,0x8c,0x00,0x00,0x00,0xe6,0x00,0x00,0x05,0xf0,0x00,0x00,0x0b,0x90,0x00,0x00,0x2f,0x20,0x00,0x00,0x8c,0x00,0x00,0x00,0xe5,0x00,0x00,0x07,0xef,0xc3,0x00,
  0x2f,0x30,0x9c,0x00,0x1f,0x30,0x9a,0x00,0x05,0xff,0xd1,0x00,0x3f,0x30,0x8c,0x00,0x7d,0x00,0x3f,0x00,0x4f,0x30,0x8d,0x00,0x07,0xef,0xc2,0x00,0x05,0xdf,0xa1,0x00,
  0x2f,0x30,0x9a,0x00,0x6d,0x00,0x4e,0x00,0x4f,0x30,0x9f,0x00,0x08,0xfe,0xbc,0x00,0x00,0x00,0xd6,0x00,0x00,0x0a,0xb0,0x00,0x01,0xbb,0x10,0x00,0x00,0x7f,0x10,0x00,
  0x00,0x7f,0x20,0x00,0x00,0x00,0x00,0x00,0x00,0x00,0x00,0x00,0x00,0x7f,0x10,0x00,0x00,0x7f,0x20,0x00,0x00,0x7f,0x10,0x00,0x00,0x7f,0x20,0x00,0x00,0x00,0x00,0x00,
  0x00,0x00,0x00,0x00,0x00,0x6f,0x30,0x00,0x00,0x8e,0x00,0x00,0x00,0xb8,0x00,0x00,0x00,0xd3,0x00,0x00,0x00,0x00,0x68,0x00,0x00,0x5d,0xa2,0x00,0x0d,0xb3,0x00,0x00,
  0x0d,0xb3,0x00,0x00,0x00,0x5d,0xb2,0x00,0x00,0x00,0x68,0x00,0x5f,0xff,0xfe,0x00,0x00,0x00,0x00,0x00,0x5f,0xff,0xfe,0x00,0x00,0x00,0x00,0x00,0x00,0x00,0x00,0x00,
  0x0b,0x30,0x00,0x00,0x06,0xda,0x20,0x00,0x00,0x06,0xd7,0x00,0x00,0x06,0xd7,0x00,0x05,0xda,0x20,0x00,0x0b,0x30,0x00,0x00,0x05,0xdf,0xb1,0x00,0x1e,0x41,0xc9,0x00,
  0x00,0x00,0xb9,0x00,0x00,0x5c,0xc1,0x00,0x00,0x8a,0x00,0x00,0x00,0x00,0x00,0x00,0x00,0xad,0x00,0x00,0x00,0xad,0x00,0x00,0x04,0xdf,0xb1,0x00,0x0e,0x40,0x7a,0x00,
  0x4b,0x2e,0xbd,0x00,0x69,0x78,0x3e,0x00,0x69,0x96,0x0e,0x00,0x69,0x87,0x1e,0x00,0x3b,0x2f,0xae,0x00,0x0e,0x61,0x00,0x00,0x03,0xcf,0xf0,0x00,0x00,0xaf,0x40,0x00,
  0x00,0xfc,0x80,0x00,0x03,0xe5,0xd0,0x00,0x08,0xa1,0xf1,0x00,0x0c,0x60,0xd6,0x00,0x1f,0xff,0xfa,0x00,0x5e,0x00,0x5f,0x00,0xa9,0x00,0x1f,0x30,0x1f,0xff,0xd3,0x00,
  0x1f,0x20,0xab,0x00,0x1f,0x20,0xa9,0x00,0x1f,0xff,0xd1,0x00,0x1f,0x20,0x8c,0x00,0x1f,0x20,0x3f,0x00,0x1f,0x20,0x8d,0x00,0x1f,0xff,0xd3,0x00,0x03,0xcf,0xc3,0x00,
  0x0d,0x80,0x8d,0x00,0x3f,0x00,0x01,0x00,0x4f,0x00,0x00,0x00,0x4f,0x00,0x00,0x00,0x3f,0x00,0x01,0x00,0x0d,0x80,0x8d,0x00,0x03,0xdf,0xc3,0x00,0x1f,0xff,0xa0,0x00,
  0x1f,0x21,0xc8,0x00,0x1f,0x20,0x5e,0x00,0x1f,0x20,0x3f,0x00,0x1f,0x20,0x3f,0x00,0x1f,0x20,0x5e,0x00,0x1f,0x21,0xc9,0x00,0x1f,0xff,0xb1,0x00,0x0f,0xff,0xfc,0x00,
  0x0f,0x20,0x00,0x00,0x0f,0x20,0x00,0x00,0x0f,0xff,0xfa,0x00,0x0f,0x20,0x00,0x00,0x0f,0x20,0x00,0x00,0x0f,0x20,0x00,0x00,0x0f,0xff,0xfc,0x00,0x0f,0xff,0xfe,0x00,
  0x0f,0x20,0x00,0x00,0x0f,0x20,0x00,0x00,0x0f,0xff,0xf8,0x00,0x0f,0x20,0x00,0x00,0x0f,0x20,0x00,0x00,0x0f,0x20,0x00,0x00,0x0f,0x20,0x00,0x00,0x04,0xdf,0xb1,0x00,
  0x0f,0x60,0xaa,0x00,0x5e,0x00,0x10,0x00,0x6d,0x00,0x00,0x00,0x7d,0x0c,0xfd,0x00,0x5e,0x00,0x4d,0x00,0x1f,0x60,0x9d,0x00,0x06,0xee,0x7d,0x00,0x3f,0x00,0x6d,0x00,
  0x3f,0x00,0x6d,0x00,0x3f,0x00,0x6d,0x00,0x3f,0xff,0xfd,0x00,0x3f,0x00,0x6d,0x00,0x3f,0x00,0x6d,0x00,0x3f,0x00,0x6d,0x00,0x3f,0x00,0x6d,0x00,0x2f,0xff,0xfb,0x00,
  0x00,0x5e,0x00,0x00,0x00,0x5e,0x00,0x00,0x00,0x5e,0x00,0x00,0x00,0x5e,0x00,0x00,0x00,0x5e,0x00,0x00,0x00,0x5e,0x00,0x00,0x2f,0xff,0xfb,0x00,0x07,0xff,0xf6,0x00,
  0x00,0x00,0xd6,0x00,0x00,0x00,0xd6,0x00,0x00,0x00,0xd6,0x00,0x00,0x00,0xd6,0x00,0x00,0x00,0xd6,0x00,0x2f,0x22,0xf4,0x00,0x07,0xee,0x80,0x00,0x2f,0x10,0x6e,0x10,
  0x2f,0x13,0xf4,0x00,0x2f,0x2d,0x70,0x00,0x2f,0xbf,0x00,0x00,0x2f,0xff,0x70,0x00,0x2f,0x57,0xf1,0x00,0x2f,0x10,0xda,0x00,0x2f,0x10,0x3f,0x30,0x0d,0x60,0x00,0x00,
  0x0d,0x60,0x00,0x00,0x0d,0x60,0x00,0x00,0x0d,0x60,0x00,0x00,0x0d,0x60,0x00,0x00,0x0d,0x60,0x00,0x00,0x0d,0x60,0x00,0x00,0x0d,0xff,0xfe,0x00,0x6f,0x40,0x9f,0x00,
  0x6f,0xa0,0xef,0x00,0x6b,0xd5,0xaf,0x00,0x6b,0x9e,0x4f,0x00,0x6b,0x3d,0x1f,0x00,0x6b,0x05,0x1f,0x00,0x6b,0x00,0x1f,0x00,0x6b,0x00,0x1f,0x00,0x3f,0x80,0x4d,0x00,
  0x3f,0xe0,0x4d,0x00,0x3e,0xc4,0x4d,0x00,0x3e,0x6a,0x4d,0x00,0x3e,0x1e,0x4d,0x00,0x3e,0x0a,0x9d,0x00,0x3e,0x05,0xfd,0x00,0x3e,0x00,0xed,0x00,0x04,0xdf,0xb0,0x00,
  0x1f,0x51,0xb9,0x00,0x5e,0x00,0x4f,0x00,0x7c,0x00,0x3f,0x00,0x7c,0x00,0x3f,0x00,0x5e,0x00,0x4f,0x00,0x1f,0x51,0xb9,0x00,0x04,0xef,0xb1,0x00,0x1f,0xff,0xd4,0x00,
  0x1f,0x20,0x7d,0x00,0x1f,0x20,0x4f,0x00,0x1f,0x20,0x7d,0x00,0x1f,0xff,0xd4,0x00,0x1f,0x20,0x00,0x00,0x1f,0x20,0x00,0x00,0x1f,0x20,0x00,0x00,0x04,0xdf,0xb0,0x00,
  0x0f,0x51,0xb9,0x00,0x5e,0x00,0x4f,0x00,0x7c,0x00,0x3f,0x00,0x7c,0x00,0x3f,0x10,0x5e,0x00,0x4f,0x00,0x1f,0x51,0xba,0x00,0x05,0xef,0xb1,0x00,0x00,0x3d,0x00,0x00,
  0x00,0x0d,0xf9,0x00,0x1f,0xff,0xd4,0x00,0x1f,0x20,0x7d,0x00,0x1f,0x20,0x3f,0x00,0x1f,0x20,0x7d,0x00,0x1f,0xff,0xd4,0x00,0x1f,0x28,0xb0,0x00,0x1f,0x21,0xf4,0x00,
  0x1f,0x20,0x7d,0x00,0x06,0xdf,0xd5,0x00,0x2f,0x40,0x58,0x00,0x3f,0x00,0x00,0x00,0x0c,0xe9,0x50,0x00,0x00,0x48,0xda,0x00,0x00,0x00,0x4f,0x00,0x4b,0x20,0x8d,0x00,
  0x09,0xef,0xc2,0x00,0xbf,0xff,0xff,0x50,0x00,0x5e,0x00,0x00,0x00,0x5e,0x00,0x00,0x00,0x5e,0x00,0x00,0x00,0x5e,0x00,0x00,0x00,0x5e,0x00,0x00,0x00,0x5e,0x00,0x00,
  0x00,0x5e,0x00,0x00,0x3f,0x00,0x6d,0x00,0x3f,0x00,0x6d,0x00,0x3f,0x00,0x6d,0x00,0x3f,0x00,0x6d,0x00,0x3f,0x00,0x6d,0x00,0x2f,0x00,0x6c,0x00,0x0f,0x50,0xb9,0x00,
  0x06,0xef,0xc1,0x00,0x9b,0x00,0x1f,0x30,0x5f,0x00,0x5e,0x00,0x0f,0x30,0x9a,0x00,0x0c,0x70,0xd6,0x00,0x08,0xb1,0xf1,0x00,0x03,0xf5,0xd0,0x00,0x00,0xfc,0x80,0x00,
  0x00,0xbf,0x40,0x00,0xb6,0x00,0x0b,0x40,0x97,0x00,0x0c,0x30,0x88,0x6f,0x0d,0x20,0x78,0x9d,0x3e,0x10,0x69,0xb8,0x6f,0x00,0x5a,0xd4,0x9f,0x00,0x4d,0xb2,0xde,0x00,
  0x3f,0x80,0xfd,0x00,0x5f,0x10,0x4e,0x10,0x0c,0x90,0xd7,0x00,0x03,0xf8,0xd0,0x00,0x00,0xbf,0x50,0x00,0x00,0xcf,0x60,0x00,0x05,0xe6,0xe0,0x00,0x0e,0x50,0xc8,0x00,
  0x8c,0x00,0x4f,0x20,0xab,0x00,0x1f,0x30,0x2f,0x20,0x8b,0x00,0x0a,0xa0,0xf4,0x00,0x02,0xf8,0xc0,0x00,0x00,0xaf,0x40,0x00,0x00,0x5e,0x00,0x00,0x00,0x5e,0x00,0x00,
  0x00,0x5e,0x00,0x00,0x5f,0xff,0xfe,0x00,0x00,0x00,0xc9,0x00,0x00,0x07,0xe0,0x00,0x00,0x2f,0x40,0x00,0x00,0xc9,0x00,0x00,0x07,0xd0,0x00,0x00,0x3f,0x30,0x00,0x00,
  0x7f,0xff,0xff,0x10,0x00,0xbf,0xf9,0x00,0x00,0xb4,0x00,0x00,0x00,0xb4,0x00,0x00,0x00,0xb4,0x00,0x00,0x00,0xb4,0x00,0x00,0x00,0xb4,0x00,0x00,0x00,0xb4,0x00,0x00,
  0x00,0xb4,0x00,0x00,0x00,0xb4,0x00,0x00,0x00,0xbf,0xf9,0x00,0x0e,0x20,0x00,0x00,0x08,0x80,0x00,0x00,0x02,0xe0,0x00,0x00,0x00,0xc4,0x00,0x00,0x00,0x6a,0x00,0x00,
  0x00,0x1f,0x00,0x00,0x00,0x0a,0x60,0x00,0x00,0x04,0xc0,0x00,0x00,0x00,0xe2,0x00,0x00,0x00,0x98,0x00,0x0f,0xff,0x50,0x00,0x00,0x0a,0x50,0x00,0x00,0x0a,0x50,0x00,
  0x00,0x0a,0x50,0x00,0x00,0x0a,0x50,0x00,0x00,0x0a,0x50,0x00,0x00,0x0a,0x50,0x00,0x00,0x0a,0x50,0x00,0x00,0x0a,0x50,0x00,0x0f,0xff,0x50,0x00,0x00,0x9f,0x30,0x00,
  0x02,0xe8,0xb0,0x00,0x0a,0x70,0xe4,0x00,0x2e,0x00,0x6c,0x00,0x35,0x00,0x08,0x00,0x00,0x00,0x00,0x00,0x00,0x00,0x00,0x00,0x00,0x00,0x00,0x00,0x00,0x00,0x00,0x00,
  0x5f,0xff,0xff,0x00,0x00,0x20,0x00,0x00,0x00,0xd5,0x00,0x00,0x00,0x3a,0x00,0x00,0x00,0x00,0x00,0x00,0x00,0x00,0x00,0x00,0x00,0x00,0x00,0x00,0x00,0x00,0x00,0x00,
  0x00,0x00,0x00,0x00,0x00,0x00,0x00,0x00,0x00,0x00,0x00,0x00,0x07,0xef,0x90,0x00,0x08,0x22,0xf5,0x00,0x00,0x00,0xc6,0x00,0x0a,0xff,0xf7,0x00,0x4f,0x21,0xd7,0x00,
  0x0b,0xfc,0x7f,0x20,0x2f,0x10,0x00,0x00,0x2f,0x10,0x00,0x00,0x2f,0x6f,0xd3,0x00,0x2f,0x50,0x9c,0x00,0x2f,0x10,0x3f,0x00,0x2f,0x10,0x3f,0x00,0x2f,0x50,0x9c,0x00,
  0x2f,0x6f,0xd3,0x00,0x02,0xcf,0xc2,0x00,0x0d,0x70,0x75,0x00,0x1f,0x10,0x00,0x00,0x1f,0x10,0x00,0x00,0x0d,0x70,0x77,0x00,0x02,0xcf,0xc2,0x00,0x00,0x00,0x7b,0x00,
  0x00,0x00,0x7b,0x00,0x07,0xec,0x8b,0x00,0x2f,0x40,0xbb,0x00,0x6d,0x00,0x7b,0x00,0x6d,0x00,0x7b,0x00,0x2f,0x40,0xbb,0x00,0x08,0xfc,0x8b,0x00,0x03,0xdf,0xb1,0x00,
  0x0e,0x31,0x8a,0x00,0x4f,0xff,0xfe,0x00,0x4e,0x00,0x00,0x00,0x1e,0x60,0x77,0x00,0x04,0xdf,0xc2,0x00,0x00,0x1d,0xff,0x00,0x00,0x5e,0x00,0x00,0x4f,0xff,0xff,0x00,
  0x00,0x5e,0x00,0x00,0x00,0x5e,0x00,0x00,0x00,0x5e,0x00,0x00,0x00,0x5e,0x00,0x00,0x2f,0xff,0xfc,0x00,0x00,0x00,0x7f,0x10,0x05,0xdf,0xd1,0x00,0x0f,0x40,0xc7,0x00,
  0x0e,0x40,0xc6,0x00,0x05,0xff,0xa0,0x00,0x0e,0x20,0x00,0x00,0x0a,0xff,0xfb,0x00,0x4d,0x00,0x2f,0x30,0x1b,0xff,0xe9,0x00,0x1f,0x20,0x00,0x00,0x1f,0x20,0x00,0x00,
  0x1f,0x4e,0xd2,0x00,0x1f,0x20,0xb9,0x00,0x1f,0x20,0x7b,0x00,0x1f,0x20,0x7b,0x00,0x1f,0x20,0x7b,0x00,0x1f,0x20,0x7b,0x00,0x00,0x1f,0x50,0x00,0x00,0x1f,0x50,0x00,
  0x00,0x00,0x00,0x00,0x0e,0xff,0x40,0x00,0x00,0x0f,0x40,0x00,0x00,0x0f,0x40,0x00,0x00,0x0f,0x40,0x00,0x00,0x0f,0x40,0x00,0x0e,0xff,0xff,0x10,0x00,0x07,0xd0,0x00,
  0x00,0x07,0xd0,0x00,0x00,0x00,0x00,0x00,0x0f,0xff,0xc0,0x00,0x00,0x06,0xc0,0x00,0x00,0x06,0xc0,0x00,0x00,0x06,0xc0,0x00,0x00,0x06,0xc0,0x00,0x00,0x06,0xc0,0x00,
  0x00,0x06,0xc0,0x00,0x0e,0xff,0x60,0x00,0x0f,0x20,0x00,0x00,0x0f,0x20,0x00,0x00,0x0f,0x20,0xba,0x00,0x0f,0x3b,0xa0,0x00,0x0f,0xcf,0x10,0x00,0x0f,0x8b,0x90,0x00,
  0x0f,0x22,0xf5,0x00,0x0f,0x20,0x6e,0x10,0x2f,0xfe,0x00,0x00,0x00,0x4e,0x00,0x00,0x00,0x4e,0x00,0x00,0x00,0x4e,0x00,0x00,0x00,0x4e,0x00,0x00,0x00,0x4e,0x00,0x00,
  0x00,0x4e,0x00,0x00,0x2f,0xff,0xfc,0x00,0x8a,0xe7,0xdb,0x00,0x8a,0x5e,0x1f,0x10,0x88,0x3d,0x0e,0x10,0x88,0x3d,0x0e,0x10,0x88,0x3d,0x0e,0x10,0x88,0x3d,0x0e,0x10,
  0x1f,0x4e,0xd2,0x00,0x1f,0x20,0xb9,0x00,0x1f,0x20,0x7b,0x00,0x1f,0x20,0x7b,0x00,0x1f,0x20,0x7b,0x00,0x1f,0x20,0x7b,0x00,0x04,0xdf,0xa1,0x00,0x1f,0x40,0xaa,0x00,
  0x5e,0x00,0x4e,0x00,0x5e,0x00,0x4e,0x00,0x1f,0x40,0xaa,0x00,0x04,0xdf,0xb1,0x00,0x2f,0x6f,0xd3,0x00,0x2f,0x50,0x9c,0x00,0x2f,0x10,0x3f,0x00,0x2f,0x10,0x3f,0x00,
  0x2f,0x50,0x9c,0x00,0x2f,0x6f,0xd3,0x00,0x2f,0x10,0x00,0x00,0x2f,0x10,0x00,0x00,0x07,0xec,0x8b,0x00,0x2f,0x40,0xbb,0x00,0x6d,0x00,0x7b,0x00,0x6d,0x00,0x7b,0x00,
  0x2f,0x40,0xbb,0x00,0x08,0xfc,0x8b,0x00,0x00,0x00,0x7b,0x00,0x00,0x00,0x7b,0x00,0x2f,0xf8,0x9f,0x20,0x00,0xaa,0x20,0x00,0x00,0xa9,0x00,0x00,0x00,0xa8,0x00,0x00,
  0x00,0xa8,0x00,0x00,0x2f,0xff,0xf9,0x00,0x05,0xdf,0xc3,0x00,0x0f,0x50,0x43,0x00,0x0c,0xd9,0x50,0x00,0x00,0x69,0xd9,0x00,0x19,0x20,0x8b,0x00,0x08,0xef,0xc2,0x00,
  0x00,0xb6,0x00,0x00,0x00,0xc6,0x00,0x00,0x9f,0xff,0xfd,0x00,0x00,0xd6,0x00,0x00,0x00,0xd6,0x00,0x00,0x00,0xd6,0x00,0x00,0x00,0xc6,0x00,0x00,0x00,0x6f,0xfd,0x00,
  0x2f,0x10,0x8a,0x00,0x2f,0x10,0x8a,0x00,0x2f,0x10,0x8a,0x00,0x1f,0x10,0x8a,0x00,0x0f,0x50,0xba,0x00,0x07,0xfd,0xaa,0x00,0x4e,0x00,0x4e,0x00,0x0e,0x30,0x99,0x00,
  0x0a,0x80,0xe3,0x00,0x04,0xd3,0xe0,0x00,0x00,0xe9,0x80,0x00,0x00,0x9f,0x30,0x00,0xb4,0x5f,0x0a,0x40,0x96,0x8d,0x2c,0x20,0x78,0xa8,0x5e,0x00,0x5a,0xb4,0x7e,0x00,
  0x3c,0xb2,0xcc,0x00,0x0f,0x90,0xfa,0x00,0x2f,0x40,0x9a,0x00,0x06,0xe5,0xe1,0x00,0x00,0xbf,0x40,0x00,0x00,0xcf,0x60,0x00,0x07,0xc4,0xf2,0x00,0x2f,0x20,0x9c,0x00,
  0x6d,0x00,0x3e,0x00,0x0e,0x30,0x99,0x00,0x09,0x90,0xe2,0x00,0x02,0xe5,0xc0,0x00,0x00,0xce,0x50,0x00,0x00,0x6e,0x00,0x00,0x00,0x99,0x00,0x00,0x2f,0xd1,0x00,0x00,
  0x0f,0xff,0xfa,0x00,0x00,0x03,0xe4,0x00,0x00,0x2e,0x60,0x00,0x01,0xd8,0x00,0x00,0x0c,0xa0,0x00,0x00,0x2f,0xff,0xfc,0x00,0x00,0x6f,0xf8,0x00,0x00,0x87,0x00,0x00,
  0x00,0x2b,0x00,0x00,0x00,0x0b,0x50,0x00,0x0e,0xfb,0x00,0x00,0x00,0x0c,0x40,0x00,0x00,0x0d,0x20,0x00,0x00,0x79,0x00,0x00,0x00,0x87,0x00,0x00,0x00,0x5f,0xf8,0x00,
  0x00,0x3d,0x00,0x00,0x00,0x3d,0x00,0x00,0x00,0x3d,0x00,0x00,0x00,0x3d,0x00,0x00,0x00,0x3d,0x00,0x00,0x00,0x3d,0x00,0x00,0x00,0x3d,0x00,0x00,0x00,0x3d,0x00,0x00,
  0x00,0x3d,0x00,0x00,0x00,0x3d,0x00,0x00,0x0e,0xfe,0x10,0x00,0x00,0x0d,0x20,0x00,0x00,0x3b,0x00,0x00,0x00,0xb6,0x00,0x00,0x00,0x4e,0xf8,0x00,0x00,0xb6,0x00,0x00,
  0x00,0x88,0x00,0x00,0x00,0x0e,0x00,0x00,0x00,0x0d,0x20,0x00,0x0e,0xfd,0x00,0x00,0x0a,0xe2,0x0c,0x00,0x3b,0x4d,0x2c,0x00,0x57,0x08,0xe4,0x00,0x00,0x00,0x00,0x00,
  0x00,0x00,0x00,0x00,0x00,0x7f,0x10,0x00,0x00,0x7f,0x20,0x00,0x00,0x00,0x00,0x00,0x00,0x00,0x00,0x00,0xff,0xff,0xff,0x90,0x00,0x00,0x00,0x00,0x00,0x00,0x00,0x00,
  0x00,0x00,0x00,0x00,0x7b,0x4d,0x3e,0x10,0x7b,0x5d,0x3e,0x10,0x00,0xcf,0x70,0x00,0x02,0xff,0xc0,0x00,0x00,0xcf,0x70,0x00,0x00,0x00,0x00,0x00,0x00,0x00,0x00,0x00,
  0xaf,0xff,0xff,0x40,0xa3,0x00,0x09,0x40,0xa3,0x00,0x09,0x40,0xa3,0x00,0x09,0x40,0xa3,0x00,0x09,0x40,0xa3,0x00,0x09,0x40,0xa3,0x00,0x09,0x40,0xa3,0x00,0x09,0x40,
  0xaf,0xff,0xff,0x40,0x00,0x3f,0x60,0x00,0x00,0x5e,0x00,0x00,0x00,0x88,0x00,0x00,0x00,0x21,0x00,0x00,0x00,0x00,0x00,0x00,0x00,0x00,0x00,0x00,0x00,0x00,0x00,0x00,
  0x00,0x00,0x00,0x00,
};
const sig_font_t sigf_19 = { 1, 500, 11.0f, 12, 4, 0, 101, sigf_19_ch, sigf_19_gl, sigf_19_bmp, 3012 };
// --- mono 500 normal 12px  (41 glyphs, 1220 bytes)
static const sig_glyph_t sigf_20_gl[] = {
  {0,0,0,0,0,7},
  {0,7,8,0,-8,7},
  {32,7,8,0,-8,7},
  {64,7,8,0,-8,7},
  {96,7,8,0,-8,7},
  {128,7,8,0,-8,7},
  {160,7,8,0,-8,7},
  {192,7,8,0,-8,7},
  {224,7,8,0,-8,7},
  {256,7,8,0,-8,7},
  {288,7,8,0,-8,7},
  {320,8,8,0,-8,7},
  {352,7,8,0,-8,7},
  {384,7,8,0,-8,7},
  {416,7,8,0,-8,7},
  {448,7,8,0,-8,7},
  {480,7,8,0,-8,7},
  {512,7,10,0,-8,7},
  {552,7,8,0,-8,7},
  {584,7,8,0,-8,7},
  {616,7,8,0,-8,7},
  {648,7,8,0,-8,7},
  {680,7,8,0,-8,7},
  {712,7,8,0,-8,7},
  {744,7,8,0,-8,7},
  {776,8,8,0,-8,7},
  {808,7,8,0,-8,7},
  {840,7,8,0,-8,7},
  {872,7,8,0,-8,7},
  {904,7,8,0,-8,7},
  {936,7,8,0,-8,7},
  {968,7,8,0,-8,7},
  {1000,7,8,0,-8,7},
  {1032,7,8,0,-8,7},
  {1064,7,8,0,-8,7},
  {1096,7,8,0,-8,7},
  {1128,7,8,0,-8,7},
  {1160,7,2,0,-2,7},
  {1168,7,5,0,-5,7},
  {1188,7,2,0,-2,7},
  {1196,7,6,0,-6,7},
};
static const char sigf_20_ch[] = " ABCDEFGHIJKLMNOPQRSTUVWXYZ0123456789.·.:";
static const uint8_t sigf_20_bmp[] = {
  0x00,0x7f,0xa0,0x00,0x00,0xcd,0xf0,0x00,0x01,0xf4,0xf4,0x00,0x06,0xe0,0xc9,0x00,0x0b,0xa0,0x7e,0x00,0x0f,0xff,0xff,0x30,0x4f,0x10,0x0e,0x80,0x9c,0x00,0x09,0xd0,
  0x0f,0xff,0xe8,0x00,0x0f,0x50,0x4f,0x30,0x0f,0x50,0x4f,0x10,0x0f,0xff,0xf6,0x00,0x0f,0x50,0x2f,0x50,0x0f,0x50,0x0c,0x80,0x0f,0x50,0x2f,0x50,0x0f,0xff,0xf9,0x00,
  0x01,0xbf,0xe8,0x00,0x0b,0xb1,0x3f,0x50,0x1f,0x30,0x03,0x00,0x3f,0x20,0x00,0x00,0x3f,0x20,0x00,0x00,0x1f,0x30,0x03,0x00,0x0b,0xb1,0x3f,0x50,0x02,0xbf,0xe8,0x00,
  0x0f,0xff,0xd5,0x00,0x0f,0x50,0x7f,0x10,0x0f,0x50,0x0e,0x70,0x0f,0x50,0x0c,0x90,0x0f,0x50,0x0c,0x90,0x0f,0x50,0x0e,0x70,0x0f,0x50,0x6f,0x10,0x0f,0xff,0xd5,0x00,
  0x0f,0xff,0xff,0x40,0x0f,0x60,0x00,0x00,0x0f,0x60,0x00,0x00,0x0f,0xff,0xff,0x20,0x0f,0x60,0x00,0x00,0x0f,0x60,0x00,0x00,0x0f,0x60,0x00,0x00,0x0f,0xff,0xff,0x40,
  0x0f,0xff,0xff,0x60,0x0f,0x60,0x00,0x00,0x0f,0x60,0x00,0x00,0x0f,0xff,0xff,0x00,0x0f,0x60,0x00,0x00,0x0f,0x60,0x00,0x00,0x0f,0x60,0x00,0x00,0x0f,0x60,0x00,0x00,
  0x03,0xcf,0xd5,0x00,0x0d,0x90,0x5f,0x20,0x4f,0x10,0x03,0x00,0x6f,0x00,0x00,0x00,0x6f,0x07,0xff,0x60,0x4f,0x10,0x0d,0x60,0x0e,0x90,0x4f,0x60,0x04,0xef,0x8d,0x60,
  0x2f,0x30,0x0f,0x50,0x2f,0x30,0x0f,0x50,0x2f,0x30,0x0f,0x50,0x2f,0xff,0xff,0x50,0x2f,0x30,0x0f,0x50,0x2f,0x30,0x0f,0x50,0x2f,0x30,0x0f,0x50,0x2f,0x30,0x0f,0x50,
  0x0f,0xff,0xff,0x30,0x00,0x1f,0x40,0x00,0x00,0x1f,0x40,0x00,0x00,0x1f,0x40,0x00,0x00,0x1f,0x40,0x00,0x00,0x1f,0x40,0x00,0x00,0x1f,0x40,0x00,0x0f,0xff,0xff,0x30,
  0x05,0xff,0xfe,0x00,0x00,0x00,0x6e,0x00,0x00,0x00,0x6e,0x00,0x00,0x00,0x6e,0x00,0x00,0x00,0x6e,0x00,0x01,0x00,0x6e,0x00,0x2f,0x60,0xbb,0x00,0x06,0xef,0xb2,0x00,
  0x1f,0x40,0x1e,0x80,0x1f,0x40,0xcb,0x00,0x1f,0x4a,0xd1,0x00,0x1f,0xaf,0x60,0x00,0x1f,0xfd,0xd0,0x00,0x1f,0x82,0xf8,0x00,0x1f,0x40,0x7f,0x20,0x1f,0x40,0x0c,0xb0,
  0x0b,0xa0,0x00,0x00,0x0b,0xa0,0x00,0x00,0x0b,0xa0,0x00,0x00,0x0b,0xa0,0x00,0x00,0x0b,0xa0,0x00,0x00,0x0b,0xa0,0x00,0x00,0x0b,0xa0,0x00,0x00,0x0b,0xff,0xff,0x70,
  0x5f,0x80,0x3f,0x80,0x5f,0xe0,0xaf,0x80,0x5d,0xd6,0xeb,0x80,0x5d,0x6f,0x9a,0x80,0x5d,0x0f,0x3a,0x80,0x5d,0x06,0x0a,0x80,0x5d,0x00,0x0a,0x80,0x5d,0x00,0x0a,0x80,
  0x2f,0xc0,0x0d,0x50,0x2f,0xf3,0x0d,0x50,0x2f,0xa9,0x0d,0x50,0x2f,0x4f,0x0d,0x50,0x2f,0x0d,0x6d,0x50,0x2f,0x06,0xdd,0x50,0x2f,0x00,0xff,0x50,0x2f,0x00,0x9f,0x50,
  0x02,0xcf,0xd4,0x00,0x0e,0x80,0x5f,0x20,0x4f,0x00,0x0d,0x70,0x6f,0x00,0x0c,0x90,0x6f,0x00,0x0c,0x90,0x4f,0x00,0x0d,0x70,0x0e,0x80,0x5f,0x20,0x03,0xcf,0xd4,0x00,
  0x0f,0xff,0xf9,0x00,0x0f,0x50,0x2f,0x60,0x0f,0x50,0x0d,0x80,0x0f,0x50,0x2f,0x60,0x0f,0xff,0xfa,0x00,0x0f,0x50,0x00,0x00,0x0f,0x50,0x00,0x00,0x0f,0x50,0x00,0x00,
  0x02,0xcf,0xd4,0x00,0x0e,0x80,0x5f,0x20,0x4f,0x00,0x0d,0x70,0x6f,0x00,0x0c,0x90,0x6f,0x00,0x0c,0x90,0x4f,0x00,0x0d,0x70,0x0e,0x80,0x5f,0x20,0x03,0xdf,0xe5,0x00,
  0x00,0x0f,0x30,0x00,0x00,0x09,0xff,0x10,0x0f,0xff,0xf9,0x00,0x0f,0x50,0x2f,0x60,0x0f,0x50,0x0c,0x80,0x0f,0x50,0x2f,0x60,0x0f,0xff,0xf9,0x00,0x0f,0x54,0xf2,0x00,
  0x0f,0x50,0xac,0x00,0x0f,0x50,0x1f,0x60,0x05,0xdf,0xe9,0x10,0x1f,0x70,0x2b,0x20,0x2f,0x30,0x00,0x00,0x0b,0xfa,0x72,0x00,0x00,0x37,0xbf,0x30,0x00,0x00,0x0d,0x80,
  0x3d,0x30,0x3f,0x50,0x08,0xef,0xd7,0x00,0xbf,0xff,0xff,0xe0,0x00,0x1f,0x40,0x00,0x00,0x1f,0x40,0x00,0x00,0x1f,0x40,0x00,0x00,0x1f,0x40,0x00,0x00,0x1f,0x40,0x00,
  0x00,0x1f,0x40,0x00,0x00,0x1f,0x40,0x00,0x2f,0x20,0x0f,0x60,0x2f,0x20,0x0f,0x60,0x2f,0x20,0x0f,0x60,0x2f,0x20,0x0f,0x60,0x2f,0x20,0x0f,0x50,0x1f,0x30,0x0f,0x40,
  0x0e,0x80,0x5f,0x10,0x04,0xdf,0xe6,0x00,0x8e,0x00,0x0a,0xc0,0x4f,0x20,0x0e,0x70,0x0f,0x70,0x3f,0x20,0x0a,0xb0,0x7d,0x00,0x06,0xf0,0xb9,0x00,0x01,0xf4,0xf4,0x00,
  0x00,0xcd,0xf0,0x00,0x00,0x7f,0xa0,0x00,0xa8,0x00,0x04,0xd0,0x99,0x00,0x05,0xc0,0x8a,0x2f,0x66,0xb0,0x7b,0x5e,0x97,0xa0,0x5c,0x98,0xc8,0x80,0x4d,0xc2,0xea,0x70,
  0x3e,0xe0,0xce,0x60,0x2f,0xc0,0x9f,0x50,0x4f,0x30,0x0d,0x80,0x0a,0xc0,0x7d,0x00,0x01,0xf8,0xf4,0x00,0x00,0x6f,0xa0,0x00,0x00,0x9f,0xd0,0x00,0x03,0xf4,0xf7,0x00,
  0x0d,0x90,0x7f,0x10,0x7e,0x00,0x0d,0xa0,0x9d,0x00,0x0a,0xc0,0x1f,0x60,0x2f,0x40,0x08,0xd0,0xac,0x00,0x01,0xf7,0xf3,0x00,0x00,0x8f,0xb0,0x00,0x00,0x1f,0x40,0x00,
  0x00,0x1f,0x40,0x00,0x00,0x1f,0x40,0x00,0x4f,0xff,0xff,0x70,0x00,0x00,0x6f,0x20,0x00,0x02,0xf6,0x00,0x00,0x0d,0xa0,0x00,0x00,0x9d,0x00,0x00,0x05,0xf3,0x00,0x00,
  0x2f,0x60,0x00,0x00,0x6f,0xff,0xff,0xa0,0x02,0xcf,0xd4,0x00,0x0e,0x80,0x5f,0x20,0x4f,0x00,0x0c,0x70,0x6e,0x1e,0x3b,0x90,0x6e,0x1e,0x3b,0x90,0x4f,0x00,0x0c,0x70,
  0x0e,0x70,0x5f,0x20,0x03,0xcf,0xd4,0x00,0x00,0xcf,0xc0,0x00,0x0b,0xda,0xc0,0x00,0x3d,0x19,0xc0,0x00,0x00,0x09,0xc0,0x00,0x00,0x09,0xc0,0x00,0x00,0x09,0xc0,0x00,
  0x00,0x09,0xc0,0x00,0x0f,0xff,0xff,0xc0,0x05,0xdf,0xd5,0x00,0x2f,0x50,0x7f,0x10,0x02,0x00,0x3f,0x30,0x00,0x00,0x8e,0x00,0x00,0x06,0xe3,0x00,0x00,0x9d,0x20,0x00,
  0x1c,0xb1,0x00,0x00,0x4f,0xff,0xff,0x80,0x06,0xdf,0xd6,0x00,0x0c,0x40,0x6f,0x20,0x00,0x00,0x6e,0x10,0x00,0x9f,0xe4,0x00,0x00,0x00,0x7f,0x10,0x00,0x00,0x0f,0x50,
  0x4d,0x30,0x7f,0x20,0x08,0xef,0xd4,0x00,0x00,0x07,0xfa,0x00,0x00,0x3e,0xca,0x00,0x00,0xd5,0xaa,0x00,0x09,0x90,0xaa,0x00,0x4d,0x00,0xaa,0x00,0xaf,0xff,0xff,0xc0,
  0x00,0x00,0xaa,0x00,0x00,0x00,0xaa,0x00,0x0b,0xff,0xff,0x20,0x0c,0x40,0x00,0x00,0x0d,0x30,0x00,0x00,0x0e,0x7e,0xe8,0x00,0x09,0x50,0x4f,0x50,0x00,0x00,0x0e,0x80,
  0x1d,0x50,0x4f,0x40,0x06,0xdf,0xd6,0x00,0x00,0x2d,0xb1,0x00,0x01,0xe9,0x00,0x00,0x0a,0xb0,0x00,0x00,0x2f,0x9e,0xe9,0x00,0x5f,0x60,0x3f,0x60,0x4f,0x00,0x0d,0x80,
  0x0e,0x60,0x3f,0x40,0x03,0xcf,0xd6,0x00,0x4f,0xff,0xff,0x70,0x4e,0x00,0x1f,0x50,0x00,0x00,0x8d,0x00,0x00,0x00,0xe6,0x00,0x00,0x06,0xf0,0x00,0x00,0x0d,0x80,0x00,
  0x00,0x4f,0x20,0x00,0x00,0xba,0x00,0x00,0x06,0xdf,0xe8,0x00,0x1f,0x60,0x3f,0x40,0x0e,0x60,0x3f,0x20,0x03,0xff,0xf6,0x00,0x2f,0x50,0x3f,0x50,0x6f,0x00,0x0c,0x90,
  0x3f,0x50,0x3f,0x60,0x05,0xdf,0xd7,0x00,0x04,0xcf,0xd5,0x00,0x2f,0x60,0x4f,0x20,0x5f,0x00,0x0d,0x70,0x3f,0x60,0x4f,0x80,0x07,0xef,0x9f,0x50,0x00,0x00,0x8d,0x00,
  0x00,0x05,0xf3,0x00,0x00,0x8e,0x40,0x00,0x00,0x4f,0x70,0x00,0x00,0x4f,0x70,0x00,0x00,0x4f,0x70,0x00,0x00,0x4f,0x70,0x00,0x00,0x00,0x00,0x00,0x00,0x00,0x00,0x00,
  0x00,0x00,0x00,0x00,0x00,0x4f,0x70,0x00,0x00,0x4f,0x70,0x00,0x00,0x4f,0x70,0x00,0x00,0x4f,0x70,0x00,0x00,0x00,0x00,0x00,0x00,0x00,0x00,0x00,0x00,0x4f,0x70,0x00,
  0x00,0x4f,0x70,0x00,
};
const sig_font_t sigf_20 = { 1, 500, 12.0f, 13, 4, 0, 41, sigf_20_ch, sigf_20_gl, sigf_20_bmp, 1220 };
// --- mono 500 normal 13px  (15 glyphs, 504 bytes)
static const sig_glyph_t sigf_21_gl[] = {
  {0,8,9,0,-9,8},
  {36,8,9,0,-9,8},
  {72,8,9,0,-9,8},
  {108,8,9,0,-9,8},
  {144,8,9,0,-9,8},
  {180,8,9,0,-9,8},
  {216,8,9,0,-9,8},
  {252,8,9,0,-9,8},
  {288,8,9,0,-9,8},
  {324,8,9,0,-9,8},
  {360,8,7,0,-7,8},
  {388,8,9,0,-9,8},
  {424,8,4,0,-4,8},
  {440,8,7,0,-7,8},
  {468,8,9,0,-9,8},
};
static const char sigf_21_ch[] = "0123456789:%-:%";
static const uint8_t sigf_21_bmp[] = {
  0x01,0xbf,0xe9,0x00,0x0c,0xb1,0x2d,0x90,0x2f,0x30,0x06,0xf0,0x5f,0x1c,0x94,0xf2,0x6f,0x1c,0x94,0xf3,0x5f,0x10,0x04,0xf2,0x2f,0x30,0x06,0xf0,0x0c,0xb1,0x2d,0x80,
  0x01,0xbf,0xe9,0x00,0x00,0x9f,0xf2,0x00,0x08,0xf8,0xf2,0x00,0x3f,0x55,0xf2,0x00,0x03,0x05,0xf2,0x00,0x00,0x05,0xf2,0x00,0x00,0x05,0xf2,0x00,0x00,0x05,0xf2,0x00,
  0x00,0x05,0xf2,0x00,0x0d,0xff,0xff,0xf5,0x04,0xcf,0xe8,0x00,0x1f,0x90,0x3f,0x70,0x04,0x00,0x0c,0xb0,0x00,0x00,0x0e,0x90,0x00,0x00,0x8e,0x10,0x00,0x08,0xe2,0x00,
  0x00,0xbd,0x10,0x00,0x1d,0xd1,0x00,0x00,0x3f,0xff,0xff,0xf1,0x05,0xcf,0xe9,0x00,0x0c,0x70,0x3f,0x80,0x00,0x00,0x0c,0xb0,0x00,0x00,0x4f,0x50,0x00,0x6f,0xf8,0x00,
  0x00,0x00,0x3e,0x90,0x00,0x00,0x0a,0xe0,0x3f,0x50,0x2e,0xa0,0x07,0xdf,0xe9,0x00,0x00,0x02,0xff,0x10,0x00,0x0c,0xcf,0x10,0x00,0x7d,0x5f,0x10,0x02,0xf3,0x4f,0x10,
  0x0c,0x90,0x4f,0x10,0x6e,0x00,0x4f,0x10,0x9f,0xff,0xff,0xf6,0x00,0x00,0x4f,0x10,0x00,0x00,0x4f,0x10,0x09,0xff,0xff,0xa0,0x0b,0x70,0x00,0x00,0x0c,0x60,0x00,0x00,
  0x0d,0x7d,0xfb,0x10,0x08,0x71,0x2d,0xc0,0x00,0x00,0x07,0xf0,0x00,0x00,0x07,0xf0,0x0e,0x80,0x2d,0xa0,0x05,0xcf,0xe9,0x00,0x00,0x09,0xe4,0x00,0x00,0xac,0x10,0x00,
  0x06,0xd1,0x00,0x00,0x0d,0xad,0xfb,0x20,0x3f,0xb1,0x2d,0xc0,0x4f,0x30,0x06,0xf1,0x2f,0x30,0x06,0xf0,0x0c,0xb1,0x2d,0xa0,0x01,0xae,0xe9,0x00,0x3f,0xff,0xff,0xf0,
  0x3f,0x00,0x0a,0xe0,0x3f,0x00,0x1f,0x70,0x00,0x00,0x7f,0x10,0x00,0x00,0xea,0x00,0x00,0x05,0xf3,0x00,0x00,0x0c,0xc0,0x00,0x00,0x2f,0x60,0x00,0x00,0x9e,0x00,0x00,
  0x03,0xcf,0xea,0x10,0x0e,0xa1,0x1c,0xb0,0x1f,0x50,0x08,0xd0,0x0b,0xa1,0x1c,0x80,0x02,0xdf,0xfc,0x00,0x1e,0x80,0x1b,0xc0,0x5f,0x20,0x05,0xf2,0x2f,0x80,0x1b,0xe0,
  0x04,0xcf,0xeb,0x20,0x02,0xbe,0xe8,0x00,0x0d,0xa1,0x2d,0x90,0x3f,0x30,0x07,0xf0,0x4f,0x30,0x07,0xf1,0x1f,0xa1,0x2d,0xf0,0x04,0xdf,0xcb,0xa0,0x00,0x00,0x2f,0x30,
  0x00,0x02,0xe7,0x00,0x00,0x6f,0x70,0x00,0x00,0x1e,0xd0,0x00,0x00,0x1e,0xd0,0x00,0x00,0x00,0x00,0x00,0x00,0x00,0x00,0x00,0x00,0x00,0x00,0x00,0x00,0x1e,0xd0,0x00,
  0x00,0x1e,0xd0,0x00,0x2d,0xe6,0x00,0xd5,0xa8,0x2f,0x08,0xa0,0xc4,0x0f,0x5e,0x00,0xa8,0x2f,0x00,0x00,0x2d,0xe6,0x9f,0xb0,0x00,0x02,0xe1,0xb7,0x02,0xe6,0xb0,0x79,
  0x0d,0x52,0xe1,0xb7,0x8a,0x00,0x9f,0xb0,0x01,0xff,0xfd,0x00,0x00,0x00,0x00,0x00,0x00,0x00,0x00,0x00,0x00,0x00,0x00,0x00,0x00,0x1e,0xd0,0x00,0x00,0x1e,0xd0,0x00,
  0x00,0x00,0x00,0x00,0x00,0x00,0x00,0x00,0x00,0x00,0x00,0x00,0x00,0x1e,0xd0,0x00,0x00,0x1e,0xd0,0x00,0x2d,0xe6,0x00,0xd5,0xa8,0x2f,0x08,0xa0,0xc4,0x0f,0x5e,0x00,
  0xa8,0x2f,0x00,0x00,0x2d,0xe6,0x9f,0xb0,0x00,0x02,0xe1,0xb7,0x02,0xe6,0xb0,0x79,0x0d,0x52,0xe1,0xb7,0x8a,0x00,0x9f,0xb0,
};
const sig_font_t sigf_21 = { 1, 500, 13.0f, 14, 4, 0, 15, sigf_21_ch, sigf_21_gl, sigf_21_bmp, 504 };
// --- mono 600 normal 7.5px  (38 glyphs, 696 bytes)
static const sig_glyph_t sigf_22_gl[] = {
  {0,0,0,0,0,4},
  {0,5,6,0,-6,4},
  {18,5,6,0,-6,4},
  {36,5,7,0,-6,4},
  {57,5,6,0,-6,4},
  {75,5,6,0,-6,4},
  {93,5,6,0,-6,4},
  {111,5,7,0,-6,4},
  {132,5,6,0,-6,4},
  {150,5,6,0,-6,4},
  {168,5,7,0,-6,4},
  {189,5,6,0,-6,4},
  {207,5,6,0,-6,4},
  {225,5,6,0,-6,4},
  {243,5,6,0,-6,4},
  {261,5,7,0,-6,4},
  {282,5,6,0,-6,4},
  {300,5,8,0,-6,4},
  {324,5,6,0,-6,4},
  {342,5,7,0,-6,4},
  {363,5,6,0,-6,4},
  {381,5,7,0,-6,4},
  {402,5,6,0,-6,4},
  {420,5,6,0,-6,4},
  {438,5,6,0,-6,4},
  {456,5,6,0,-6,4},
  {474,5,6,0,-6,4},
  {492,5,7,0,-6,4},
  {513,5,6,0,-6,4},
  {531,5,6,0,-6,4},
  {549,5,7,0,-6,4},
  {570,5,6,0,-6,4},
  {588,5,7,0,-6,4},
  {609,5,7,0,-6,4},
  {630,5,6,0,-6,4},
  {648,5,7,0,-6,4},
  {669,5,6,0,-6,4},
  {687,5,3,0,-2,4},
};
static const char sigf_22_ch[] = " ABCDEFGHIJKLMNOPQRSTUVWXYZ0123456789.";
static const uint8_t sigf_22_bmp[] = {
  0x03,0x91,0x00,0x0a,0xe6,0x00,0x0e,0x6b,0x00,0x3e,0x5f,0x00,0x7c,0x9e,0x40,0xc4,0x08,0x80,0x39,0x95,0x00,0x5b,0x3f,0x20,0x5b,0x4d,0x10,0x5d,0x9c,0x10,0x5a,0x0b,
  0x60,0x5e,0xcc,0x10,0x05,0xa6,0x00,0x4d,0x3c,0x40,0x88,0x00,0x00,0x88,0x00,0x00,0x6a,0x06,0x20,0x0c,0xdd,0x10,0x00,0x00,0x00,0x39,0x83,0x00,0x6b,0x5e,0x10,0x69,
  0x0a,0x60,0x69,0x0a,0x60,0x69,0x0c,0x40,0x6f,0xd9,0x00,0x39,0x99,0x10,0x5c,0x44,0x00,0x5c,0x44,0x00,0x5e,0x99,0x10,0x5b,0x00,0x00,0x5f,0xdd,0x20,0x39,0x99,0x20,
  0x5c,0x44,0x10,0x5c,0x44,0x00,0x5e,0x99,0x00,0x5b,0x00,0x00,0x5b,0x00,0x00,0x06,0xa5,0x00,0x5c,0x3d,0x10,0x97,0x00,0x00,0xa7,0x7d,0x40,0x89,0x0b,0x40,0x2e,0xcc,
  0x40,0x00,0x00,0x00,0x45,0x07,0x20,0x79,0x0c,0x40,0x7b,0x4d,0x40,0x7d,0x9e,0x40,0x79,0x0c,0x40,0x79,0x0c,0x40,0x39,0x99,0x10,0x14,0xf3,0x00,0x02,0xe0,0x00,0x02,
  0xe0,0x00,0x02,0xe0,0x00,0x4c,0xfc,0x20,0x08,0x99,0x00,0x04,0x5f,0x00,0x00,0x0f,0x00,0x00,0x0f,0x00,0x34,0x1f,0x00,0x3e,0xe9,0x00,0x00,0x00,0x00,0x35,0x06,0x40,
  0x6a,0x4d,0x00,0x6b,0xe2,0x00,0x6f,0xe5,0x00,0x6a,0x4e,0x00,0x6a,0x0b,0x70,0x17,0x00,0x00,0x3d,0x00,0x00,0x3d,0x00,0x00,0x3d,0x00,0x00,0x3d,0x00,0x00,0x3f,0xdd,
  0x40,0x56,0x07,0x30,0x9f,0x3f,0x60,0x9b,0xeb,0x60,0x95,0xd7,0x60,0x94,0x28,0x60,0x94,0x08,0x60,0x48,0x05,0x20,0x7f,0x3a,0x40,0x7b,0x9a,0x40,0x77,0xda,0x40,0x77,
  0x9e,0x40,0x77,0x3f,0x40,0x06,0xa5,0x00,0x6b,0x3e,0x20,0xa6,0x09,0x70,0xa6,0x09,0x70,0x88,0x0b,0x50,0x1d,0xdb,0x00,0x00,0x00,0x00,0x39,0x96,0x00,0x5c,0x4d,0x40,
  0x5b,0x0c,0x50,0x5f,0xda,0x00,0x5b,0x00,0x00,0x5b,0x00,0x00,0x06,0xa5,0x00,0x6b,0x3e,0x20,0xa6,0x09,0x70,0xb6,0x09,0x70,0x88,0x0b,0x50,0x1d,0xdb,0x00,0x00,0xe4,
  0x00,0x00,0x47,0x00,0x39,0x96,0x00,0x5c,0x4d,0x40,0x5b,0x0c,0x60,0x5f,0xeb,0x00,0x5b,0x5b,0x00,0x5b,0x0d,0x40,0x07,0xa6,0x00,0x6c,0x38,0x10,0x6d,0x51,0x00,0x06,
  0xae,0x20,0x21,0x0b,0x50,0x5d,0xdc,0x10,0x00,0x00,0x00,0x79,0x99,0x50,0x35,0xf4,0x20,0x02,0xe0,0x00,0x02,0xe0,0x00,0x02,0xe0,0x00,0x02,0xe0,0x00,0x45,0x06,0x20,
  0x88,0x0c,0x40,0x88,0x0c,0x40,0x78,0x0c,0x40,0x79,0x0c,0x30,0x2e,0xdc,0x00,0x00,0x00,0x00,0x73,0x04,0x50,0x98,0x0b,0x50,0x4c,0x0f,0x10,0x0f,0x4d,0x00,0x0c,0xb8,
  0x00,0x07,0xf4,0x00,0x70,0x02,0x50,0xc2,0x44,0x90,0xb5,0xf6,0x80,0xa9,0xb9,0x70,0x9d,0x6d,0x60,0x8f,0x2f,0x50,0x55,0x06,0x30,0x2e,0x3e,0x10,0x09,0xe6,0x00,0x07,
  0xf4,0x00,0x1e,0x6d,0x00,0x98,0x0c,0x60,0x73,0x04,0x50,0x6b,0x0e,0x20,0x0d,0x9a,0x00,0x05,0xf2,0x00,0x02,0xe0,0x00,0x02,0xe0,0x00,0x49,0x99,0x20,0x24,0x5f,0x20,
  0x00,0xb7,0x00,0x07,0xb0,0x00,0x3e,0x10,0x00,0x9f,0xdd,0x50,0x06,0xa5,0x00,0x6b,0x3d,0x20,0xa6,0x29,0x70,0xa6,0x88,0x70,0x87,0x0b,0x50,0x1d,0xcb,0x00,0x00,0x00,
  0x00,0x05,0x92,0x00,0x3d,0xc5,0x00,0x32,0xb5,0x00,0x00,0xb5,0x00,0x00,0xb5,0x00,0x3d,0xfe,0x70,0x07,0xa5,0x00,0x6a,0x5f,0x20,0x00,0x0f,0x20,0x00,0xb7,0x00,0x1c,
  0x60,0x00,0x8f,0xee,0x50,0x08,0xa5,0x00,0x38,0x4f,0x20,0x01,0x6d,0x10,0x03,0xac,0x10,0x22,0x0d,0x40,0x5e,0xdc,0x00,0x00,0x00,0x00,0x00,0x67,0x00,0x03,0xdd,0x00,
  0x0c,0x5d,0x00,0x77,0x3d,0x00,0xbd,0xdf,0x70,0x00,0x3d,0x00,0x19,0x99,0x10,0x4b,0x55,0x00,0x59,0x86,0x00,0x38,0x5e,0x40,0x12,0x0b,0x60,0x3e,0xdc,0x00,0x00,0x00,
  0x00,0x00,0x84,0x00,0x0b,0x80,0x00,0x5c,0x75,0x00,0x9c,0x5e,0x40,0x88,0x0b,0x60,0x1d,0xdc,0x10,0x00,0x00,0x00,0x59,0x99,0x30,0x98,0x4d,0x40,0x21,0x3e,0x00,0x00,
  0x97,0x00,0x01,0xe1,0x00,0x07,0xa0,0x00,0x08,0xa6,0x00,0x6b,0x3d,0x30,0x3b,0x5c,0x10,0x3c,0x9b,0x10,0x97,0x0b,0x60,0x3d,0xcd,0x10,0x00,0x00,0x00,0x07,0xa5,0x00,
  0x7b,0x3d,0x30,0x98,0x0b,0x60,0x3d,0xce,0x40,0x00,0x5c,0x00,0x06,0xd2,0x00,0x00,0x40,0x00,0x04,0xf1,0x00,0x00,0x00,0x00,
};
const sig_font_t sigf_22 = { 1, 600, 7.5f, 8, 3, 0, 38, sigf_22_ch, sigf_22_gl, sigf_22_bmp, 696 };
// --- mono 600 normal 8.5px  (38 glyphs, 660 bytes)
static const sig_glyph_t sigf_23_gl[] = {
  {0,0,0,0,0,5},
  {0,6,6,0,-6,5},
  {18,5,6,0,-6,5},
  {36,5,6,0,-6,5},
  {54,6,6,0,-6,5},
  {72,5,6,0,-6,5},
  {90,5,6,0,-6,5},
  {108,5,6,0,-6,5},
  {126,5,6,0,-6,5},
  {144,5,6,0,-6,5},
  {162,5,6,0,-6,5},
  {180,6,6,0,-6,5},
  {198,5,6,0,-6,5},
  {216,5,6,0,-6,5},
  {234,5,6,0,-6,5},
  {252,6,6,0,-6,5},
  {270,5,6,0,-6,5},
  {288,6,8,0,-6,5},
  {312,6,6,0,-6,5},
  {330,5,6,0,-6,5},
  {348,6,6,0,-6,5},
  {366,5,6,0,-6,5},
  {384,6,6,0,-6,5},
  {402,6,6,0,-6,5},
  {420,6,6,0,-6,5},
  {438,6,6,0,-6,5},
  {456,5,6,0,-6,5},
  {474,6,6,0,-6,5},
  {492,6,6,0,-6,5},
  {510,5,6,0,-6,5},
  {528,5,6,0,-6,5},
  {546,6,6,0,-6,5},
  {564,6,6,0,-6,5},
  {582,6,6,0,-6,5},
  {600,5,6,0,-6,5},
  {618,6,6,0,-6,5},
  {636,5,6,0,-6,5},
  {654,5,2,0,-2,5},
};
static const char sigf_23_ch[] = " ABCDEFGHIJKLMNOPQRSTUVWXYZ0123456789.";
static const uint8_t sigf_23_bmp[] = {
  0x04,0xfa,0x00,0x09,0xcf,0x00,0x0d,0x5f,0x40,0x2f,0x1b,0x80,0x7f,0xff,0xd0,0xb8,0x02,0xf2,0x4f,0xfe,0x50,0x4e,0x09,0xb0,0x4f,0xff,0x30,0x4e,0x06,0xd0,0x4e,0x06,
  0xe0,0x4f,0xfe,0x50,0x08,0xed,0x40,0x4e,0x15,0xc0,0x7b,0x00,0x00,0x7b,0x00,0x00,0x4e,0x15,0xc0,0x09,0xee,0x40,0x5f,0xfc,0x20,0x5d,0x08,0xc0,0x5d,0x03,0xf0,0x5d,
  0x03,0xf0,0x5d,0x08,0xc0,0x5f,0xfc,0x20,0x4f,0xff,0xb0,0x4e,0x00,0x00,0x4f,0xff,0x90,0x4e,0x00,0x00,0x4e,0x00,0x00,0x4f,0xff,0xb0,0x4f,0xff,0xd0,0x4e,0x00,0x00,
  0x4f,0xff,0x90,0x4e,0x00,0x00,0x4e,0x00,0x00,0x4e,0x00,0x00,0x0a,0xfd,0x20,0x5d,0x18,0x90,0x9a,0x00,0x00,0x9a,0x5f,0xd0,0x6d,0x16,0xd0,0x0b,0xfa,0xd0,0x6c,0x06,
  0xc0,0x6c,0x06,0xc0,0x6f,0xff,0xc0,0x6c,0x06,0xc0,0x6c,0x06,0xc0,0x6c,0x06,0xc0,0x4f,0xff,0xb0,0x00,0xe4,0x00,0x00,0xe4,0x00,0x00,0xe4,0x00,0x00,0xe4,0x00,0x4f,
  0xff,0xb0,0x0c,0xff,0x80,0x00,0x0a,0x80,0x00,0x0a,0x80,0x00,0x0a,0x80,0x5a,0x1c,0x70,0x1c,0xfc,0x10,0x5d,0x07,0xd0,0x5d,0x3e,0x20,0x5e,0xe7,0x00,0x5f,0xcd,0x00,
  0x5d,0x0d,0x70,0x5d,0x04,0xf1,0x1f,0x10,0x00,0x1f,0x10,0x00,0x1f,0x10,0x00,0x1f,0x10,0x00,0x1f,0x10,0x00,0x1f,0xff,0xd0,0x9f,0x2a,0xf0,0x9e,0xce,0xf0,0x98,0xf7,
  0xf0,0x97,0x71,0xf0,0x97,0x01,0xf0,0x97,0x01,0xf0,0x6f,0x33,0xc0,0x6f,0xa3,0xc0,0x6a,0xe4,0xc0,0x69,0xaa,0xc0,0x69,0x3f,0xc0,0x69,0x0d,0xc0,0x0a,0xfd,0x30,0x6c,
  0x17,0xc0,0x99,0x02,0xf0,0x99,0x02,0xf0,0x6c,0x17,0xd0,0x0a,0xfd,0x30,0x4f,0xfe,0x50,0x4e,0x06,0xe0,0x4e,0x06,0xe0,0x4f,0xfe,0x60,0x4e,0x00,0x00,0x4e,0x00,0x00,
  0x0a,0xfd,0x30,0x6c,0x17,0xc0,0x99,0x02,0xf0,0xa9,0x02,0xf0,0x7c,0x17,0xd0,0x0b,0xfe,0x40,0x00,0xc3,0x00,0x00,0x7f,0xa0,0x4f,0xfe,0x50,0x4e,0x06,0xe0,0x4e,0x06,
  0xe0,0x4f,0xff,0x60,0x4e,0x2f,0x20,0x4e,0x07,0xc0,0x0b,0xfd,0x60,0x6d,0x03,0x40,0x3f,0xa7,0x10,0x03,0x7c,0xc0,0x46,0x06,0xe0,0x2c,0xfd,0x40,0xcf,0xff,0xf2,0x00,
  0xe4,0x00,0x00,0xe4,0x00,0x00,0xe4,0x00,0x00,0xe4,0x00,0x00,0xe4,0x00,0x7b,0x05,0xd0,0x7b,0x05,0xd0,0x7b,0x05,0xd0,0x6b,0x05,0xd0,0x5d,0x08,0xb0,0x0b,0xfe,0x40,
  0xb9,0x01,0xf1,0x6d,0x06,0xd0,0x2f,0x1a,0x80,0x0d,0x5e,0x30,0x08,0xcf,0x00,0x04,0xfa,0x00,0xd3,0x00,0xc3,0xb4,0xe5,0xd2,0xa6,0xd8,0xe0,0x9a,0x8a,0xe0,0x8d,0x5c,
  0xe0,0x7f,0x2c,0xd0,0x7d,0x05,0xd0,0x0d,0x7e,0x40,0x04,0xfa,0x00,0x06,0xfc,0x00,0x1e,0x4d,0x60,0x9a,0x05,0xe1,0xa9,0x02,0xf1,0x3f,0x19,0x90,0x0b,0x8f,0x10,0x03,
  0xf9,0x00,0x00,0xe4,0x00,0x00,0xe4,0x00,0x7f,0xff,0xd0,0x00,0x0c,0x70,0x00,0xab,0x00,0x06,0xd0,0x00,0x3e,0x20,0x00,0x9f,0xff,0xf0,0x0a,0xfd,0x30,0x6c,0x06,0xc0,
  0x98,0x02,0xf0,0x98,0x02,0xf0,0x6c,0x06,0xd0,0x0a,0xfd,0x30,0x08,0xfb,0x00,0x5e,0x9b,0x00,0x24,0x7b,0x00,0x00,0x7b,0x00,0x00,0x7b,0x00,0x3f,0xff,0xf2,0x0b,0xfd,
  0x30,0x5a,0x0a,0xb0,0x00,0x0b,0x90,0x00,0xac,0x00,0x1c,0x80,0x00,0x7f,0xff,0xf0,0x1b,0xfd,0x50,0x27,0x1a,0xa0,0x02,0xfe,0x20,0x00,0x08,0xb0,0x57,0x08,0xc0,0x2c,
  0xfd,0x30,0x00,0x8f,0x40,0x02,0xdd,0x40,0x0c,0x3d,0x40,0x68,0x0d,0x40,0xcf,0xff,0xf2,0x00,0x0d,0x40,0x2f,0xff,0xa0,0x3b,0x00,0x00,0x4c,0xde,0x50,0x16,0x17,0xe0,
  0x38,0x06,0xe0,0x1b,0xfd,0x40,0x01,0xc9,0x00,0x0d,0x70,0x00,0x5e,0xce,0x60,0x8c,0x16,0xf0,0x6c,0x16,0xe0,0x0a,0xfd,0x40,0x8f,0xff,0xe0,0x88,0x07,0xa0,0x00,0x0e,
  0x40,0x00,0x6d,0x00,0x00,0xd6,0x00,0x04,0xe0,0x00,0x1c,0xfe,0x60,0x5d,0x17,0xb0,0x0b,0xff,0x30,0x7c,0x06,0xd0,0x8c,0x16,0xe0,0x1b,0xfd,0x50,0x1b,0xfd,0x30,0x8b,
  0x06,0xd0,0x8b,0x17,0xe0,0x2d,0xfc,0xb0,0x00,0x2e,0x30,0x04,0xe5,0x00,0x01,0xe6,0x00,0x01,0xe6,0x00,
};
const sig_font_t sigf_23 = { 1, 600, 8.5f, 9, 3, 0, 38, sigf_23_ch, sigf_23_gl, sigf_23_bmp, 660 };
// --- mono 600 normal 10.5px  (48 glyphs, 1382 bytes)
static const sig_glyph_t sigf_24_gl[] = {
  {0,0,0,0,0,6},
  {0,7,8,0,-8,6},
  {32,7,8,0,-8,6},
  {64,7,8,0,-8,6},
  {96,7,8,0,-8,6},
  {128,6,8,0,-8,6},
  {152,6,8,0,-8,6},
  {176,6,8,0,-8,6},
  {200,6,8,0,-8,6},
  {224,6,8,0,-8,6},
  {248,6,8,0,-8,6},
  {272,7,8,0,-8,6},
  {304,6,8,0,-8,6},
  {328,7,8,0,-8,6},
  {360,6,8,0,-8,6},
  {384,7,8,0,-8,6},
  {416,7,8,0,-8,6},
  {448,7,10,0,-8,6},
  {488,7,8,0,-8,6},
  {520,7,8,0,-8,6},
  {552,7,8,0,-8,6},
  {584,6,8,0,-8,6},
  {608,7,8,0,-8,6},
  {640,7,8,0,-8,6},
  {672,7,8,0,-8,6},
  {704,7,8,0,-8,6},
  {736,7,8,0,-8,6},
  {768,7,8,0,-8,6},
  {800,7,8,0,-8,6},
  {832,7,8,0,-8,6},
  {864,6,8,0,-8,6},
  {888,7,8,0,-8,6},
  {920,7,8,0,-8,6},
  {952,7,8,0,-8,6},
  {984,6,8,0,-8,6},
  {1008,7,8,0,-8,6},
  {1040,7,8,0,-8,6},
  {1072,6,2,0,-2,6},
  {1078,7,8,0,-8,6},
  {1110,7,8,0,-8,6},
  {1142,7,8,0,-8,6},
  {1174,6,8,0,-8,6},
  {1198,7,8,0,-8,6},
  {1230,7,8,0,-8,6},
  {1262,7,8,0,-8,6},
  {1294,6,8,0,-8,6},
  {1318,7,8,0,-8,6},
  {1350,7,8,0,-8,6},
};
static const char sigf_24_ch[] = " ABCDEFGHIJKLMNOPQRSTUVWXYZ0123456789.0123456789";
static const uint8_t sigf_24_bmp[] = {
  0x00,0xdf,0x60,0x00,0x01,0xfd,0xb0,0x00,0x06,0xf7,0xf0,0x00,0x0a,0xb3,0xf3,0x00,0x0e,0x70,0xf8,0x00,0x3f,0xff,0xfc,0x00,0x7f,0x00,0x7f,0x10,0xbb,0x00,0x3f,0x50,
  0x2f,0xff,0xd3,0x00,0x2f,0x40,0xcb,0x00,0x2f,0x40,0xca,0x00,0x2f,0xff,0xe2,0x00,0x2f,0x40,0xad,0x00,0x2f,0x40,0x6f,0x00,0x2f,0x40,0xad,0x00,0x2f,0xff,0xd3,0x00,
  0x03,0xdf,0xd4,0x00,0x0e,0x90,0x9e,0x00,0x4f,0x20,0x01,0x00,0x6f,0x10,0x00,0x00,0x6f,0x10,0x00,0x00,0x4f,0x20,0x01,0x00,0x0e,0x90,0x9e,0x00,0x04,0xdf,0xd4,0x00,
  0x3f,0xff,0xb1,0x00,0x3f,0x31,0xda,0x00,0x3f,0x30,0x7f,0x00,0x3f,0x30,0x5f,0x10,0x3f,0x30,0x5f,0x10,0x3f,0x30,0x7f,0x00,0x3f,0x31,0xda,0x00,0x3f,0xff,0xb1,0x00,
  0x1f,0xff,0xfc,0x1f,0x50,0x00,0x1f,0x50,0x00,0x1f,0xff,0xfa,0x1f,0x50,0x00,0x1f,0x50,0x00,0x1f,0x50,0x00,0x1f,0xff,0xfc,0x1f,0xff,0xfe,0x1f,0x50,0x00,0x1f,0x50,
  0x00,0x1f,0xff,0xf9,0x1f,0x50,0x00,0x1f,0x50,0x00,0x1f,0x50,0x00,0x1f,0x50,0x00,0x05,0xdf,0xc2,0x1f,0x71,0xcb,0x5f,0x00,0x10,0x7f,0x00,0x00,0x8f,0x0c,0xfe,0x6f,
  0x10,0x6e,0x2f,0x70,0xae,0x07,0xfd,0x8e,0x4f,0x20,0x9d,0x4f,0x20,0x9d,0x4f,0x20,0x9d,0x4f,0xff,0xfd,0x4f,0x20,0x9d,0x4f,0x20,0x9d,0x4f,0x20,0x9d,0x4f,0x20,0x9d,
  0x2f,0xff,0xfb,0x00,0x6f,0x00,0x00,0x6f,0x00,0x00,0x6f,0x00,0x00,0x6f,0x00,0x00,0x6f,0x00,0x00,0x6f,0x00,0x2f,0xff,0xfb,0x08,0xff,0xf8,0x00,0x00,0xf8,0x00,0x00,
  0xf8,0x00,0x00,0xf8,0x00,0x00,0xf8,0x00,0x00,0xf8,0x4f,0x32,0xf5,0x09,0xee,0x90,0x3f,0x40,0x8f,0x20,0x3f,0x44,0xf6,0x00,0x3f,0x5e,0xa0,0x00,0x3f,0xdf,0x20,0x00,
  0x3f,0xee,0xa0,0x00,0x3f,0x56,0xf3,0x00,0x3f,0x40,0xdb,0x00,0x3f,0x40,0x5f,0x40,0x0e,0x80,0x00,0x0e,0x80,0x00,0x0e,0x80,0x00,0x0e,0x80,0x00,0x0e,0x80,0x00,0x0e,
  0x80,0x00,0x0e,0x80,0x00,0x0e,0xff,0xff,0x7f,0x60,0xbf,0x10,0x7f,0xc1,0xff,0x10,0x7c,0xf9,0xbf,0x10,0x7c,0x9f,0x5f,0x10,0x7c,0x3d,0x2f,0x10,0x7c,0x05,0x3f,0x10,
  0x7c,0x00,0x3f,0x10,0x7c,0x00,0x3f,0x10,0x4f,0xa0,0x6d,0x4f,0xf0,0x6d,0x4f,0xd5,0x6d,0x4f,0x7b,0x6d,0x4f,0x1f,0x7d,0x4f,0x0c,0xcd,0x4f,0x06,0xfd,0x4f,0x01,0xfd,
  0x04,0xdf,0xb1,0x00,0x1f,0x61,0xca,0x00,0x7f,0x00,0x6f,0x00,0x8e,0x00,0x5f,0x20,0x9e,0x00,0x5f,0x20,0x7f,0x00,0x6f,0x00,0x1f,0x61,0xca,0x00,0x05,0xef,0xb1,0x00,
  0x2f,0xff,0xd4,0x00,0x2f,0x50,0xae,0x00,0x2f,0x50,0x6f,0x10,0x2f,0x50,0xae,0x00,0x2f,0xff,0xd4,0x00,0x2f,0x50,0x00,0x00,0x2f,0x50,0x00,0x00,0x2f,0x50,0x00,0x00,
  0x04,0xdf,0xb1,0x00,0x1f,0x61,0xca,0x00,0x7f,0x00,0x6f,0x00,0x8e,0x00,0x5f,0x20,0x9e,0x00,0x5f,0x20,0x7f,0x00,0x6f,0x00,0x2f,0x61,0xcb,0x00,0x06,0xef,0xc1,0x00,
  0x00,0x4e,0x00,0x00,0x00,0x1d,0xfa,0x00,0x2f,0xff,0xd4,0x00,0x2f,0x50,0xae,0x00,0x2f,0x50,0x6f,0x10,0x2f,0x50,0xae,0x00,0x2f,0xff,0xe4,0x00,0x2f,0x59,0xe0,0x00,
  0x2f,0x51,0xf7,0x00,0x2f,0x50,0x9e,0x00,0x06,0xef,0xd6,0x00,0x2f,0x60,0x56,0x00,0x4f,0x40,0x00,0x00,0x0d,0xea,0x60,0x00,0x00,0x58,0xeb,0x00,0x00,0x00,0x6f,0x00,
  0x3a,0x20,0xad,0x00,0x1a,0xff,0xc2,0x00,0xbf,0xff,0xff,0x50,0x00,0x6f,0x00,0x00,0x00,0x6f,0x00,0x00,0x00,0x6f,0x00,0x00,0x00,0x6f,0x00,0x00,0x00,0x6f,0x00,0x00,
  0x00,0x6f,0x00,0x00,0x00,0x6f,0x00,0x00,0x5f,0x20,0x8e,0x5f,0x20,0x8e,0x5f,0x20,0x8e,0x5f,0x20,0x8e,0x4f,0x20,0x8e,0x4f,0x20,0x8d,0x1f,0x61,0xca,0x06,0xef,0xc2,
  0xae,0x00,0x3f,0x40,0x6f,0x10,0x7f,0x00,0x2f,0x50,0xbb,0x00,0x0e,0x90,0xe7,0x00,0x0a,0xd2,0xf3,0x00,0x06,0xf6,0xf0,0x00,0x01,0xfd,0xb0,0x00,0x00,0xdf,0x70,0x00,
  0xc7,0x00,0x0d,0x50,0xb8,0x00,0x0d,0x40,0xa9,0x6f,0x1e,0x30,0x9a,0x9e,0x3f,0x20,0x8a,0xc9,0x7f,0x10,0x7b,0xe5,0xaf,0x00,0x6e,0xc3,0xef,0x00,0x5f,0xa0,0xfe,0x00,
  0x6f,0x30,0x7f,0x10,0x0d,0xb1,0xf8,0x00,0x05,0xfa,0xe0,0x00,0x00,0xcf,0x60,0x00,0x00,0xef,0x80,0x00,0x07,0xe8,0xf1,0x00,0x1f,0x70,0xea,0x00,0x9e,0x00,0x7f,0x20,
  0xae,0x00,0x3f,0x40,0x3f,0x40,0xad,0x00,0x0c,0xb1,0xf5,0x00,0x05,0xf8,0xe0,0x00,0x00,0xdf,0x70,0x00,0x00,0x7f,0x10,0x00,0x00,0x6f,0x00,0x00,0x00,0x6f,0x00,0x00,
  0x5f,0xff,0xfe,0x00,0x00,0x01,0xea,0x00,0x00,0x0a,0xe1,0x00,0x00,0x4f,0x50,0x00,0x00,0xdb,0x00,0x00,0x09,0xf2,0x00,0x00,0x3f,0x70,0x00,0x00,0x7f,0xff,0xff,0x10,
  0x04,0xdf,0xb1,0x00,0x1f,0x51,0xba,0x00,0x7e,0x00,0x5f,0x00,0x8d,0x00,0x4f,0x20,0x9d,0x4d,0x4f,0x20,0x7e,0x4d,0x5f,0x00,0x1f,0x51,0xba,0x00,0x05,0xef,0xb1,0x00,
  0x02,0xef,0x80,0x00,0x0d,0xae,0x80,0x00,0x5e,0x1e,0x80,0x00,0x01,0x0e,0x80,0x00,0x00,0x0e,0x80,0x00,0x00,0x0e,0x80,0x00,0x00,0x0e,0x80,0x00,0x0f,0xff,0xff,0x40,
  0x08,0xef,0xb1,0x00,0x4f,0x31,0xea,0x00,0x00,0x00,0xbc,0x00,0x00,0x01,0xe7,0x00,0x00,0x0b,0xb0,0x00,0x01,0xda,0x00,0x00,0x2e,0xa0,0x00,0x00,0x5f,0xff,0xff,0x00,
  0x09,0xef,0xc2,0x1b,0x31,0xdb,0x00,0x01,0xda,0x00,0xcf,0xc1,0x00,0x01,0xca,0x00,0x00,0x8e,0x4c,0x21,0xdb,0x1a,0xff,0xb1,0x00,0x0d,0xf3,0x00,0x00,0x8d,0xf3,0x00,
  0x03,0xf4,0xf3,0x00,0x0d,0x62,0xf3,0x00,0x7c,0x02,0xf3,0x00,0xbf,0xff,0xff,0x40,0x00,0x02,0xf3,0x00,0x00,0x02,0xf3,0x00,0x0e,0xff,0xfb,0x00,0x0f,0x20,0x00,0x00,
  0x0f,0x10,0x00,0x00,0x1f,0x7f,0xd4,0x00,0x17,0x30,0xbe,0x00,0x00,0x00,0x6f,0x10,0x2c,0x30,0xbd,0x00,0x09,0xef,0xb2,0x00,0x00,0x5f,0x90,0x00,0x04,0xf7,0x00,0x00,
  0x0d,0xa0,0x00,0x00,0x4f,0x9e,0xd4,0x00,0x6f,0x50,0xae,0x00,0x6f,0x00,0x5f,0x10,0x2f,0x50,0xad,0x00,0x05,0xdf,0xc2,0x00,0x6f,0xff,0xff,0x6d,0x00,0x9e,0x6d,0x00,
  0xf8,0x00,0x06,0xf2,0x00,0x0c,0xb0,0x00,0x2f,0x50,0x00,0x9e,0x00,0x00,0xe8,0x00,0x08,0xef,0xc3,0x00,0x3f,0x40,0xad,0x00,0x2f,0x40,0xab,0x00,0x06,0xff,0xe1,0x00,
  0x4f,0x40,0xad,0x00,0x7f,0x00,0x6f,0x10,0x4f,0x40,0xae,0x00,0x07,0xef,0xc3,0x00,0x06,0xdf,0xb1,0x00,0x4f,0x40,0xbb,0x00,0x8f,0x00,0x6f,0x00,0x5f,0x40,0xbf,0x00,
  0x09,0xfd,0xcd,0x00,0x00,0x01,0xf7,0x00,0x00,0x1c,0xc0,0x00,0x02,0xdc,0x10,0x00,0x00,0x9f,0x30,0x00,0x9f,0x30,0x04,0xdf,0xb1,0x00,0x1f,0x51,0xba,0x00,0x7e,0x00,
  0x5f,0x00,0x8d,0x00,0x4f,0x20,0x9d,0x4d,0x4f,0x20,0x7e,0x4d,0x5f,0x00,0x1f,0x51,0xba,0x00,0x05,0xef,0xb1,0x00,0x02,0xef,0x80,0x00,0x0d,0xae,0x80,0x00,0x5e,0x1e,
  0x80,0x00,0x01,0x0e,0x80,0x00,0x00,0x0e,0x80,0x00,0x00,0x0e,0x80,0x00,0x00,0x0e,0x80,0x00,0x0f,0xff,0xff,0x40,0x08,0xef,0xb1,0x00,0x4f,0x31,0xea,0x00,0x00,0x00,
  0xbc,0x00,0x00,0x01,0xe7,0x00,0x00,0x0b,0xb0,0x00,0x01,0xda,0x00,0x00,0x2e,0xa0,0x00,0x00,0x5f,0xff,0xff,0x00,0x09,0xef,0xc2,0x1b,0x31,0xdb,0x00,0x01,0xda,0x00,
  0xcf,0xc1,0x00,0x01,0xca,0x00,0x00,0x8e,0x4c,0x21,0xdb,0x1a,0xff,0xb1,0x00,0x0d,0xf3,0x00,0x00,0x8d,0xf3,0x00,0x03,0xf4,0xf3,0x00,0x0d,0x62,0xf3,0x00,0x7c,0x02,
  0xf3,0x00,0xbf,0xff,0xff,0x40,0x00,0x02,0xf3,0x00,0x00,0x02,0xf3,0x00,0x0e,0xff,0xfb,0x00,0x0f,0x20,0x00,0x00,0x0f,0x10,0x00,0x00,0x1f,0x7f,0xd4,0x00,0x17,0x30,
  0xbe,0x00,0x00,0x00,0x6f,0x10,0x2c,0x30,0xbd,0x00,0x09,0xef,0xb2,0x00,0x00,0x5f,0x90,0x00,0x04,0xf7,0x00,0x00,0x0d,0xa0,0x00,0x00,0x4f,0x9e,0xd4,0x00,0x6f,0x50,
  0xae,0x00,0x6f,0x00,0x5f,0x10,0x2f,0x50,0xad,0x00,0x05,0xdf,0xc2,0x00,0x6f,0xff,0xff,0x6d,0x00,0x9e,0x6d,0x00,0xf8,0x00,0x06,0xf2,0x00,0x0c,0xb0,0x00,0x2f,0x50,
  0x00,0x9e,0x00,0x00,0xe8,0x00,0x08,0xef,0xc3,0x00,0x3f,0x40,0xad,0x00,0x2f,0x40,0xab,0x00,0x06,0xff,0xe1,0x00,0x4f,0x40,0xad,0x00,0x7f,0x00,0x6f,0x10,0x4f,0x40,
  0xae,0x00,0x07,0xef,0xc3,0x00,0x06,0xdf,0xb1,0x00,0x4f,0x40,0xbb,0x00,0x8f,0x00,0x6f,0x00,0x5f,0x40,0xbf,0x00,0x09,0xfd,0xcd,0x00,0x00,0x01,0xf7,0x00,0x00,0x1c,
  0xc0,0x00,0x02,0xdc,0x10,0x00,
};
const sig_font_t sigf_24 = { 1, 600, 10.5f, 11, 3, 0, 48, sigf_24_ch, sigf_24_gl, sigf_24_bmp, 1382 };
// --- mono 600 normal 11px  (101 glyphs, 3020 bytes)
static const sig_glyph_t sigf_25_gl[] = {
  {0,0,0,0,0,7},
  {0,7,8,0,-8,7},
  {32,7,8,0,-8,7},
  {64,7,8,0,-8,7},
  {96,7,10,0,-9,7},
  {136,7,8,0,-8,7},
  {168,7,8,0,-8,7},
  {200,7,8,0,-8,7},
  {232,7,10,0,-8,7},
  {272,7,10,0,-8,7},
  {312,7,6,0,-6,7},
  {336,7,7,0,-7,7},
  {364,7,4,0,-2,7},
  {380,7,4,0,-4,7},
  {396,7,2,0,-2,7},
  {404,7,10,0,-8,7},
  {444,7,8,0,-8,7},
  {476,7,8,0,-8,7},
  {508,7,8,0,-8,7},
  {540,7,8,0,-8,7},
  {572,7,8,0,-8,7},
  {604,7,8,0,-8,7},
  {636,7,8,0,-8,7},
  {668,7,8,0,-8,7},
  {700,7,8,0,-8,7},
  {732,7,8,0,-8,7},
  {764,7,6,0,-6,7},
  {788,7,8,0,-6,7},
  {820,7,7,0,-7,7},
  {848,7,5,0,-5,7},
  {868,7,7,0,-7,7},
  {896,7,8,0,-8,7},
  {928,7,9,0,-8,7},
  {964,7,8,0,-8,7},
  {996,7,8,0,-8,7},
  {1028,7,8,0,-8,7},
  {1060,7,8,0,-8,7},
  {1092,7,8,0,-8,7},
  {1124,7,8,0,-8,7},
  {1156,7,8,0,-8,7},
  {1188,7,8,0,-8,7},
  {1220,7,8,0,-8,7},
  {1252,7,8,0,-8,7},
  {1284,7,8,0,-8,7},
  {1316,7,8,0,-8,7},
  {1348,7,8,0,-8,7},
  {1380,7,8,0,-8,7},
  {1412,7,8,0,-8,7},
  {1444,7,8,0,-8,7},
  {1476,7,10,0,-8,7},
  {1516,7,8,0,-8,7},
  {1548,7,8,0,-8,7},
  {1580,7,8,0,-8,7},
  {1612,7,8,0,-8,7},
  {1644,7,8,0,-8,7},
  {1676,7,8,0,-8,7},
  {1708,7,8,0,-8,7},
  {1740,7,8,0,-8,7},
  {1772,7,8,0,-8,7},
  {1804,7,10,0,-8,7},
  {1844,7,10,0,-8,7},
  {1884,7,10,0,-8,7},
  {1924,7,8,0,-8,7},
  {1956,7,2,0,0,7},
  {1964,7,10,0,-10,7},
  {2004,7,6,0,-6,7},
  {2028,7,8,0,-8,7},
  {2060,7,6,0,-6,7},
  {2084,7,8,0,-8,7},
  {2116,7,6,0,-6,7},
  {2140,7,8,0,-8,7},
  {2172,7,9,0,-7,7},
  {2208,7,8,0,-8,7},
  {2240,7,9,0,-9,7},
  {2276,7,11,0,-9,7},
  {2320,7,8,0,-8,7},
  {2352,7,8,0,-8,7},
  {2384,7,6,0,-6,7},
  {2408,7,6,0,-6,7},
  {2432,7,6,0,-6,7},
  {2456,7,8,0,-6,7},
  {2488,7,8,0,-6,7},
  {2520,7,6,0,-6,7},
  {2544,7,6,0,-6,7},
  {2568,7,8,0,-8,7},
  {2600,7,6,0,-6,7},
  {2624,7,6,0,-6,7},
  {2648,7,6,0,-6,7},
  {2672,7,6,0,-6,7},
  {2696,7,8,0,-6,7},
  {2728,7,6,0,-6,7},
  {2752,7,10,0,-8,7},
  {2792,7,10,0,-8,7},
  {2832,7,10,0,-8,7},
  {2872,7,5,0,-5,7},
  {2892,7,4,0,-4,7},
  {2908,7,4,0,-4,7},
  {2924,7,2,0,-2,7},
  {2932,7,5,0,-5,7},
  {2952,7,9,0,-9,7},
  {2988,7,8,0,-8,7},
};
static const char sigf_25_ch[] = " !\"#$%&'()*+,-./0123456789:;<=>?@ABCDEFGHIJKLMNOPQRSTUVWXYZ[\\]^_`abcdefghijklmnopqrstuvwxyz{|}~·—…•→’";
static const uint8_t sigf_25_bmp[] = {
  0x00,0x7f,0x10,0x00,0x00,0x7f,0x10,0x00,0x00,0x6f,0x00,0x00,0x00,0x3d,0x00,0x00,0x00,0x09,0x00,0x00,0x00,0x00,0x00,0x00,0x00,0x8f,0x20,0x00,0x00,0x8f,0x20,0x00,
  0x07,0xc3,0xf1,0x00,0x07,0xc3,0xf1,0x00,0x07,0xc3,0xf1,0x00,0x03,0x51,0x70,0x00,0x00,0x00,0x00,0x00,0x00,0x00,0x00,0x00,0x00,0x00,0x00,0x00,0x00,0x00,0x00,0x00,
  0x00,0xb6,0xa7,0x00,0x00,0xe3,0xc4,0x00,0x7f,0xf1,0xff,0x70,0x04,0xe2,0xf0,0x00,0x06,0xb4,0xd0,0x00,0xef,0x97,0xff,0x10,0x0b,0x6a,0x80,0x00,0x0e,0x3c,0x50,0x00,
  0x00,0x2f,0x00,0x00,0x07,0xef,0xd7,0x00,0x3f,0x5e,0x46,0x00,0x4f,0x2e,0x00,0x00,0x0c,0xef,0x60,0x00,0x00,0x4f,0xdc,0x00,0x00,0x0e,0x3f,0x20,0x3a,0x3e,0x8f,0x00,
  0x1a,0xef,0xc4,0x00,0x00,0x2f,0x00,0x00,0x5e,0xc1,0x0d,0x30,0xc4,0xa7,0x6a,0x00,0xc4,0xa8,0xe2,0x00,0x5e,0xd1,0x00,0x00,0x00,0x05,0xec,0x10,0x08,0x9d,0x4a,0x60,
  0x1e,0x1d,0x3a,0x60,0xa7,0x05,0xfc,0x10,0x06,0xee,0x50,0x00,0x1f,0x44,0x60,0x00,0x1f,0x30,0x00,0x00,0x0b,0xd0,0x00,0x00,0x5e,0xca,0x8f,0x50,0xc9,0x1e,0xe6,0x00,
  0xab,0x08,0xf5,0x00,0x2c,0xf8,0x6f,0x20,0x00,0x5f,0x00,0x00,0x00,0x5f,0x00,0x00,0x00,0x5f,0x00,0x00,0x00,0x26,0x00,0x00,0x00,0x00,0x00,0x00,0x00,0x00,0x00,0x00,
  0x00,0x00,0x00,0x00,0x00,0x00,0x00,0x00,0x00,0x03,0xe3,0x00,0x00,0x1e,0x40,0x00,0x00,0x7b,0x00,0x00,0x00,0xc5,0x00,0x00,0x00,0xe3,0x00,0x00,0x00,0xe3,0x00,0x00,
  0x00,0xc5,0x00,0x00,0x00,0x7b,0x00,0x00,0x00,0x1e,0x40,0x00,0x00,0x04,0xe3,0x00,0x08,0xc0,0x00,0x00,0x00,0xa9,0x00,0x00,0x00,0x1f,0x10,0x00,0x00,0x0c,0x60,0x00,
  0x00,0x0a,0x80,0x00,0x00,0x0a,0x80,0x00,0x00,0x0c,0x60,0x00,0x00,0x1f,0x10,0x00,0x00,0xa9,0x00,0x00,0x08,0xc0,0x00,0x00,0x00,0x5e,0x00,0x00,0x35,0x5e,0x27,0x00,
  0x5d,0xff,0xfb,0x10,0x00,0xef,0x80,0x00,0x0a,0xc4,0xf4,0x00,0x03,0x20,0x40,0x00,0x00,0x01,0x00,0x00,0x00,0x5e,0x00,0x00,0x00,0x5e,0x00,0x00,0x5f,0xff,0xfe,0x00,
  0x00,0x5e,0x00,0x00,0x00,0x5e,0x00,0x00,0x00,0x01,0x00,0x00,0x00,0x7f,0x40,0x00,0x00,0xae,0x00,0x00,0x00,0xc9,0x00,0x00,0x00,0xf3,0x00,0x00,0x06,0xff,0xf0,0x00,
  0x00,0x00,0x00,0x00,0x00,0x00,0x00,0x00,0x00,0x00,0x00,0x00,0x00,0x9f,0x30,0x00,0x00,0x9f,0x30,0x00,0x00,0x00,0xb8,0x00,0x00,0x01,0xf3,0x00,0x00,0x06,0xd0,0x00,
  0x00,0x0c,0x70,0x00,0x00,0x2f,0x10,0x00,0x00,0x8b,0x00,0x00,0x00,0xd6,0x00,0x00,0x03,0xf0,0x00,0x00,0x09,0xa0,0x00,0x00,0x0e,0x40,0x00,0x00,0x04,0xdf,0xb1,0x00,
  0x1f,0x51,0xba,0x00,0x7e,0x00,0x5f,0x00,0x8d,0x00,0x4f,0x20,0x9d,0x4d,0x4f,0x20,0x7e,0x4d,0x5f,0x00,0x1f,0x51,0xba,0x00,0x05,0xef,0xb1,0x00,0x02,0xef,0x80,0x00,
  0x0d,0xae,0x80,0x00,0x5e,0x1e,0x80,0x00,0x01,0x0e,0x80,0x00,0x00,0x0e,0x80,0x00,0x00,0x0e,0x80,0x00,0x00,0x0e,0x80,0x00,0x0f,0xff,0xff,0x40,0x08,0xef,0xb1,0x00,
  0x4f,0x31,0xea,0x00,0x00,0x00,0xbc,0x00,0x00,0x01,0xe7,0x00,0x00,0x0b,0xb0,0x00,0x01,0xda,0x00,0x00,0x2e,0xa0,0x00,0x00,0x5f,0xff,0xff,0x00,0x09,0xef,0xc2,0x00,
  0x1b,0x31,0xdb,0x00,0x00,0x01,0xda,0x00,0x00,0xcf,0xc1,0x00,0x00,0x01,0xca,0x00,0x00,0x00,0x8e,0x00,0x4c,0x21,0xdb,0x00,0x1a,0xff,0xb1,0x00,0x00,0x0d,0xf3,0x00,
  0x00,0x8d,0xf3,0x00,0x03,0xf4,0xf3,0x00,0x0d,0x62,0xf3,0x00,0x7c,0x02,0xf3,0x00,0xbf,0xff,0xff,0x40,0x00,0x02,0xf3,0x00,0x00,0x02,0xf3,0x00,0x0e,0xff,0xfb,0x00,
  0x0f,0x20,0x00,0x00,0x0f,0x10,0x00,0x00,0x1f,0x7f,0xd4,0x00,0x17,0x30,0xbe,0x00,0x00,0x00,0x6f,0x10,0x2c,0x30,0xbd,0x00,0x09,0xef,0xb2,0x00,0x00,0x5f,0x90,0x00,
  0x04,0xf7,0x00,0x00,0x0d,0xa0,0x00,0x00,0x4f,0x9e,0xd4,0x00,0x6f,0x50,0xae,0x00,0x6f,0x00,0x5f,0x10,0x2f,0x50,0xad,0x00,0x05,0xdf,0xc2,0x00,0x6f,0xff,0xff,0x00,
  0x6d,0x00,0x9e,0x00,0x6d,0x00,0xf8,0x00,0x00,0x06,0xf2,0x00,0x00,0x0c,0xb0,0x00,0x00,0x2f,0x50,0x00,0x00,0x9e,0x00,0x00,0x00,0xe8,0x00,0x00,0x08,0xef,0xc3,0x00,
  0x3f,0x40,0xad,0x00,0x2f,0x40,0xab,0x00,0x06,0xff,0xe1,0x00,0x4f,0x40,0xad,0x00,0x7f,0x00,0x6f,0x10,0x4f,0x40,0xae,0x00,0x07,0xef,0xc3,0x00,0x06,0xdf,0xb1,0x00,
  0x4f,0x40,0xbb,0x00,0x8f,0x00,0x6f,0x00,0x5f,0x40,0xbf,0x00,0x09,0xfd,0xcd,0x00,0x00,0x01,0xf7,0x00,0x00,0x1c,0xc0,0x00,0x02,0xdc,0x10,0x00,0x00,0x9f,0x30,0x00,
  0x00,0x9f,0x30,0x00,0x00,0x00,0x00,0x00,0x00,0x00,0x00,0x00,0x00,0x9f,0x30,0x00,0x00,0x9f,0x30,0x00,0x00,0x9f,0x30,0x00,0x00,0x9f,0x30,0x00,0x00,0x00,0x00,0x00,
  0x00,0x00,0x00,0x00,0x00,0x7f,0x40,0x00,0x00,0xae,0x00,0x00,0x00,0xc9,0x00,0x00,0x00,0xf3,0x00,0x00,0x00,0x00,0x48,0x00,0x00,0x2b,0xf6,0x00,0x08,0xfb,0x20,0x00,
  0x1f,0x90,0x00,0x00,0x08,0xfb,0x20,0x00,0x00,0x2b,0xf6,0x00,0x00,0x00,0x48,0x00,0x5f,0xff,0xfe,0x00,0x00,0x00,0x00,0x00,0x5f,0xff,0xfe,0x00,0x00,0x00,0x00,0x00,
  0x00,0x00,0x00,0x00,0x0a,0x10,0x00,0x00,0x0c,0xf7,0x00,0x00,0x00,0x5e,0xd4,0x00,0x00,0x01,0xda,0x00,0x00,0x5e,0xd4,0x00,0x0c,0xf7,0x00,0x00,0x0a,0x10,0x00,0x00,
  0x07,0xef,0xb1,0x00,0x1d,0x41,0xe9,0x00,0x00,0x00,0xda,0x00,0x00,0x6e,0xe2,0x00,0x00,0x9c,0x00,0x00,0x00,0x00,0x00,0x00,0x00,0xbe,0x00,0x00,0x00,0xbe,0x00,0x00,
  0x05,0xdf,0xb1,0x00,0x1f,0x40,0x7b,0x00,0x5c,0x2e,0xbf,0x00,0x7a,0x7a,0x3f,0x00,0x79,0x98,0x1f,0x00,0x7a,0x89,0x2f,0x00,0x4c,0x2f,0xbf,0x00,0x0e,0x61,0x00,0x00,
  0x03,0xcf,0xf0,0x00,0x00,0xdf,0x60,0x00,0x01,0xfd,0xb0,0x00,0x06,0xf7,0xf0,0x00,0x0a,0xb3,0xf3,0x00,0x0e,0x70,0xf8,0x00,0x3f,0xff,0xfc,0x00,0x7f,0x00,0x7f,0x10,
  0xbb,0x00,0x3f,0x50,0x2f,0xff,0xd3,0x00,0x2f,0x40,0xcb,0x00,0x2f,0x40,0xca,0x00,0x2f,0xff,0xe2,0x00,0x2f,0x40,0xad,0x00,0x2f,0x40,0x6f,0x00,0x2f,0x40,0xad,0x00,
  0x2f,0xff,0xd3,0x00,0x03,0xdf,0xd4,0x00,0x0e,0x90,0x9e,0x00,0x4f,0x20,0x01,0x00,0x6f,0x10,0x00,0x00,0x6f,0x10,0x00,0x00,0x4f,0x20,0x01,0x00,0x0e,0x90,0x9e,0x00,
  0x04,0xdf,0xd4,0x00,0x3f,0xff,0xb1,0x00,0x3f,0x31,0xda,0x00,0x3f,0x30,0x7f,0x00,0x3f,0x30,0x5f,0x10,0x3f,0x30,0x5f,0x10,0x3f,0x30,0x7f,0x00,0x3f,0x31,0xda,0x00,
  0x3f,0xff,0xb1,0x00,0x1f,0xff,0xfc,0x00,0x1f,0x50,0x00,0x00,0x1f,0x50,0x00,0x00,0x1f,0xff,0xfa,0x00,0x1f,0x50,0x00,0x00,0x1f,0x50,0x00,0x00,0x1f,0x50,0x00,0x00,
  0x1f,0xff,0xfc,0x00,0x1f,0xff,0xfe,0x00,0x1f,0x50,0x00,0x00,0x1f,0x50,0x00,0x00,0x1f,0xff,0xf9,0x00,0x1f,0x50,0x00,0x00,0x1f,0x50,0x00,0x00,0x1f,0x50,0x00,0x00,
  0x1f,0x50,0x00,0x00,0x05,0xdf,0xc2,0x00,0x1f,0x71,0xcb,0x00,0x5f,0x00,0x10,0x00,0x7f,0x00,0x00,0x00,0x8f,0x0c,0xfe,0x00,0x6f,0x10,0x6e,0x00,0x2f,0x70,0xae,0x00,
  0x07,0xfd,0x8e,0x00,0x4f,0x20,0x9d,0x00,0x4f,0x20,0x9d,0x00,0x4f,0x20,0x9d,0x00,0x4f,0xff,0xfd,0x00,0x4f,0x20,0x9d,0x00,0x4f,0x20,0x9d,0x00,0x4f,0x20,0x9d,0x00,
  0x4f,0x20,0x9d,0x00,0x2f,0xff,0xfb,0x00,0x00,0x6f,0x00,0x00,0x00,0x6f,0x00,0x00,0x00,0x6f,0x00,0x00,0x00,0x6f,0x00,0x00,0x00,0x6f,0x00,0x00,0x00,0x6f,0x00,0x00,
  0x2f,0xff,0xfb,0x00,0x08,0xff,0xf8,0x00,0x00,0x00,0xf8,0x00,0x00,0x00,0xf8,0x00,0x00,0x00,0xf8,0x00,0x00,0x00,0xf8,0x00,0x00,0x00,0xf8,0x00,0x4f,0x32,0xf5,0x00,
  0x09,0xee,0x90,0x00,0x3f,0x40,0x8f,0x20,0x3f,0x44,0xf6,0x00,0x3f,0x5e,0xa0,0x00,0x3f,0xdf,0x20,0x00,0x3f,0xee,0xa0,0x00,0x3f,0x56,0xf3,0x00,0x3f,0x40,0xdb,0x00,
  0x3f,0x40,0x5f,0x40,0x0e,0x80,0x00,0x00,0x0e,0x80,0x00,0x00,0x0e,0x80,0x00,0x00,0x0e,0x80,0x00,0x00,0x0e,0x80,0x00,0x00,0x0e,0x80,0x00,0x00,0x0e,0x80,0x00,0x00,
  0x0e,0xff,0xff,0x00,0x7f,0x60,0xbf,0x10,0x7f,0xc1,0xff,0x10,0x7c,0xf9,0xbf,0x10,0x7c,0x9f,0x5f,0x10,0x7c,0x3d,0x2f,0x10,0x7c,0x05,0x3f,0x10,0x7c,0x00,0x3f,0x10,
  0x7c,0x00,0x3f,0x10,0x4f,0xa0,0x6d,0x00,0x4f,0xf0,0x6d,0x00,0x4f,0xd5,0x6d,0x00,0x4f,0x7b,0x6d,0x00,0x4f,0x1f,0x7d,0x00,0x4f,0x0c,0xcd,0x00,0x4f,0x06,0xfd,0x00,
  0x4f,0x01,0xfd,0x00,0x04,0xdf,0xb1,0x00,0x1f,0x61,0xca,0x00,0x7f,0x00,0x6f,0x00,0x8e,0x00,0x5f,0x20,0x9e,0x00,0x5f,0x20,0x7f,0x00,0x6f,0x00,0x1f,0x61,0xca,0x00,
  0x05,0xef,0xb1,0x00,0x2f,0xff,0xd4,0x00,0x2f,0x50,0xae,0x00,0x2f,0x50,0x6f,0x10,0x2f,0x50,0xae,0x00,0x2f,0xff,0xd4,0x00,0x2f,0x50,0x00,0x00,0x2f,0x50,0x00,0x00,
  0x2f,0x50,0x00,0x00,0x04,0xdf,0xb1,0x00,0x1f,0x61,0xca,0x00,0x7f,0x00,0x6f,0x00,0x8e,0x00,0x5f,0x20,0x9e,0x00,0x5f,0x20,0x7f,0x00,0x6f,0x00,0x2f,0x61,0xcb,0x00,
  0x06,0xef,0xc1,0x00,0x00,0x4e,0x00,0x00,0x00,0x1d,0xfa,0x00,0x2f,0xff,0xd4,0x00,0x2f,0x50,0xae,0x00,0x2f,0x50,0x6f,0x10,0x2f,0x50,0xae,0x00,0x2f,0xff,0xe4,0x00,
  0x2f,0x59,0xe0,0x00,0x2f,0x51,0xf7,0x00,0x2f,0x50,0x9e,0x00,0x06,0xef,0xd6,0x00,0x2f,0x60,0x56,0x00,0x4f,0x40,0x00,0x00,0x0d,0xea,0x60,0x00,0x00,0x58,0xeb,0x00,
  0x00,0x00,0x6f,0x00,0x3a,0x20,0xad,0x00,0x1a,0xff,0xc2,0x00,0xbf,0xff,0xff,0x50,0x00,0x6f,0x00,0x00,0x00,0x6f,0x00,0x00,0x00,0x6f,0x00,0x00,0x00,0x6f,0x00,0x00,
  0x00,0x6f,0x00,0x00,0x00,0x6f,0x00,0x00,0x00,0x6f,0x00,0x00,0x5f,0x20,0x8e,0x00,0x5f,0x20,0x8e,0x00,0x5f,0x20,0x8e,0x00,0x5f,0x20,0x8e,0x00,0x4f,0x20,0x8e,0x00,
  0x4f,0x20,0x8d,0x00,0x1f,0x61,0xca,0x00,0x06,0xef,0xc2,0x00,0xae,0x00,0x3f,0x40,0x6f,0x10,0x7f,0x00,0x2f,0x50,0xbb,0x00,0x0e,0x90,0xe7,0x00,0x0a,0xd2,0xf3,0x00,
  0x06,0xf6,0xf0,0x00,0x01,0xfd,0xb0,0x00,0x00,0xdf,0x70,0x00,0xc7,0x00,0x0d,0x50,0xb8,0x00,0x0d,0x40,0xa9,0x6f,0x1e,0x30,0x9a,0x9e,0x3f,0x20,0x8a,0xc9,0x7f,0x10,
  0x7b,0xe5,0xaf,0x00,0x6e,0xc3,0xef,0x00,0x5f,0xa0,0xfe,0x00,0x6f,0x30,0x7f,0x10,0x0d,0xb1,0xf8,0x00,0x05,0xfa,0xe0,0x00,0x00,0xcf,0x60,0x00,0x00,0xef,0x80,0x00,
  0x07,0xe8,0xf1,0x00,0x1f,0x70,0xea,0x00,0x9e,0x00,0x7f,0x20,0xae,0x00,0x3f,0x40,0x3f,0x40,0xad,0x00,0x0c,0xb1,0xf5,0x00,0x05,0xf8,0xe0,0x00,0x00,0xdf,0x70,0x00,
  0x00,0x7f,0x10,0x00,0x00,0x6f,0x00,0x00,0x00,0x6f,0x00,0x00,0x5f,0xff,0xfe,0x00,0x00,0x01,0xea,0x00,0x00,0x0a,0xe1,0x00,0x00,0x4f,0x50,0x00,0x00,0xdb,0x00,0x00,
  0x09,0xf2,0x00,0x00,0x3f,0x70,0x00,0x00,0x7f,0xff,0xff,0x10,0x00,0xdf,0xf9,0x00,0x00,0xd4,0x00,0x00,0x00,0xd4,0x00,0x00,0x00,0xd4,0x00,0x00,0x00,0xd4,0x00,0x00,
  0x00,0xd4,0x00,0x00,0x00,0xd4,0x00,0x00,0x00,0xd4,0x00,0x00,0x00,0xd4,0x00,0x00,0x00,0xdf,0xf9,0x00,0x0e,0x40,0x00,0x00,0x09,0xa0,0x00,0x00,0x03,0xf0,0x00,0x00,
  0x00,0xd6,0x00,0x00,0x00,0x8b,0x00,0x00,0x00,0x2f,0x10,0x00,0x00,0x0c,0x70,0x00,0x00,0x06,0xd0,0x00,0x00,0x01,0xf3,0x00,0x00,0x00,0xb8,0x00,0x0f,0xff,0x70,0x00,
  0x00,0x0b,0x70,0x00,0x00,0x0b,0x70,0x00,0x00,0x0b,0x70,0x00,0x00,0x0b,0x70,0x00,0x00,0x0b,0x70,0x00,0x00,0x0b,0x70,0x00,0x00,0x0b,0x70,0x00,0x00,0x0b,0x70,0x00,
  0x0f,0xff,0x70,0x00,0x00,0xbf,0x40,0x00,0x03,0xfa,0xc0,0x00,0x0b,0x91,0xf4,0x00,0x3f,0x20,0x9c,0x00,0x48,0x00,0x1b,0x10,0x00,0x00,0x00,0x00,0x00,0x00,0x00,0x00,
  0x00,0x00,0x00,0x00,0x00,0x00,0x00,0x00,0x5f,0xff,0xff,0x00,0x00,0x30,0x00,0x00,0x00,0xe7,0x00,0x00,0x00,0x3b,0x00,0x00,0x00,0x00,0x00,0x00,0x00,0x00,0x00,0x00,
  0x00,0x00,0x00,0x00,0x00,0x00,0x00,0x00,0x00,0x00,0x00,0x00,0x00,0x00,0x00,0x00,0x00,0x00,0x00,0x00,0x09,0xef,0xa0,0x00,0x08,0x22,0xf6,0x00,0x00,0x00,0xd8,0x00,
  0x1b,0xff,0xf8,0x00,0x5f,0x31,0xe8,0x00,0x1c,0xfb,0x8f,0x30,0x3f,0x20,0x00,0x00,0x3f,0x20,0x00,0x00,0x3f,0x6e,0xd3,0x00,0x3f,0x60,0xbd,0x00,0x3f,0x20,0x6f,0x00,
  0x3f,0x20,0x6f,0x00,0x3f,0x60,0xbd,0x00,0x3f,0x6e,0xe4,0x00,0x03,0xcf,0xd3,0x00,0x0e,0x90,0x75,0x00,0x3f,0x30,0x00,0x00,0x3f,0x30,0x00,0x00,0x0e,0x90,0x76,0x00,
  0x03,0xcf,0xd4,0x00,0x00,0x00,0x9d,0x00,0x00,0x00,0x9d,0x00,0x08,0xfb,0x9d,0x00,0x3f,0x50,0xbd,0x00,0x7f,0x00,0x9d,0x00,0x7f,0x00,0x9d,0x00,0x4f,0x50,0xbd,0x00,
  0x09,0xfc,0x9d,0x00,0x04,0xdf,0xb1,0x00,0x1f,0x40,0x9b,0x00,0x5f,0xff,0xff,0x00,0x5f,0x00,0x00,0x00,0x1f,0x70,0x77,0x00,0x04,0xdf,0xd3,0x00,0x00,0x2d,0xff,0x10,
  0x00,0x6f,0x00,0x00,0x4f,0xff,0xff,0x10,0x00,0x7f,0x00,0x00,0x00,0x7f,0x00,0x00,0x00,0x7f,0x00,0x00,0x00,0x7f,0x00,0x00,0x2f,0xff,0xfd,0x00,0x00,0x00,0x8f,0x10,
  0x06,0xef,0xe2,0x00,0x0f,0x60,0xd8,0x00,0x0f,0x60,0xd8,0x00,0x06,0xff,0xb1,0x00,0x0f,0x20,0x00,0x00,0x0b,0xff,0xfb,0x00,0x5e,0x00,0x3f,0x40,0x1b,0xff,0xe9,0x00,
  0x2f,0x30,0x00,0x00,0x2f,0x30,0x00,0x00,0x2f,0x5d,0xd3,0x00,0x2f,0x30,0xcb,0x00,0x2f,0x30,0x9d,0x00,0x2f,0x30,0x9d,0x00,0x2f,0x30,0x9d,0x00,0x2f,0x30,0x9d,0x00,
  0x00,0x2f,0x60,0x00,0x00,0x2f,0x60,0x00,0x00,0x00,0x00,0x00,0x0e,0xff,0x50,0x00,0x00,0x0f,0x50,0x00,0x00,0x0f,0x50,0x00,0x00,0x0f,0x50,0x00,0x00,0x0f,0x50,0x00,
  0x0e,0xff,0xff,0x10,0x00,0x0a,0xd0,0x00,0x00,0x0a,0xd0,0x00,0x00,0x00,0x00,0x00,0x0f,0xff,0xc0,0x00,0x00,0x09,0xc0,0x00,0x00,0x09,0xc0,0x00,0x00,0x09,0xc0,0x00,
  0x00,0x09,0xc0,0x00,0x00,0x09,0xc0,0x00,0x00,0x09,0xc0,0x00,0x0f,0xff,0x60,0x00,0x2f,0x40,0x00,0x00,0x2f,0x40,0x00,0x00,0x2f,0x41,0xdb,0x00,0x2f,0x4c,0xb0,0x00,
  0x2f,0xef,0x20,0x00,0x2f,0x9d,0xb0,0x00,0x2f,0x43,0xf6,0x00,0x2f,0x40,0x9f,0x20,0x3f,0xff,0x00,0x00,0x00,0x6f,0x00,0x00,0x00,0x6f,0x00,0x00,0x00,0x6f,0x00,0x00,
  0x00,0x6f,0x00,0x00,0x00,0x6f,0x00,0x00,0x00,0x6f,0x00,0x00,0x3f,0xff,0xfd,0x00,0x9b,0xe8,0xdc,0x00,0x9a,0x6f,0x2f,0x20,0x99,0x4e,0x0f,0x30,0x99,0x4e,0x0f,0x30,
  0x99,0x4e,0x0f,0x30,0x99,0x4e,0x0f,0x30,0x2f,0x5d,0xd3,0x00,0x2f,0x30,0xcb,0x00,0x2f,0x30,0x9d,0x00,0x2f,0x30,0x9d,0x00,0x2f,0x30,0x9d,0x00,0x2f,0x30,0x9d,0x00,
  0x05,0xdf,0xb1,0x00,0x2f,0x50,0xbb,0x00,0x6f,0x00,0x6f,0x00,0x6f,0x00,0x6f,0x00,0x2f,0x50,0xbb,0x00,0x05,0xdf,0xb1,0x00,0x3f,0x6e,0xd3,0x00,0x3f,0x60,0xbd,0x00,
  0x3f,0x20,0x6f,0x00,0x3f,0x20,0x6f,0x00,0x3f,0x60,0xbd,0x00,0x3f,0x6e,0xe4,0x00,0x3f,0x20,0x00,0x00,0x3f,0x20,0x00,0x00,0x08,0xfb,0x9d,0x00,0x3f,0x50,0xbd,0x00,
  0x7f,0x00,0x9d,0x00,0x7f,0x00,0x9d,0x00,0x4f,0x50,0xbd,0x00,0x09,0xfc,0x9d,0x00,0x00,0x00,0x9d,0x00,0x00,0x00,0x9d,0x00,0x2f,0xfa,0x8f,0x20,0x00,0xcb,0x20,0x00,
  0x00,0xca,0x00,0x00,0x00,0xca,0x00,0x00,0x00,0xca,0x00,0x00,0x2f,0xff,0xf9,0x00,0x05,0xdf,0xd4,0x00,0x0f,0x70,0x42,0x00,0x0e,0xfe,0xb2,0x00,0x01,0x7a,0xfb,0x00,
  0x19,0x20,0xbb,0x00,0x09,0xef,0xc2,0x00,0x00,0xc8,0x00,0x00,0x00,0xd8,0x00,0x00,0x8f,0xff,0xfd,0x00,0x00,0xe8,0x00,0x00,0x00,0xe8,0x00,0x00,0x00,0xe8,0x00,0x00,
  0x00,0xd8,0x00,0x00,0x00,0x7f,0xfd,0x00,0x3f,0x20,0xac,0x00,0x3f,0x20,0xac,0x00,0x3f,0x20,0xac,0x00,0x3f,0x20,0xac,0x00,0x2f,0x60,0xcc,0x00,0x08,0xfc,0xbc,0x00,
  0x6f,0x00,0x6f,0x00,0x1f,0x50,0xaa,0x00,0x0b,0xa0,0xf5,0x00,0x06,0xe4,0xf0,0x00,0x01,0xfb,0xa0,0x00,0x00,0xbf,0x40,0x00,0xc5,0x6f,0x0b,0x60,0xa7,0x8e,0x3d,0x40,
  0x89,0xb9,0x5e,0x20,0x6a,0xc5,0x8f,0x00,0x4c,0xc3,0xce,0x00,0x2f,0xa0,0xfc,0x00,0x2f,0x60,0xbc,0x00,0x07,0xf7,0xf2,0x00,0x00,0xcf,0x60,0x00,0x00,0xdf,0x80,0x00,
  0x09,0xd6,0xf3,0x00,0x4f,0x30,0xbd,0x00,0x7f,0x00,0x5f,0x10,0x1f,0x50,0xba,0x00,0x0a,0xb1,0xf4,0x00,0x04,0xf7,0xd0,0x00,0x00,0xdf,0x70,0x00,0x00,0x8f,0x10,0x00,
  0x00,0xaa,0x00,0x00,0x2f,0xd2,0x00,0x00,0x1f,0xff,0xfb,0x00,0x00,0x05,0xf5,0x00,0x00,0x3f,0x80,0x00,0x01,0xea,0x00,0x00,0x0d,0xc0,0x00,0x00,0x3f,0xff,0xfd,0x00,
  0x00,0x6f,0xf8,0x00,0x00,0xa8,0x00,0x00,0x00,0x4d,0x00,0x00,0x00,0x0d,0x50,0x00,0x0f,0xfc,0x00,0x00,0x00,0x1d,0x50,0x00,0x00,0x1e,0x30,0x00,0x00,0x8b,0x00,0x00,
  0x00,0xa7,0x00,0x00,0x00,0x6f,0xf8,0x00,0x00,0x5e,0x00,0x00,0x00,0x5e,0x00,0x00,0x00,0x5e,0x00,0x00,0x00,0x5e,0x00,0x00,0x00,0x5e,0x00,0x00,0x00,0x5e,0x00,0x00,
  0x00,0x5e,0x00,0x00,0x00,0x5e,0x00,0x00,0x00,0x5e,0x00,0x00,0x00,0x5e,0x00,0x00,0x0f,0xfe,0x10,0x00,0x00,0x0e,0x30,0x00,0x00,0x5d,0x00,0x00,0x00,0xc7,0x00,0x00,
  0x00,0x4e,0xf8,0x00,0x00,0xc7,0x00,0x00,0x00,0xa9,0x00,0x00,0x00,0x1f,0x20,0x00,0x00,0x0e,0x30,0x00,0x0f,0xfd,0x10,0x00,0x0a,0xe3,0x0d,0x10,0x4c,0x5d,0x3d,0x00,
  0x68,0x09,0xf5,0x00,0x00,0x00,0x00,0x00,0x00,0x00,0x00,0x00,0x00,0x9f,0x30,0x00,0x00,0x9f,0x30,0x00,0x00,0x00,0x00,0x00,0x00,0x00,0x00,0x00,0xff,0xff,0xff,0x90,
  0x00,0x00,0x00,0x00,0x00,0x00,0x00,0x00,0x00,0x00,0x00,0x00,0x7c,0x5d,0x3e,0x10,0x7c,0x5e,0x3e,0x20,0x01,0xdf,0x80,0x00,0x04,0xff,0xd0,0x00,0x01,0xdf,0x80,0x00,
  0x00,0x00,0x00,0x00,0x00,0x00,0x00,0x00,0xaf,0xff,0xff,0x40,0xa5,0x00,0x0b,0x40,0xa5,0x00,0x0b,0x40,0xa5,0x00,0x0b,0x40,0xa5,0x00,0x0b,0x40,0xa5,0x00,0x0b,0x40,
  0xa5,0x00,0x0b,0x40,0xa5,0x00,0x0b,0x40,0xaf,0xff,0xff,0x40,0x00,0x4f,0x70,0x00,0x00,0x7f,0x10,0x00,0x00,0x9a,0x00,0x00,0x00,0x52,0x00,0x00,0x00,0x00,0x00,0x00,
  0x00,0x00,0x00,0x00,0x00,0x00,0x00,0x00,0x00,0x00,0x00,0x00,
};
const sig_font_t sigf_25 = { 1, 600, 11.0f, 12, 4, 0, 101, sigf_25_ch, sigf_25_gl, sigf_25_bmp, 3020 };
// --- mono 600 normal 11.5px  (101 glyphs, 3100 bytes)
static const sig_glyph_t sigf_26_gl[] = {
  {0,0,0,0,0,7},
  {0,7,8,0,-8,7},
  {32,7,9,0,-9,7},
  {68,8,8,0,-8,7},
  {100,7,10,0,-9,7},
  {140,8,8,0,-8,7},
  {172,8,8,0,-8,7},
  {204,7,9,0,-9,7},
  {240,7,11,0,-9,7},
  {284,7,11,0,-9,7},
  {328,7,7,0,-7,7},
  {356,7,7,0,-7,7},
  {384,7,4,0,-2,7},
  {400,7,4,0,-4,7},
  {416,7,2,0,-2,7},
  {424,7,11,0,-9,7},
  {468,7,8,0,-8,7},
  {500,7,8,0,-8,7},
  {532,7,8,0,-8,7},
  {564,7,8,0,-8,7},
  {596,7,8,0,-8,7},
  {628,7,8,0,-8,7},
  {660,7,8,0,-8,7},
  {692,7,8,0,-8,7},
  {724,7,8,0,-8,7},
  {756,7,8,0,-8,7},
  {788,7,6,0,-6,7},
  {812,7,8,0,-6,7},
  {844,7,7,0,-7,7},
  {872,7,5,0,-5,7},
  {892,7,7,0,-7,7},
  {920,7,8,0,-8,7},
  {952,7,9,0,-8,7},
  {988,8,8,0,-8,7},
  {1020,7,8,0,-8,7},
  {1052,7,8,0,-8,7},
  {1084,7,8,0,-8,7},
  {1116,7,8,0,-8,7},
  {1148,7,8,0,-8,7},
  {1180,7,8,0,-8,7},
  {1212,7,8,0,-8,7},
  {1244,7,8,0,-8,7},
  {1276,7,8,0,-8,7},
  {1308,8,8,0,-8,7},
  {1340,7,8,0,-8,7},
  {1372,7,8,0,-8,7},
  {1404,7,8,0,-8,7},
  {1436,7,8,0,-8,7},
  {1468,7,8,0,-8,7},
  {1500,7,10,0,-8,7},
  {1540,7,8,0,-8,7},
  {1572,7,8,0,-8,7},
  {1604,7,8,0,-8,7},
  {1636,7,8,0,-8,7},
  {1668,7,8,0,-8,7},
  {1700,7,8,0,-8,7},
  {1732,8,8,0,-8,7},
  {1764,8,8,0,-8,7},
  {1796,7,8,0,-8,7},
  {1828,7,11,0,-9,7},
  {1872,7,11,0,-9,7},
  {1916,7,11,0,-9,7},
  {1960,7,8,0,-8,7},
  {1992,7,2,0,0,7},
  {2000,7,10,0,-10,7},
  {2040,7,6,0,-6,7},
  {2064,7,9,0,-9,7},
  {2100,7,6,0,-6,7},
  {2124,7,9,0,-9,7},
  {2160,7,6,0,-6,7},
  {2184,7,9,0,-9,7},
  {2220,7,9,0,-7,7},
  {2256,7,9,0,-9,7},
  {2292,7,9,0,-9,7},
  {2328,7,11,0,-9,7},
  {2372,8,9,0,-9,7},
  {2408,7,9,0,-9,7},
  {2444,7,6,0,-6,7},
  {2468,7,6,0,-6,7},
  {2492,7,6,0,-6,7},
  {2516,7,8,0,-6,7},
  {2548,7,8,0,-6,7},
  {2580,7,6,0,-6,7},
  {2604,7,6,0,-6,7},
  {2628,7,8,0,-8,7},
  {2660,7,6,0,-6,7},
  {2684,7,6,0,-6,7},
  {2708,8,6,0,-6,7},
  {2732,7,6,0,-6,7},
  {2756,7,8,0,-6,7},
  {2788,7,6,0,-6,7},
  {2812,7,11,0,-9,7},
  {2856,7,11,0,-9,7},
  {2900,7,11,0,-9,7},
  {2944,7,5,0,-5,7},
  {2964,7,5,0,-5,7},
  {2984,8,4,0,-4,7},
  {3000,7,2,0,-2,7},
  {3008,7,5,0,-5,7},
  {3028,7,9,0,-9,7},
  {3064,7,9,0,-9,7},
};
static const char sigf_26_ch[] = " !\"#$%&'()*+,-./0123456789:;<=>?@ABCDEFGHIJKLMNOPQRSTUVWXYZ[\\]^_`abcdefghijklmnopqrstuvwxyz{|}~·—…•→’";
static const uint8_t sigf_26_bmp[] = {
  0x00,0x3f,0x70,0x00,0x00,0x3f,0x70,0x00,0x00,0x2f,0x50,0x00,0x00,0x0f,0x20,0x00,0x00,0x0b,0x00,0x00,0x00,0x00,0x00,0x00,0x00,0x4f,0x70,0x00,0x00,0x5f,0x70,0x00,
  0x05,0xf0,0xd9,0x00,0x05,0xf0,0xd9,0x00,0x05,0xf0,0xd9,0x00,0x04,0xb0,0x96,0x00,0x00,0x00,0x00,0x00,0x00,0x00,0x00,0x00,0x00,0x00,0x00,0x00,0x00,0x00,0x00,0x00,
  0x00,0x00,0x00,0x00,0x00,0x8b,0x3f,0x00,0x00,0xc8,0x6c,0x00,0x6f,0xf5,0x9f,0xf1,0x01,0xf2,0xc6,0x00,0x03,0xf0,0xf5,0x00,0xef,0xc2,0xff,0x90,0x09,0x95,0xe0,0x00,
  0x0c,0x68,0xb0,0x00,0x00,0x0e,0x50,0x00,0x06,0xdf,0xfb,0x20,0x2f,0x7c,0x59,0x10,0x3f,0x5c,0x30,0x00,0x0b,0xff,0x93,0x00,0x00,0x3d,0xcf,0x50,0x00,0x0c,0x3c,0xb0,
  0x2c,0x3c,0x5e,0x80,0x19,0xdf,0xe9,0x00,0x00,0x0e,0x50,0x00,0x4e,0xe4,0x06,0xc0,0xc6,0x6c,0x1e,0x30,0xc6,0x6c,0xa9,0x00,0x4e,0xe4,0x00,0x00,0x00,0x02,0xdf,0x60,
  0x06,0xc9,0x93,0xf0,0x1e,0x39,0x93,0xf0,0x99,0x02,0xdf,0x70,0x05,0xdf,0xa0,0x00,0x0f,0x72,0xa1,0x00,0x0f,0x70,0x00,0x00,0x09,0xf2,0x00,0x00,0x5f,0xae,0x3f,0xe0,
  0xbb,0x0b,0xed,0x00,0xad,0x14,0xfd,0x00,0x2c,0xfc,0x2e,0xa0,0x00,0x1f,0x40,0x00,0x00,0x1f,0x40,0x00,0x00,0x1f,0x40,0x00,0x00,0x1b,0x30,0x00,0x00,0x00,0x00,0x00,
  0x00,0x00,0x00,0x00,0x00,0x00,0x00,0x00,0x00,0x00,0x00,0x00,0x00,0x00,0x00,0x00,0x00,0x00,0xca,0x00,0x00,0x09,0xb0,0x00,0x00,0x2f,0x20,0x00,0x00,0x8b,0x00,0x00,
  0x00,0xb9,0x00,0x00,0x00,0xc8,0x00,0x00,0x00,0xb9,0x00,0x00,0x00,0x8b,0x00,0x00,0x00,0x2f,0x20,0x00,0x00,0x09,0xb0,0x00,0x00,0x00,0xca,0x00,0x07,0xe2,0x00,0x00,
  0x00,0x9c,0x00,0x00,0x00,0x0e,0x50,0x00,0x00,0x08,0xb0,0x00,0x00,0x06,0xe0,0x00,0x00,0x05,0xf0,0x00,0x00,0x06,0xe0,0x00,0x00,0x08,0xb0,0x00,0x00,0x0e,0x50,0x00,
  0x00,0x9c,0x00,0x00,0x07,0xe2,0x00,0x00,0x00,0x1f,0x40,0x00,0x13,0x1f,0x42,0x30,0x6f,0xef,0xef,0x90,0x01,0xcf,0xe2,0x00,0x03,0xf8,0xf6,0x00,0x07,0xa0,0x7a,0x00,
  0x00,0x00,0x00,0x00,0x00,0x05,0x10,0x00,0x00,0x1f,0x40,0x00,0x00,0x1f,0x40,0x00,0x4f,0xff,0xff,0x70,0x00,0x1f,0x40,0x00,0x00,0x1f,0x40,0x00,0x00,0x04,0x10,0x00,
  0x00,0x4f,0xb0,0x00,0x00,0x6f,0x40,0x00,0x00,0x9e,0x00,0x00,0x00,0xc8,0x00,0x00,0x04,0xff,0xf7,0x00,0x00,0x00,0x00,0x00,0x00,0x00,0x00,0x00,0x00,0x00,0x00,0x00,
  0x00,0x5f,0x90,0x00,0x00,0x5f,0x90,0x00,0x00,0x00,0x4f,0x10,0x00,0x00,0xab,0x00,0x00,0x00,0xf5,0x00,0x00,0x05,0xf0,0x00,0x00,0x0b,0xa0,0x00,0x00,0x1f,0x40,0x00,
  0x00,0x7e,0x00,0x00,0x00,0xc9,0x00,0x00,0x02,0xf3,0x00,0x00,0x08,0xd0,0x00,0x00,0x0e,0x70,0x00,0x00,0x03,0xdf,0xe6,0x00,0x1f,0x80,0x6f,0x30,0x6f,0x10,0x0e,0x90,
  0x8f,0x00,0x0d,0xb0,0x8f,0x1e,0x3d,0xb0,0x6f,0x2e,0x3e,0x90,0x1f,0x80,0x5f,0x30,0x03,0xdf,0xe6,0x00,0x00,0xdf,0xf0,0x00,0x0b,0xda,0xf0,0x00,0x4f,0x29,0xf0,0x00,
  0x01,0x09,0xf0,0x00,0x00,0x09,0xf0,0x00,0x00,0x09,0xf0,0x00,0x00,0x09,0xf0,0x00,0x0e,0xff,0xff,0xd0,0x07,0xdf,0xd6,0x00,0x3f,0x60,0x9f,0x20,0x01,0x00,0x5f,0x50,
  0x00,0x00,0xae,0x10,0x00,0x08,0xe3,0x00,0x00,0xbd,0x20,0x00,0x2d,0xd1,0x00,0x00,0x4f,0xff,0xff,0x90,0x08,0xef,0xd7,0x00,0x1b,0x40,0x8f,0x40,0x00,0x00,0x8f,0x20,
  0x00,0x9f,0xf5,0x00,0x00,0x00,0x8f,0x30,0x00,0x00,0x2f,0x70,0x4e,0x30,0x8f,0x40,0x19,0xef,0xd5,0x00,0x00,0x09,0xfb,0x00,0x00,0x5f,0xeb,0x00,0x01,0xe6,0xcb,0x00,
  0x0b,0xb0,0xcb,0x00,0x6e,0x10,0xcb,0x00,0xaf,0xff,0xff,0xd0,0x00,0x00,0xcb,0x00,0x00,0x00,0xcb,0x00,0x0d,0xff,0xff,0x30,0x0e,0x50,0x00,0x00,0x0f,0x40,0x00,0x00,
  0x0f,0x7d,0xe9,0x00,0x08,0x50,0x5f,0x70,0x00,0x00,0x0f,0xa0,0x2d,0x50,0x5f,0x50,0x08,0xef,0xd7,0x00,0x00,0x2d,0xd3,0x00,0x02,0xeb,0x00,0x00,0x0b,0xd0,0x00,0x00,
  0x3f,0xad,0xfa,0x00,0x6f,0x80,0x4f,0x70,0x5f,0x30,0x0e,0xa0,0x1f,0x80,0x4f,0x60,0x03,0xcf,0xd7,0x00,0x5f,0xff,0xff,0x80,0x5f,0x00,0x3f,0x70,0x5f,0x00,0xaf,0x10,
  0x00,0x01,0xf9,0x00,0x00,0x08,0xf2,0x00,0x00,0x0e,0xb0,0x00,0x00,0x5f,0x40,0x00,0x00,0xcd,0x00,0x00,0x06,0xdf,0xe8,0x00,0x2f,0x70,0x4f,0x50,0x1f,0x70,0x4f,0x30,
  0x05,0xff,0xf7,0x00,0x3f,0x70,0x4f,0x60,0x7f,0x20,0x0f,0xa0,0x3f,0x70,0x4f,0x60,0x05,0xdf,0xd8,0x00,0x05,0xcf,0xd5,0x00,0x3f,0x70,0x5f,0x30,0x7f,0x20,0x0f,0x80,
  0x4f,0x70,0x5f,0x90,0x08,0xee,0x9f,0x60,0x00,0x00,0xbe,0x00,0x00,0x09,0xf4,0x00,0x01,0xbf,0x40,0x00,0x00,0x5f,0x90,0x00,0x00,0x5f,0x90,0x00,0x00,0x00,0x00,0x00,
  0x00,0x00,0x00,0x00,0x00,0x5f,0x90,0x00,0x00,0x5f,0x90,0x00,0x00,0x5f,0x90,0x00,0x00,0x5f,0x90,0x00,0x00,0x00,0x00,0x00,0x00,0x00,0x00,0x00,0x00,0x4f,0xb0,0x00,
  0x00,0x6f,0x40,0x00,0x00,0x9e,0x00,0x00,0x00,0xc8,0x00,0x00,0x00,0x00,0x1a,0x20,0x00,0x18,0xfc,0x10,0x07,0xed,0x50,0x00,0x0f,0xc0,0x00,0x00,0x07,0xed,0x50,0x00,
  0x00,0x18,0xfc,0x10,0x00,0x00,0x1a,0x20,0x4f,0xff,0xff,0x70,0x00,0x00,0x00,0x00,0x4f,0xff,0xff,0x70,0x00,0x00,0x00,0x00,0x00,0x00,0x00,0x00,0x0b,0x30,0x00,0x00,
  0x0b,0xfa,0x20,0x00,0x00,0x3c,0xf9,0x00,0x00,0x00,0x9f,0x30,0x00,0x3c,0xf9,0x00,0x0b,0xfa,0x20,0x00,0x0b,0x30,0x00,0x00,0x06,0xdf,0xd5,0x00,0x0e,0x80,0x9f,0x10,
  0x00,0x00,0x8f,0x20,0x00,0x4c,0xf8,0x00,0x00,0x6f,0x10,0x00,0x00,0x00,0x00,0x00,0x00,0x8f,0x40,0x00,0x00,0x8f,0x40,0x00,0x03,0xcf,0xd6,0x00,0x0e,0x70,0x2e,0x30,
  0x4e,0x0b,0xec,0x70,0x6c,0x4f,0x1b,0x80,0x7c,0x5d,0x09,0x80,0x6c,0x4e,0x0a,0x80,0x4e,0x0d,0xec,0x80,0x0d,0x91,0x00,0x00,0x02,0xbf,0xf6,0x00,0x00,0xaf,0xd0,0x00,
  0x00,0xee,0xf2,0x00,0x03,0xf6,0xf6,0x00,0x08,0xf0,0xdb,0x00,0x0d,0xb0,0x9f,0x00,0x1f,0xff,0xff,0x50,0x6f,0x20,0x1f,0x90,0xbe,0x00,0x0c,0xe0,0x0f,0xff,0xe9,0x00,
  0x0f,0x80,0x6f,0x40,0x0f,0x80,0x6f,0x20,0x0f,0xff,0xf8,0x00,0x0f,0x80,0x4f,0x50,0x0f,0x80,0x0f,0x90,0x0f,0x80,0x4f,0x60,0x0f,0xff,0xf9,0x00,0x02,0xcf,0xe9,0x00,
  0x0d,0xc1,0x4f,0x70,0x3f,0x50,0x03,0x00,0x5f,0x40,0x00,0x00,0x5f,0x40,0x00,0x00,0x3f,0x50,0x03,0x00,0x0d,0xb1,0x4f,0x70,0x02,0xcf,0xe9,0x00,0x2f,0xff,0xd5,0x00,
  0x2f,0x60,0x8f,0x20,0x2f,0x60,0x0f,0x80,0x2f,0x60,0x0f,0xa0,0x2f,0x60,0x0f,0xa0,0x2f,0x60,0x0f,0x80,0x2f,0x60,0x8f,0x20,0x2f,0xff,0xd5,0x00,0x0f,0xff,0xff,0x40,
  0x0f,0x90,0x00,0x00,0x0f,0x90,0x00,0x00,0x0f,0xff,0xff,0x20,0x0f,0x90,0x00,0x00,0x0f,0x90,0x00,0x00,0x0f,0x90,0x00,0x00,0x0f,0xff,0xff,0x40,0x0f,0xff,0xff,0x70,
  0x0f,0x90,0x00,0x00,0x0f,0x90,0x00,0x00,0x0f,0xff,0xff,0x10,0x0f,0x90,0x00,0x00,0x0f,0x90,0x00,0x00,0x0f,0x90,0x00,0x00,0x0f,0x90,0x00,0x00,0x03,0xcf,0xd7,0x00,
  0x0e,0xa0,0x7f,0x40,0x5f,0x30,0x03,0x00,0x7f,0x20,0x00,0x00,0x7f,0x27,0xff,0x70,0x5f,0x30,0x0f,0x70,0x1f,0xa0,0x4f,0x70,0x05,0xee,0x6f,0x70,0x3f,0x60,0x2f,0x60,
  0x3f,0x60,0x2f,0x60,0x3f,0x60,0x2f,0x60,0x3f,0xff,0xff,0x60,0x3f,0x60,0x2f,0x60,0x3f,0x60,0x2f,0x60,0x3f,0x60,0x2f,0x60,0x3f,0x60,0x2f,0x60,0x1f,0xff,0xff,0x40,
  0x00,0x3f,0x60,0x00,0x00,0x3f,0x60,0x00,0x00,0x3f,0x60,0x00,0x00,0x3f,0x60,0x00,0x00,0x3f,0x60,0x00,0x00,0x3f,0x60,0x00,0x1f,0xff,0xff,0x40,0x06,0xff,0xff,0x00,
  0x00,0x00,0x9f,0x00,0x00,0x00,0x9f,0x00,0x00,0x00,0x9f,0x00,0x00,0x00,0x9f,0x00,0x01,0x00,0x9f,0x00,0x3f,0x70,0xcd,0x00,0x07,0xef,0xc3,0x00,0x2f,0x70,0x2f,0xa0,
  0x2f,0x70,0xdd,0x00,0x2f,0x7a,0xf2,0x00,0x2f,0xdf,0x90,0x00,0x2f,0xfd,0xf1,0x00,0x2f,0xa2,0xfa,0x00,0x2f,0x70,0x8f,0x40,0x2f,0x70,0x0e,0xd0,0x0c,0xc0,0x00,0x00,
  0x0c,0xc0,0x00,0x00,0x0c,0xc0,0x00,0x00,0x0c,0xc0,0x00,0x00,0x0c,0xc0,0x00,0x00,0x0c,0xc0,0x00,0x00,0x0c,0xc0,0x00,0x00,0x0c,0xff,0xff,0x70,0x6f,0xa0,0x5f,0xa0,
  0x6f,0xf1,0xcf,0xa0,0x6e,0xdb,0xfc,0xa0,0x6e,0x6f,0xab,0xa0,0x6e,0x1f,0x3b,0xa0,0x6f,0x06,0x0c,0xa0,0x6f,0x00,0x0c,0xa0,0x6f,0x00,0x0c,0xa0,0x3f,0xe0,0x0f,0x60,
  0x3f,0xf5,0x0f,0x60,0x3f,0xdb,0x0f,0x60,0x3f,0x6f,0x1f,0x60,0x3f,0x2e,0x7f,0x60,0x3f,0x28,0xef,0x60,0x3f,0x22,0xff,0x60,0x3f,0x20,0xbf,0x60,0x03,0xdf,0xe6,0x00,
  0x1f,0x90,0x6f,0x30,0x6f,0x20,0x0f,0x90,0x8f,0x10,0x0e,0xb0,0x8f,0x10,0x0e,0xb0,0x6f,0x20,0x0f,0x90,0x1f,0x90,0x6f,0x30,0x03,0xdf,0xe6,0x00,0x0f,0xff,0xfa,0x00,
  0x0f,0x80,0x4f,0x70,0x0f,0x80,0x0f,0x90,0x0f,0x80,0x4f,0x70,0x0f,0xff,0xfa,0x00,0x0f,0x80,0x00,0x00,0x0f,0x80,0x00,0x00,0x0f,0x80,0x00,0x00,0x03,0xdf,0xe6,0x00,
  0x1f,0x90,0x6f,0x30,0x6f,0x20,0x0f,0x90,0x8f,0x10,0x0e,0xb0,0x8f,0x10,0x0e,0xb0,0x6f,0x20,0x0f,0x90,0x1f,0x90,0x6f,0x30,0x04,0xdf,0xe6,0x00,0x00,0x0f,0x40,0x00,
  0x00,0x0a,0xff,0x30,0x0f,0xff,0xfa,0x00,0x0f,0x80,0x4f,0x60,0x0f,0x80,0x0f,0x90,0x0f,0x80,0x4f,0x70,0x0f,0xff,0xfa,0x00,0x0f,0x84,0xf6,0x00,0x0f,0x80,0xbe,0x00,
  0x0f,0x80,0x3f,0x80,0x05,0xdf,0xea,0x20,0x1f,0x90,0x2a,0x10,0x3f,0x60,0x00,0x00,0x0c,0xfb,0x72,0x00,0x00,0x47,0xcf,0x40,0x00,0x00,0x0f,0x90,0x3c,0x40,0x4f,0x60,
  0x1a,0xef,0xd7,0x00,0xbf,0xff,0xff,0xe0,0x00,0x3f,0x60,0x00,0x00,0x3f,0x60,0x00,0x00,0x3f,0x60,0x00,0x00,0x3f,0x60,0x00,0x00,0x3f,0x60,0x00,0x00,0x3f,0x60,0x00,
  0x00,0x3f,0x60,0x00,0x4f,0x50,0x1f,0x70,0x4f,0x50,0x1f,0x70,0x4f,0x50,0x1f,0x70,0x4f,0x50,0x1f,0x70,0x3f,0x50,0x1f,0x70,0x3f,0x50,0x2f,0x60,0x0f,0x90,0x6f,0x30,
  0x05,0xdf,0xe7,0x00,0xaf,0x10,0x0c,0xd0,0x5f,0x50,0x0f,0x90,0x1f,0x90,0x4f,0x40,0x0c,0xd0,0x9f,0x00,0x08,0xf1,0xdb,0x00,0x03,0xf6,0xf6,0x00,0x00,0xee,0xf2,0x00,
  0x00,0xaf,0xd0,0x00,0xc9,0x00,0x05,0xf0,0xaa,0x00,0x06,0xe0,0x9b,0x3f,0x77,0xc0,0x8c,0x6f,0xa8,0xb0,0x7d,0x9a,0xd9,0xa0,0x6e,0xc4,0xfa,0x90,0x5f,0xf1,0xde,0x80,
  0x4f,0xe0,0xbf,0x70,0x6f,0x60,0x1f,0x90,0x0c,0xe0,0xae,0x10,0x03,0xfa,0xf6,0x00,0x00,0x9f,0xd0,0x00,0x00,0xbf,0xe0,0x00,0x05,0xf6,0xf8,0x00,0x0e,0xb0,0x9f,0x20,
  0x8f,0x20,0x1f,0xb0,0xaf,0x10,0x0d,0xd0,0x2f,0x80,0x4f,0x50,0x0b,0xe0,0xbd,0x00,0x03,0xf8,0xf6,0x00,0x00,0xbf,0xe0,0x00,0x00,0x4f,0x70,0x00,0x00,0x3f,0x60,0x00,
  0x00,0x3f,0x60,0x00,0x4f,0xff,0xff,0x70,0x00,0x00,0x9f,0x30,0x00,0x05,0xf7,0x00,0x00,0x1e,0xc0,0x00,0x00,0xbf,0x20,0x00,0x06,0xf5,0x00,0x00,0x2f,0xa0,0x00,0x00,
  0x6f,0xff,0xff,0xa0,0x00,0xaf,0xff,0x10,0x00,0xa9,0x00,0x00,0x00,0xa9,0x00,0x00,0x00,0xa9,0x00,0x00,0x00,0xa9,0x00,0x00,0x00,0xa9,0x00,0x00,0x00,0xa9,0x00,0x00,
  0x00,0xa9,0x00,0x00,0x00,0xa9,0x00,0x00,0x00,0xa9,0x00,0x00,0x00,0xaf,0xff,0x10,0x0e,0x70,0x00,0x00,0x08,0xd0,0x00,0x00,0x02,0xf3,0x00,0x00,0x00,0xc9,0x00,0x00,
  0x00,0x7e,0x00,0x00,0x00,0x1f,0x40,0x00,0x00,0x0b,0xa0,0x00,0x00,0x05,0xf0,0x00,0x00,0x00,0xf5,0x00,0x00,0x00,0xab,0x00,0x00,0x00,0x4f,0x10,0x0e,0xff,0xd0,0x00,
  0x00,0x06,0xd0,0x00,0x00,0x06,0xd0,0x00,0x00,0x06,0xd0,0x00,0x00,0x06,0xd0,0x00,0x00,0x06,0xd0,0x00,0x00,0x06,0xd0,0x00,0x00,0x06,0xd0,0x00,0x00,0x06,0xd0,0x00,
  0x00,0x06,0xd0,0x00,0x0e,0xff,0xd0,0x00,0x00,0x7f,0xa0,0x00,0x00,0xeb,0xf2,0x00,0x07,0xe0,0xda,0x00,0x0e,0x70,0x5f,0x20,0x6e,0x00,0x0d,0x90,0x02,0x00,0x02,0x00,
  0x00,0x00,0x00,0x00,0x00,0x00,0x00,0x00,0x00,0x00,0x00,0x00,0x4f,0xff,0xff,0x70,0x00,0x54,0x00,0x00,0x00,0xad,0x00,0x00,0x00,0x0c,0x20,0x00,0x00,0x00,0x00,0x00,
  0x00,0x00,0x00,0x00,0x00,0x00,0x00,0x00,0x00,0x00,0x00,0x00,0x00,0x00,0x00,0x00,0x00,0x00,0x00,0x00,0x00,0x00,0x00,0x00,0x07,0xef,0xd4,0x00,0x08,0x30,0xce,0x00,
  0x00,0x00,0x7f,0x00,0x0a,0xef,0xff,0x00,0x4f,0x60,0x9f,0x00,0x0b,0xfd,0x5e,0xc0,0x2f,0x50,0x00,0x00,0x2f,0x50,0x00,0x00,0x2f,0x50,0x00,0x00,0x2f,0x7d,0xf9,0x00,
  0x2f,0x90,0x5f,0x50,0x2f,0x50,0x0f,0x90,0x2f,0x50,0x0f,0x90,0x2f,0x91,0x5f,0x60,0x2f,0x7d,0xfa,0x00,0x02,0xbf,0xe9,0x00,0x0d,0xb1,0x4a,0x10,0x1f,0x60,0x00,0x00,
  0x2f,0x60,0x00,0x00,0x0d,0xb1,0x3b,0x20,0x02,0xbf,0xe9,0x00,0x00,0x00,0x2f,0x60,0x00,0x00,0x2f,0x60,0x00,0x00,0x2f,0x60,0x07,0xee,0x6f,0x60,0x2f,0x80,0x6f,0x60,
  0x6f,0x20,0x2f,0x60,0x6f,0x20,0x2f,0x60,0x3f,0x80,0x6f,0x60,0x07,0xee,0x6f,0x60,0x03,0xcf,0xd6,0x00,0x0e,0x70,0x4f,0x40,0x4f,0xff,0xff,0x80,0x4f,0x30,0x00,0x00,
  0x0e,0xa1,0x2b,0x10,0x03,0xcf,0xe9,0x00,0x00,0x0a,0xff,0xa0,0x00,0x2f,0x50,0x00,0x00,0x3f,0x50,0x00,0x3f,0xff,0xff,0xa0,0x00,0x3f,0x50,0x00,0x00,0x3f,0x50,0x00,
  0x00,0x3f,0x50,0x00,0x00,0x3f,0x50,0x00,0x1f,0xff,0xff,0x50,0x00,0x00,0x2f,0xa0,0x04,0xdf,0xe8,0x00,0x0f,0x90,0x8f,0x10,0x0f,0x90,0x7f,0x00,0x04,0xff,0xd5,0x00,
  0x0e,0x40,0x00,0x00,0x09,0xff,0xfe,0x60,0x4f,0x20,0x0b,0xd0,0x1b,0xff,0xfc,0x40,0x1f,0x70,0x00,0x00,0x1f,0x70,0x00,0x00,0x1f,0x70,0x00,0x00,0x1f,0x7a,0xf9,0x00,
  0x1f,0x50,0x7f,0x30,0x1f,0x70,0x2f,0x50,0x1f,0x70,0x2f,0x50,0x1f,0x70,0x2f,0x50,0x1f,0x70,0x2f,0x50,0x00,0x0d,0xc0,0x00,0x00,0x0d,0xc0,0x00,0x00,0x00,0x00,0x00,
  0x0d,0xff,0xc0,0x00,0x00,0x0c,0xc0,0x00,0x00,0x0c,0xc0,0x00,0x00,0x0c,0xc0,0x00,0x00,0x0c,0xc0,0x00,0x0d,0xff,0xff,0xa0,0x00,0x05,0xf4,0x00,0x00,0x05,0xf4,0x00,
  0x00,0x00,0x00,0x00,0x0e,0xff,0xf3,0x00,0x00,0x04,0xf3,0x00,0x00,0x04,0xf3,0x00,0x00,0x04,0xf3,0x00,0x00,0x04,0xf3,0x00,0x00,0x04,0xf3,0x00,0x00,0x04,0xf3,0x00,
  0x0d,0xff,0xb0,0x00,0x1f,0x70,0x00,0x00,0x1f,0x70,0x00,0x00,0x1f,0x70,0x00,0x00,0x1f,0x70,0x8f,0x40,0x1f,0x79,0xf3,0x00,0x1f,0xef,0x80,0x00,0x1f,0xda,0xf2,0x00,
  0x1f,0x70,0xdd,0x00,0x1f,0x70,0x3f,0xa0,0x2f,0xff,0x60,0x00,0x00,0x2f,0x60,0x00,0x00,0x2f,0x60,0x00,0x00,0x2f,0x60,0x00,0x00,0x2f,0x60,0x00,0x00,0x2f,0x60,0x00,
  0x00,0x2f,0x60,0x00,0x00,0x2f,0x60,0x00,0x2f,0xff,0xff,0x50,0x9c,0xdc,0x8f,0x50,0x9d,0x2f,0x5a,0xb0,0x9b,0x0f,0x38,0xc0,0x9b,0x0f,0x38,0xc0,0x9b,0x0f,0x38,0xc0,
  0x9b,0x0f,0x38,0xc0,0x1f,0x7a,0xf9,0x00,0x1f,0x50,0x7f,0x30,0x1f,0x70,0x2f,0x50,0x1f,0x70,0x2f,0x50,0x1f,0x70,0x2f,0x50,0x1f,0x70,0x2f,0x50,0x03,0xcf,0xd5,0x00,
  0x1f,0x80,0x6f,0x30,0x5f,0x30,0x0f,0x80,0x5f,0x30,0x0f,0x80,0x1f,0x80,0x6f,0x30,0x03,0xcf,0xd5,0x00,0x2f,0x7d,0xf9,0x00,0x2f,0x90,0x5f,0x50,0x2f,0x50,0x0f,0x90,
  0x2f,0x50,0x0f,0x90,0x2f,0x91,0x5f,0x60,0x2f,0x7d,0xfa,0x00,0x2f,0x50,0x00,0x00,0x2f,0x50,0x00,0x00,0x07,0xee,0x6f,0x60,0x2f,0x80,0x6f,0x60,0x6f,0x20,0x2f,0x60,
  0x6f,0x20,0x2f,0x60,0x3f,0x80,0x6f,0x60,0x07,0xee,0x6f,0x60,0x00,0x00,0x2f,0x60,0x00,0x00,0x2f,0x60,0x1f,0xff,0x3d,0xb0,0x00,0x9f,0x30,0x00,0x00,0x9f,0x00,0x00,
  0x00,0x9f,0x00,0x00,0x00,0x9f,0x00,0x00,0x1f,0xff,0xff,0x20,0x04,0xdf,0xea,0x00,0x0e,0xb0,0x25,0x00,0x0c,0xff,0xc7,0x00,0x00,0x69,0xdf,0x40,0x1a,0x30,0x5f,0x30,
  0x08,0xef,0xe7,0x00,0x00,0x9d,0x00,0x00,0x00,0xad,0x00,0x00,0x8f,0xff,0xff,0x50,0x00,0xbd,0x00,0x00,0x00,0xbd,0x00,0x00,0x00,0xbd,0x00,0x00,0x00,0xad,0x00,0x00,
  0x00,0x4e,0xff,0x50,0x2f,0x60,0x3f,0x40,0x2f,0x60,0x3f,0x40,0x2f,0x60,0x3f,0x40,0x2f,0x60,0x3f,0x40,0x0f,0xa0,0x7f,0x40,0x06,0xee,0x8f,0x40,0x5f,0x30,0x0f,0x90,
  0x0f,0x80,0x4f,0x30,0x0a,0xe0,0x9d,0x00,0x04,0xf3,0xe7,0x00,0x00,0xec,0xf1,0x00,0x00,0x8f,0xb0,0x00,0xc8,0x2f,0x63,0xf0,0xa9,0x5f,0x95,0xd0,0x8b,0x79,0xb7,0xb0,
  0x6d,0xa4,0xe9,0x90,0x3e,0xd1,0xdc,0x60,0x1f,0xe0,0xbf,0x40,0x2f,0xa0,0x5f,0x40,0x05,0xf7,0xe8,0x00,0x00,0x9f,0xc0,0x00,0x00,0xbf,0xd0,0x00,0x07,0xf3,0xea,0x00,
  0x3f,0x60,0x5f,0x60,0x7f,0x20,0x0e,0xa0,0x0f,0x90,0x4f,0x30,0x09,0xe0,0xbc,0x00,0x02,0xf6,0xf5,0x00,0x00,0xbf,0xe0,0x00,0x00,0x4f,0x70,0x00,0x00,0x6f,0x10,0x00,
  0x1f,0xe6,0x00,0x00,0x0f,0xff,0xff,0x30,0x00,0x01,0xec,0x00,0x00,0x1d,0xd1,0x00,0x00,0xce,0x10,0x00,0x0b,0xe2,0x00,0x00,0x2f,0xff,0xff,0x50,0x00,0x3e,0xff,0x00,
  0x00,0x6c,0x00,0x00,0x00,0x5f,0x10,0x00,0x00,0x0b,0x90,0x00,0x00,0x09,0xc0,0x00,0x0d,0xfe,0x30,0x00,0x00,0x09,0xc0,0x00,0x00,0x0b,0x90,0x00,0x00,0x5f,0x10,0x00,
  0x00,0x6c,0x00,0x00,0x00,0x3e,0xff,0x00,0x00,0x1f,0x40,0x00,0x00,0x1f,0x40,0x00,0x00,0x1f,0x40,0x00,0x00,0x1f,0x40,0x00,0x00,0x1f,0x40,0x00,0x00,0x1f,0x40,0x00,
  0x00,0x1f,0x40,0x00,0x00,0x1f,0x40,0x00,0x00,0x1f,0x40,0x00,0x00,0x1f,0x40,0x00,0x00,0x1f,0x40,0x00,0x0d,0xff,0x50,0x00,0x00,0x09,0xa0,0x00,0x00,0x0d,0x80,0x00,
  0x00,0x6e,0x10,0x00,0x00,0x8c,0x00,0x00,0x00,0x1c,0xff,0x00,0x00,0x8c,0x00,0x00,0x00,0x6e,0x10,0x00,0x00,0x0d,0x80,0x00,0x00,0x09,0xa0,0x00,0x0d,0xff,0x50,0x00,
  0x09,0xf7,0x07,0x80,0x3e,0x2e,0x4c,0x60,0x5a,0x04,0xeb,0x00,0x00,0x00,0x00,0x00,0x00,0x00,0x00,0x00,0x00,0x5f,0x90,0x00,0x00,0x5f,0x90,0x00,0x00,0x00,0x00,0x00,
  0x00,0x00,0x00,0x00,0x00,0x00,0x00,0x00,0xff,0xff,0xff,0xf3,0x00,0x00,0x00,0x00,0x00,0x00,0x00,0x00,0x00,0x00,0x00,0x00,0x7d,0x2e,0x4b,0xa0,0x7e,0x2e,0x4b,0xa0,
  0x00,0xbf,0xc1,0x00,0x01,0xff,0xf4,0x00,0x00,0xbf,0xd1,0x00,0x00,0x00,0x00,0x00,0x00,0x00,0x00,0x00,0x9f,0xff,0xff,0xd0,0x97,0x00,0x03,0xd0,0x97,0x00,0x03,0xd0,
  0x97,0x00,0x03,0xd0,0x97,0x00,0x03,0xd0,0x97,0x00,0x03,0xd0,0x97,0x00,0x03,0xd0,0x97,0x00,0x03,0xd0,0x9f,0xff,0xff,0xd0,0x00,0x0f,0xe0,0x00,0x00,0x3f,0x80,0x00,
  0x00,0x6f,0x10,0x00,0x00,0x68,0x00,0x00,0x00,0x00,0x00,0x00,0x00,0x00,0x00,0x00,0x00,0x00,0x00,0x00,0x00,0x00,0x00,0x00,0x00,0x00,0x00,0x00,
};
const sig_font_t sigf_26 = { 1, 600, 11.5f, 12, 4, 0, 101, sigf_26_ch, sigf_26_gl, sigf_26_bmp, 3100 };
// --- mono 600 normal 13.5px  (41 glyphs, 1608 bytes)
static const sig_glyph_t sigf_27_gl[] = {
  {0,0,0,0,0,8},
  {0,9,10,0,-10,8},
  {50,8,10,0,-10,8},
  {90,8,10,0,-10,8},
  {130,8,10,0,-10,8},
  {170,8,10,0,-10,8},
  {210,8,10,0,-10,8},
  {250,8,10,0,-10,8},
  {290,8,10,0,-10,8},
  {330,8,10,0,-10,8},
  {370,8,10,0,-10,8},
  {410,9,10,0,-10,8},
  {460,8,10,0,-10,8},
  {500,8,10,0,-10,8},
  {540,8,10,0,-10,8},
  {580,8,10,0,-10,8},
  {620,8,10,0,-10,8},
  {660,8,12,0,-10,8},
  {708,8,10,0,-10,8},
  {748,8,10,0,-10,8},
  {788,9,10,0,-10,8},
  {838,8,10,0,-10,8},
  {878,9,10,0,-10,8},
  {928,9,10,0,-10,8},
  {978,9,10,0,-10,8},
  {1028,9,10,0,-10,8},
  {1078,8,10,0,-10,8},
  {1118,8,10,0,-10,8},
  {1158,9,10,0,-10,8},
  {1208,8,10,0,-10,8},
  {1248,8,10,0,-10,8},
  {1288,8,10,0,-10,8},
  {1328,8,10,0,-10,8},
  {1368,8,10,0,-10,8},
  {1408,8,10,0,-10,8},
  {1448,8,10,0,-10,8},
  {1488,8,10,0,-10,8},
  {1528,8,3,0,-3,8},
  {1540,8,6,0,-6,8},
  {1564,8,3,0,-3,8},
  {1576,8,8,0,-8,8},
};
static const char sigf_27_ch[] = " ABCDEFGHIJKLMNOPQRSTUVWXYZ0123456789.·.:";
static const uint8_t sigf_27_bmp[] = {
  0x00,0x3f,0xf9,0x00,0x00,0x00,0x7f,0xfe,0x00,0x00,0x00,0xce,0x9f,0x20,0x00,0x00,0xfa,0x5f,0x60,0x00,0x05,0xf6,0x1f,0xb0,0x00,0x09,0xf2,0x0d,0xf0,0x00,0x0d,0xff,
  0xff,0xf4,0x00,0x2f,0x90,0x04,0xf8,0x00,0x6f,0x50,0x01,0xfd,0x00,0xaf,0x20,0x00,0xdf,0x10,0x0e,0xff,0xfd,0x60,0x0e,0xe0,0x0b,0xf3,0x0e,0xe0,0x07,0xf5,0x0e,0xe0,
  0x0b,0xf1,0x0e,0xff,0xff,0x50,0x0e,0xe0,0x08,0xf4,0x0e,0xe0,0x02,0xfa,0x0e,0xe0,0x02,0xfa,0x0e,0xe0,0x08,0xf5,0x0e,0xff,0xfe,0x70,0x00,0x7e,0xfd,0x80,0x07,0xf6,
  0x07,0xf8,0x0e,0xd0,0x00,0x72,0x2f,0xa0,0x00,0x00,0x4f,0xa0,0x00,0x00,0x4f,0xa0,0x00,0x00,0x2f,0xa0,0x00,0x00,0x0e,0xd0,0x00,0x72,0x07,0xf6,0x07,0xf8,0x00,0x7e,
  0xfe,0x80,0x0f,0xff,0xfb,0x20,0x0f,0xd0,0x2d,0xe1,0x0f,0xd0,0x05,0xf7,0x0f,0xd0,0x02,0xfb,0x0f,0xd0,0x01,0xfc,0x0f,0xd0,0x01,0xfc,0x0f,0xd0,0x02,0xfb,0x0f,0xd0,
  0x04,0xf7,0x0f,0xd0,0x2c,0xe1,0x0f,0xff,0xfb,0x20,0x0d,0xff,0xff,0xf5,0x0d,0xf0,0x00,0x00,0x0d,0xf0,0x00,0x00,0x0d,0xf0,0x00,0x00,0x0d,0xff,0xff,0xf3,0x0d,0xf0,
  0x00,0x00,0x0d,0xf0,0x00,0x00,0x0d,0xf0,0x00,0x00,0x0d,0xf0,0x00,0x00,0x0d,0xff,0xff,0xf5,0x0d,0xff,0xff,0xf8,0x0d,0xf0,0x00,0x00,0x0d,0xf0,0x00,0x00,0x0d,0xf0,
  0x00,0x00,0x0d,0xff,0xff,0xf1,0x0d,0xf0,0x00,0x00,0x0d,0xf0,0x00,0x00,0x0d,0xf0,0x00,0x00,0x0d,0xf0,0x00,0x00,0x0d,0xf0,0x00,0x00,0x00,0x9e,0xfd,0x60,0x09,0xf4,
  0x1b,0xf4,0x1f,0xb0,0x02,0x61,0x4f,0x80,0x00,0x00,0x6f,0x80,0x00,0x00,0x6f,0x80,0xef,0xf8,0x5f,0x90,0x01,0xf8,0x2f,0xb0,0x02,0xf8,0x0c,0xf4,0x08,0xf8,0x01,0xcf,
  0xc3,0xf8,0x1f,0xc0,0x06,0xf7,0x1f,0xc0,0x06,0xf7,0x1f,0xc0,0x06,0xf7,0x1f,0xc0,0x06,0xf7,0x1f,0xff,0xff,0xf7,0x1f,0xc0,0x06,0xf7,0x1f,0xc0,0x06,0xf7,0x1f,0xc0,
  0x06,0xf7,0x1f,0xc0,0x06,0xf7,0x1f,0xc0,0x06,0xf7,0x0e,0xff,0xff,0xf5,0x00,0x0b,0xf1,0x00,0x00,0x0b,0xf1,0x00,0x00,0x0b,0xf1,0x00,0x00,0x0b,0xf1,0x00,0x00,0x0b,
  0xf1,0x00,0x00,0x0b,0xf1,0x00,0x00,0x0b,0xf1,0x00,0x00,0x0b,0xf1,0x00,0x0e,0xff,0xff,0xf5,0x02,0xff,0xff,0xf0,0x00,0x00,0x0d,0xf0,0x00,0x00,0x0d,0xf0,0x00,0x00,
  0x0d,0xf0,0x00,0x00,0x0d,0xf0,0x00,0x00,0x0d,0xf0,0x00,0x00,0x0d,0xf0,0x03,0x30,0x0d,0xf0,0x1f,0xd1,0x3f,0xa0,0x05,0xdf,0xe9,0x10,0x0f,0xd0,0x03,0xfc,0x00,0x0f,
  0xd0,0x1e,0xf2,0x00,0x0f,0xd0,0xaf,0x60,0x00,0x0f,0xd6,0xfa,0x00,0x00,0x0f,0xef,0xf5,0x00,0x00,0x0f,0xfe,0xfd,0x00,0x00,0x0f,0xf3,0xaf,0x60,0x00,0x0f,0xd0,0x1f,
  0xe0,0x00,0x0f,0xd0,0x08,0xf8,0x00,0x0f,0xd0,0x01,0xef,0x10,0x09,0xf3,0x00,0x00,0x09,0xf3,0x00,0x00,0x09,0xf3,0x00,0x00,0x09,0xf3,0x00,0x00,0x09,0xf3,0x00,0x00,
  0x09,0xf3,0x00,0x00,0x09,0xf3,0x00,0x00,0x09,0xf3,0x00,0x00,0x09,0xf3,0x00,0x00,0x09,0xff,0xff,0xf9,0x5f,0xf0,0x07,0xfb,0x5f,0xf5,0x0c,0xfb,0x5f,0xda,0x2f,0xeb,
  0x5f,0x8f,0x8b,0xdb,0x5f,0x4f,0xf6,0xdb,0x5f,0x4a,0xf1,0xdb,0x5f,0x44,0xb0,0xeb,0x5f,0x40,0x40,0xeb,0x5f,0x40,0x00,0xeb,0x5f,0x40,0x00,0xeb,0x1f,0xf5,0x01,0xf7,
  0x1f,0xfb,0x01,0xf7,0x1f,0xff,0x11,0xf7,0x1f,0x9f,0x61,0xf7,0x1f,0x8b,0xc1,0xf7,0x1f,0x86,0xf3,0xf7,0x1f,0x81,0xf9,0xf7,0x1f,0x80,0xaf,0xf7,0x1f,0x80,0x5f,0xf7,
  0x1f,0x80,0x0f,0xf7,0x00,0x9e,0xfc,0x30,0x0b,0xf3,0x1b,0xf2,0x2f,0xa0,0x03,0xf8,0x5f,0x70,0x01,0xfc,0x7f,0x70,0x00,0xfd,0x7f,0x70,0x00,0xfd,0x5f,0x70,0x01,0xfc,
  0x2f,0xa0,0x03,0xf8,0x0b,0xf3,0x1b,0xf2,0x00,0x9e,0xfc,0x30,0x0e,0xff,0xfe,0x80,0x0e,0xf0,0x08,0xf6,0x0e,0xf0,0x02,0xfb,0x0e,0xf0,0x02,0xfb,0x0e,0xf0,0x08,0xf6,
  0x0e,0xff,0xfe,0x80,0x0e,0xf0,0x00,0x00,0x0e,0xf0,0x00,0x00,0x0e,0xf0,0x00,0x00,0x0e,0xf0,0x00,0x00,0x00,0x9e,0xfc,0x30,0x0a,0xf3,0x1b,0xf1,0x2f,0xa0,0x03,0xf8,
  0x5f,0x70,0x01,0xfc,0x7f,0x70,0x00,0xfd,0x7f,0x70,0x00,0xfd,0x5f,0x70,0x01,0xfc,0x2f,0xa0,0x03,0xf8,0x0b,0xf3,0x1b,0xf2,0x01,0xaf,0xfd,0x40,0x00,0x09,0xf0,0x00,
  0x00,0x03,0xdf,0xf3,0x0e,0xff,0xfe,0x80,0x0e,0xf0,0x08,0xf6,0x0e,0xf0,0x02,0xfa,0x0e,0xf0,0x02,0xfb,0x0e,0xf0,0x08,0xf7,0x0e,0xff,0xff,0x90,0x0e,0xf0,0xbf,0x20,
  0x0e,0xf0,0x3f,0xa0,0x0e,0xf0,0x0c,0xf3,0x0e,0xf0,0x05,0xfa,0x01,0xae,0xfe,0xa2,0x0c,0xf3,0x04,0xc2,0x1f,0xc0,0x00,0x00,0x0f,0xe1,0x00,0x00,0x06,0xfe,0xa7,0x10,
  0x00,0x15,0x8e,0xf3,0x00,0x00,0x04,0xfa,0x00,0x00,0x02,0xfa,0x2e,0x71,0x0a,0xf4,0x08,0xdf,0xfc,0x50,0xaf,0xff,0xff,0xff,0x00,0x00,0x0b,0xf1,0x00,0x00,0x00,0x0b,
  0xf1,0x00,0x00,0x00,0x0b,0xf1,0x00,0x00,0x00,0x0b,0xf1,0x00,0x00,0x00,0x0b,0xf1,0x00,0x00,0x00,0x0b,0xf1,0x00,0x00,0x00,0x0b,0xf1,0x00,0x00,0x00,0x0b,0xf1,0x00,
  0x00,0x00,0x0b,0xf1,0x00,0x00,0x2f,0xb0,0x04,0xf8,0x2f,0xb0,0x04,0xf8,0x2f,0xb0,0x04,0xf8,0x2f,0xb0,0x04,0xf8,0x2f,0xb0,0x04,0xf8,0x1f,0xb0,0x04,0xf8,0x1f,0xb0,
  0x04,0xf8,0x0f,0xc0,0x05,0xf6,0x0b,0xf3,0x1b,0xf1,0x01,0xbf,0xfd,0x50,0xaf,0x50,0x00,0xef,0x00,0x5f,0x90,0x01,0xfc,0x00,0x1f,0xd0,0x05,0xf7,0x00,0x0d,0xf1,0x09,
  0xf3,0x00,0x09,0xf5,0x0d,0xf0,0x00,0x04,0xf9,0x1f,0xa0,0x00,0x00,0xfc,0x5f,0x60,0x00,0x00,0xcf,0x9f,0x20,0x00,0x00,0x7f,0xfe,0x00,0x00,0x00,0x3f,0xf9,0x00,0x00,
  0xbd,0x00,0x00,0x6f,0x10,0xae,0x00,0x00,0x7f,0x00,0x9f,0x0b,0xf2,0x8f,0x00,0x8f,0x0d,0xf5,0x9e,0x00,0x7f,0x1f,0xb7,0x9d,0x00,0x6f,0x4e,0x8a,0xac,0x00,0x5f,0x8c,
  0x6c,0xbb,0x00,0x4f,0xba,0x3f,0xca,0x00,0x3f,0xf7,0x1f,0xf9,0x00,0x2f,0xf5,0x0f,0xf8,0x00,0x5f,0xb0,0x02,0xfc,0x00,0x0c,0xf4,0x0b,0xf3,0x00,0x03,0xfc,0x3f,0xa0,
  0x00,0x00,0xaf,0xdf,0x20,0x00,0x00,0x2f,0xf8,0x00,0x00,0x00,0x4f,0xfb,0x00,0x00,0x00,0xde,0xbf,0x30,0x00,0x06,0xf7,0x3f,0xc0,0x00,0x0e,0xe0,0x0a,0xf5,0x00,0x8f,
  0x60,0x02,0xfe,0x00,0x9f,0x60,0x00,0xee,0x10,0x1f,0xe0,0x07,0xf7,0x00,0x08,0xf7,0x0e,0xe0,0x00,0x00,0xee,0x8f,0x60,0x00,0x00,0x7f,0xfd,0x00,0x00,0x00,0x0d,0xf4,
  0x00,0x00,0x00,0x0b,0xf1,0x00,0x00,0x00,0x0b,0xf1,0x00,0x00,0x00,0x0b,0xf1,0x00,0x00,0x00,0x0b,0xf1,0x00,0x00,0x2f,0xff,0xff,0xf8,0x00,0x00,0x0c,0xf4,0x00,0x00,
  0x6f,0xb0,0x00,0x01,0xef,0x10,0x00,0x0a,0xf7,0x00,0x00,0x3f,0xd0,0x00,0x00,0xdf,0x30,0x00,0x07,0xf9,0x00,0x00,0x1f,0xe1,0x00,0x00,0x5f,0xff,0xff,0xfb,0x00,0x9e,
  0xfc,0x30,0x0b,0xe3,0x1a,0xf2,0x2f,0x80,0x02,0xf8,0x5f,0x60,0x00,0xfc,0x7f,0x58,0xe0,0xfd,0x7f,0x58,0xe0,0xfd,0x5f,0x60,0x00,0xfc,0x2f,0x80,0x02,0xf8,0x0b,0xe3,
  0x1a,0xf2,0x00,0x9e,0xfc,0x30,0x00,0x6f,0xfc,0x00,0x00,0x04,0xf8,0xfc,0x00,0x00,0x2e,0xc0,0xfc,0x00,0x00,0x1b,0x10,0xfc,0x00,0x00,0x00,0x00,0xfc,0x00,0x00,0x00,
  0x00,0xfc,0x00,0x00,0x00,0x00,0xfc,0x00,0x00,0x00,0x00,0xfc,0x00,0x00,0x00,0x00,0xfc,0x00,0x00,0x0b,0xff,0xff,0xff,0x00,0x04,0xcf,0xfb,0x30,0x2f,0xc1,0x2d,0xf1,
  0x02,0x20,0x08,0xf5,0x00,0x00,0x09,0xf5,0x00,0x00,0x0e,0xd0,0x00,0x00,0xae,0x20,0x00,0x0a,0xd1,0x00,0x02,0xde,0x20,0x00,0x1f,0xf4,0x00,0x00,0x3f,0xff,0xff,0xfb,
  0x06,0xcf,0xfc,0x40,0x0b,0x91,0x1d,0xf2,0x00,0x00,0x08,0xf6,0x00,0x00,0x2d,0xe1,0x00,0x2f,0xfe,0x30,0x00,0x00,0x2c,0xe2,0x00,0x00,0x05,0xf8,0x01,0x00,0x05,0xf8,
  0x3f,0x91,0x1c,0xf2,0x08,0xdf,0xeb,0x30,0x00,0x00,0xef,0xa0,0x00,0x08,0xff,0xa0,0x00,0x3f,0x7f,0xa0,0x00,0xcd,0x1f,0xa0,0x06,0xf4,0x1f,0xa0,0x1f,0xb0,0x1f,0xa0,
  0x8f,0x20,0x1f,0xa0,0x9f,0xff,0xff,0xff,0x00,0x00,0x1f,0xa0,0x00,0x00,0x1f,0xa0,0x0a,0xff,0xff,0xf4,0x0b,0xb0,0x00,0x00,0x0c,0xa0,0x00,0x00,0x0d,0xa0,0x00,0x00,
  0x0e,0x99,0xfe,0x70,0x08,0x82,0x1a,0xf6,0x00,0x00,0x02,0xfb,0x00,0x00,0x03,0xfa,0x1d,0xb1,0x1a,0xf4,0x06,0xcf,0xfc,0x40,0x00,0x06,0xfd,0x20,0x00,0x7f,0xb0,0x00,
  0x03,0xfc,0x00,0x00,0x0b,0xf2,0x00,0x00,0x2f,0xca,0xfe,0x80,0x4f,0xe3,0x09,0xf7,0x4f,0x90,0x01,0xfc,0x2f,0x90,0x01,0xfb,0x0a,0xe3,0x09,0xf4,0x00,0x9e,0xfc,0x50,
  0x3f,0xff,0xff,0xfa,0x3f,0x50,0x05,0xf9,0x3f,0x50,0x0c,0xf4,0x00,0x00,0x2f,0xe0,0x00,0x00,0x8f,0x70,0x00,0x00,0xef,0x10,0x00,0x04,0xfa,0x00,0x00,0x0b,0xf4,0x00,
  0x00,0x1f,0xd0,0x00,0x00,0x7f,0x70,0x00,0x02,0xbe,0xfd,0x60,0x0e,0xe2,0x09,0xf4,0x1f,0xa0,0x03,0xf7,0x0b,0xe2,0x09,0xf2,0x01,0xcf,0xff,0x50,0x0d,0xe2,0x09,0xf5,
  0x5f,0x80,0x02,0xfb,0x5f,0x80,0x02,0xfb,0x0e,0xe2,0x09,0xf5,0x02,0xae,0xfc,0x50,0x01,0xae,0xfb,0x20,0x0d,0xd2,0x1a,0xf1,0x4f,0x80,0x03,0xf8,0x5f,0x80,0x03,0xfb,
  0x1f,0xe2,0x1a,0xfb,0x04,0xdf,0xd9,0xf8,0x00,0x00,0x0b,0xf2,0x00,0x00,0x6f,0x90,0x00,0x06,0xfc,0x00,0x00,0x9f,0xb1,0x00,0x00,0x0c,0xf4,0x00,0x00,0x2f,0xf8,0x00,
  0x00,0x0c,0xf4,0x00,0x00,0x0c,0xf4,0x00,0x00,0x2f,0xf8,0x00,0x00,0x0c,0xf4,0x00,0x00,0x00,0x00,0x00,0x00,0x00,0x00,0x00,0x00,0x00,0x00,0x00,0x00,0x0c,0xf4,0x00,
  0x00,0x2f,0xf8,0x00,0x00,0x0c,0xf4,0x00,0x00,0x0c,0xf4,0x00,0x00,0x2f,0xf8,0x00,0x00,0x0c,0xf4,0x00,0x00,0x00,0x00,0x00,0x00,0x00,0x00,0x00,0x00,0x0c,0xf4,0x00,
  0x00,0x2f,0xf8,0x00,0x00,0x0c,0xf4,0x00,
};
const sig_font_t sigf_27 = { 1, 600, 13.5f, 14, 4, 0, 41, sigf_27_ch, sigf_27_gl, sigf_27_bmp, 1608 };
// --- mono 600 normal 15px  (48 glyphs, 2325 bytes)
static const sig_glyph_t sigf_28_gl[] = {
  {0,0,0,0,0,9},
  {0,9,10,0,-10,9},
  {50,9,10,0,-10,9},
  {100,9,10,0,-10,9},
  {150,9,10,0,-10,9},
  {200,9,10,0,-10,9},
  {250,9,10,0,-10,9},
  {300,9,10,0,-10,9},
  {350,9,10,0,-10,9},
  {400,9,10,0,-10,9},
  {450,9,10,0,-10,9},
  {500,9,10,0,-10,9},
  {550,9,10,0,-10,9},
  {600,9,10,0,-10,9},
  {650,9,10,0,-10,9},
  {700,9,10,0,-10,9},
  {750,9,10,0,-10,9},
  {800,9,12,0,-10,9},
  {860,9,10,0,-10,9},
  {910,9,10,0,-10,9},
  {960,9,10,0,-10,9},
  {1010,9,10,0,-10,9},
  {1060,9,10,0,-10,9},
  {1110,9,10,0,-10,9},
  {1160,9,10,0,-10,9},
  {1210,9,10,0,-10,9},
  {1260,9,10,0,-10,9},
  {1310,9,10,0,-10,9},
  {1360,9,10,0,-10,9},
  {1410,9,10,0,-10,9},
  {1460,9,10,0,-10,9},
  {1510,9,10,0,-10,9},
  {1560,9,10,0,-10,9},
  {1610,9,10,0,-10,9},
  {1660,9,10,0,-10,9},
  {1710,9,10,0,-10,9},
  {1760,9,10,0,-10,9},
  {1810,9,3,0,-3,9},
  {1825,9,10,0,-10,9},
  {1875,9,10,0,-10,9},
  {1925,9,10,0,-10,9},
  {1975,9,10,0,-10,9},
  {2025,9,10,0,-10,9},
  {2075,9,10,0,-10,9},
  {2125,9,10,0,-10,9},
  {2175,9,10,0,-10,9},
  {2225,9,10,0,-10,9},
  {2275,9,10,0,-10,9},
};
static const char sigf_28_ch[] = " ABCDEFGHIJKLMNOPQRSTUVWXYZ0123456789.0123456789";
static const uint8_t sigf_28_bmp[] = {
  0x00,0x0f,0xff,0x00,0x00,0x00,0x4f,0xff,0x40,0x00,0x00,0x9f,0x8f,0x90,0x00,0x00,0xee,0x1f,0xe0,0x00,0x03,0xfa,0x0c,0xf2,0x00,0x07,0xf6,0x07,0xf7,0x00,0x0c,0xff,
  0xff,0xfc,0x00,0x1f,0xc0,0x00,0xef,0x10,0x5f,0x80,0x00,0xaf,0x50,0xaf,0x40,0x00,0x6f,0xa0,0x0c,0xff,0xfe,0xa1,0x00,0x0c,0xf2,0x06,0xfb,0x00,0x0c,0xf2,0x01,0xfe,
  0x00,0x0c,0xf2,0x06,0xf9,0x00,0x0c,0xff,0xff,0xb0,0x00,0x0c,0xf2,0x03,0xfc,0x00,0x0c,0xf2,0x00,0xcf,0x30,0x0c,0xf2,0x00,0xcf,0x30,0x0c,0xf2,0x03,0xfd,0x00,0x0c,
  0xff,0xff,0xb2,0x00,0x00,0x5d,0xfe,0xb3,0x00,0x05,0xf9,0x13,0xff,0x10,0x0d,0xf1,0x00,0x67,0x10,0x1f,0xe0,0x00,0x00,0x00,0x3f,0xd0,0x00,0x00,0x00,0x3f,0xd0,0x00,
  0x00,0x00,0x1f,0xe0,0x00,0x00,0x00,0x0d,0xf0,0x00,0x67,0x10,0x05,0xf9,0x13,0xef,0x10,0x00,0x6d,0xfe,0xb3,0x00,0x0e,0xff,0xfd,0x70,0x00,0x0e,0xf0,0x18,0xf7,0x00,
  0x0e,0xf0,0x00,0xef,0x00,0x0e,0xf0,0x00,0xbf,0x40,0x0e,0xf0,0x00,0xaf,0x50,0x0e,0xf0,0x00,0xaf,0x50,0x0e,0xf0,0x00,0xbf,0x40,0x0e,0xf0,0x00,0xef,0x00,0x0e,0xf0,
  0x08,0xf8,0x00,0x0e,0xff,0xfd,0x70,0x00,0x0c,0xff,0xff,0xfd,0x00,0x0c,0xf3,0x00,0x00,0x00,0x0c,0xf3,0x00,0x00,0x00,0x0c,0xf3,0x00,0x00,0x00,0x0c,0xff,0xff,0xfb,
  0x00,0x0c,0xf3,0x00,0x00,0x00,0x0c,0xf3,0x00,0x00,0x00,0x0c,0xf3,0x00,0x00,0x00,0x0c,0xf3,0x00,0x00,0x00,0x0c,0xff,0xff,0xfd,0x00,0x0c,0xff,0xff,0xff,0x10,0x0c,
  0xf3,0x00,0x00,0x00,0x0c,0xf3,0x00,0x00,0x00,0x0c,0xf3,0x00,0x00,0x00,0x0c,0xff,0xff,0xf9,0x00,0x0c,0xf3,0x00,0x00,0x00,0x0c,0xf3,0x00,0x00,0x00,0x0c,0xf3,0x00,
  0x00,0x00,0x0c,0xf3,0x00,0x00,0x00,0x0c,0xf3,0x00,0x00,0x00,0x00,0x7d,0xfe,0xa1,0x00,0x08,0xf7,0x06,0xfc,0x00,0x0f,0xe0,0x00,0x85,0x00,0x4f,0xb0,0x00,0x00,0x00,
  0x5f,0xb0,0x00,0x00,0x00,0x5f,0xb0,0x9f,0xff,0x10,0x4f,0xc0,0x00,0xbf,0x10,0x1f,0xe0,0x00,0xcf,0x10,0x0a,0xf7,0x04,0xdf,0x10,0x01,0xaf,0xe5,0xbf,0x10,0x0f,0xf0,
  0x00,0xff,0x00,0x0f,0xf0,0x00,0xff,0x00,0x0f,0xf0,0x00,0xff,0x00,0x0f,0xf0,0x00,0xff,0x00,0x0f,0xff,0xff,0xff,0x00,0x0f,0xf0,0x00,0xff,0x00,0x0f,0xf0,0x00,0xff,
  0x00,0x0f,0xf0,0x00,0xff,0x00,0x0f,0xf0,0x00,0xff,0x00,0x0f,0xf0,0x00,0xff,0x00,0x0d,0xff,0xff,0xfd,0x00,0x00,0x07,0xf7,0x00,0x00,0x00,0x07,0xf7,0x00,0x00,0x00,
  0x07,0xf7,0x00,0x00,0x00,0x07,0xf7,0x00,0x00,0x00,0x07,0xf7,0x00,0x00,0x00,0x07,0xf7,0x00,0x00,0x00,0x07,0xf7,0x00,0x00,0x00,0x07,0xf7,0x00,0x00,0x0d,0xff,0xff,
  0xfd,0x00,0x00,0xff,0xff,0xf8,0x00,0x00,0x00,0x07,0xf8,0x00,0x00,0x00,0x07,0xf8,0x00,0x00,0x00,0x07,0xf8,0x00,0x00,0x00,0x07,0xf8,0x00,0x00,0x00,0x07,0xf8,0x00,
  0x00,0x00,0x07,0xf8,0x00,0x04,0x50,0x07,0xf7,0x00,0x1f,0xf2,0x1c,0xf2,0x00,0x04,0xcf,0xfc,0x40,0x00,0x0e,0xf1,0x00,0xcf,0x60,0x0e,0xf1,0x09,0xf9,0x00,0x0e,0xf1,
  0x5f,0xc0,0x00,0x0e,0xf3,0xfe,0x20,0x00,0x0e,0xfd,0xfb,0x00,0x00,0x0e,0xff,0xef,0x40,0x00,0x0e,0xf8,0x5f,0xd0,0x00,0x0e,0xf1,0x0c,0xf7,0x00,0x0e,0xf1,0x02,0xff,
  0x10,0x0e,0xf1,0x00,0x9f,0xa0,0x08,0xf7,0x00,0x00,0x00,0x08,0xf7,0x00,0x00,0x00,0x08,0xf7,0x00,0x00,0x00,0x08,0xf7,0x00,0x00,0x00,0x08,0xf7,0x00,0x00,0x00,0x08,
  0xf7,0x00,0x00,0x00,0x08,0xf7,0x00,0x00,0x00,0x08,0xf7,0x00,0x00,0x00,0x08,0xf7,0x00,0x00,0x00,0x08,0xff,0xff,0xff,0x10,0x4f,0xf3,0x01,0xff,0x40,0x4f,0xf9,0x07,
  0xff,0x40,0x4f,0xef,0x0d,0xef,0x40,0x4f,0x9f,0x9f,0x9f,0x40,0x4f,0x6d,0xfd,0x6f,0x40,0x4f,0x67,0xf7,0x6f,0x40,0x4f,0x71,0xf1,0x7f,0x40,0x4f,0x70,0x60,0x7f,0x40,
  0x4f,0x70,0x00,0x7f,0x40,0x4f,0x70,0x00,0x7f,0x40,0x0f,0xf9,0x00,0xbf,0x00,0x0f,0xff,0x00,0xbf,0x00,0x0f,0xff,0x60,0xbf,0x00,0x0f,0xbe,0xc0,0xbf,0x00,0x0f,0xb9,
  0xf2,0xbf,0x00,0x0f,0xb2,0xf9,0xbf,0x00,0x0f,0xb0,0xce,0xbf,0x00,0x0f,0xb0,0x6f,0xff,0x00,0x0f,0xb0,0x0f,0xff,0x00,0x0f,0xb0,0x09,0xff,0x00,0x00,0x8d,0xfe,0x80,
  0x00,0x09,0xf6,0x06,0xf9,0x00,0x1f,0xd0,0x00,0xdf,0x10,0x4f,0xa0,0x00,0xaf,0x50,0x6f,0xa0,0x00,0xaf,0x60,0x6f,0xa0,0x00,0xaf,0x60,0x4f,0xa0,0x00,0xaf,0x50,0x1f,
  0xd0,0x00,0xdf,0x10,0x09,0xf6,0x06,0xf9,0x00,0x00,0x8e,0xfe,0x80,0x00,0x0c,0xff,0xff,0xb3,0x00,0x0c,0xf2,0x02,0xfe,0x00,0x0c,0xf2,0x00,0xcf,0x30,0x0c,0xf2,0x00,
  0xcf,0x30,0x0c,0xf2,0x02,0xfe,0x00,0x0c,0xff,0xff,0xc3,0x00,0x0c,0xf2,0x00,0x00,0x00,0x0c,0xf2,0x00,0x00,0x00,0x0c,0xf2,0x00,0x00,0x00,0x0c,0xf2,0x00,0x00,0x00,
  0x00,0x8d,0xfe,0x80,0x00,0x09,0xf6,0x06,0xf9,0x00,0x1f,0xd0,0x00,0xdf,0x10,0x4f,0xa0,0x00,0xaf,0x50,0x6f,0xa0,0x00,0xaf,0x60,0x6f,0xa0,0x00,0xaf,0x60,0x4f,0xa0,
  0x00,0xaf,0x40,0x1f,0xd0,0x00,0xdf,0x10,0x0a,0xf6,0x06,0xfa,0x00,0x00,0x9f,0xff,0x90,0x00,0x00,0x05,0xf5,0x00,0x00,0x00,0x00,0xbf,0xfb,0x00,0x0c,0xff,0xff,0xb2,
  0x00,0x0c,0xf2,0x02,0xfe,0x00,0x0c,0xf2,0x00,0xcf,0x30,0x0c,0xf2,0x00,0xcf,0x40,0x0c,0xf2,0x02,0xff,0x00,0x0c,0xff,0xff,0xc3,0x00,0x0c,0xf2,0x6f,0x90,0x00,0x0c,
  0xf2,0x0e,0xf2,0x00,0x0c,0xf2,0x06,0xfb,0x00,0x0c,0xf2,0x00,0xef,0x30,0x00,0x8d,0xff,0xc7,0x00,0x0b,0xf6,0x02,0xa9,0x00,0x0f,0xf0,0x00,0x00,0x00,0x0e,0xf2,0x00,
  0x00,0x00,0x05,0xff,0xb8,0x40,0x00,0x00,0x04,0x7c,0xfa,0x00,0x00,0x00,0x00,0xdf,0x20,0x01,0x00,0x00,0xcf,0x30,0x2e,0xa2,0x04,0xfc,0x00,0x07,0xcf,0xfd,0x91,0x00,
  0xaf,0xff,0xff,0xff,0xa0,0x00,0x07,0xf7,0x00,0x00,0x00,0x07,0xf7,0x00,0x00,0x00,0x07,0xf7,0x00,0x00,0x00,0x07,0xf7,0x00,0x00,0x00,0x07,0xf7,0x00,0x00,0x00,0x07,
  0xf7,0x00,0x00,0x00,0x07,0xf7,0x00,0x00,0x00,0x07,0xf7,0x00,0x00,0x00,0x07,0xf7,0x00,0x00,0x1f,0xe0,0x00,0xef,0x10,0x1f,0xe0,0x00,0xef,0x10,0x1f,0xe0,0x00,0xef,
  0x10,0x1f,0xe0,0x00,0xef,0x10,0x1f,0xe0,0x00,0xef,0x10,0x0f,0xe0,0x00,0xef,0x00,0x0f,0xe0,0x00,0xef,0x00,0x0f,0xf0,0x00,0xfe,0x00,0x09,0xf5,0x05,0xfa,0x00,0x01,
  0xae,0xfe,0xa1,0x00,0x9f,0x80,0x00,0x7f,0x90,0x5f,0xc0,0x00,0xbf,0x50,0x0f,0xf1,0x00,0xff,0x00,0x0b,0xf5,0x03,0xfb,0x00,0x07,0xf9,0x07,0xf7,0x00,0x02,0xfd,0x0c,
  0xf2,0x00,0x00,0xef,0x1f,0xe0,0x00,0x00,0x9f,0x9f,0x90,0x00,0x00,0x4f,0xff,0x40,0x00,0x00,0x0f,0xff,0x00,0x00,0xbf,0x00,0x00,0x0f,0xb0,0xaf,0x00,0x00,0x0f,0xa0,
  0x9f,0x17,0xf8,0x0f,0x80,0x7f,0x2a,0xfb,0x1f,0x70,0x6f,0x3d,0xcd,0x2f,0x60,0x5f,0x4f,0x7f,0x4f,0x50,0x4f,0x8f,0x2f,0x8f,0x40,0x3f,0xbe,0x0e,0xbf,0x30,0x2f,0xfc,
  0x0c,0xff,0x20,0x1f,0xf9,0x09,0xff,0x10,0x4f,0xe0,0x00,0xbf,0x50,0x0b,0xf7,0x05,0xfb,0x00,0x02,0xff,0x1d,0xf2,0x00,0x00,0x8f,0xdf,0x80,0x00,0x00,0x0e,0xfe,0x00,
  0x00,0x00,0x2f,0xff,0x20,0x00,0x00,0xbf,0x9f,0xb0,0x00,0x04,0xfb,0x0d,0xf4,0x00,0x0d,0xf2,0x04,0xfd,0x00,0x8f,0x90,0x00,0xbf,0x70,0x9f,0x90,0x00,0x8f,0x90,0x1f,
  0xf2,0x02,0xff,0x10,0x07,0xfb,0x0a,0xf7,0x00,0x00,0xdf,0x6f,0xd0,0x00,0x00,0x5f,0xff,0x50,0x00,0x00,0x0b,0xfb,0x00,0x00,0x00,0x07,0xf7,0x00,0x00,0x00,0x07,0xf7,
  0x00,0x00,0x00,0x07,0xf7,0x00,0x00,0x00,0x07,0xf7,0x00,0x00,0x1f,0xff,0xff,0xff,0x10,0x00,0x00,0x06,0xfc,0x00,0x00,0x00,0x1f,0xf2,0x00,0x00,0x00,0xbf,0x80,0x00,
  0x00,0x06,0xfd,0x00,0x00,0x00,0x1f,0xf3,0x00,0x00,0x00,0xbf,0x80,0x00,0x00,0x05,0xfd,0x00,0x00,0x00,0x1e,0xf3,0x00,0x00,0x00,0x4f,0xff,0xff,0xff,0x40,0x00,0x8d,
  0xfe,0x80,0x00,0x09,0xf5,0x05,0xf9,0x00,0x1f,0xb0,0x00,0xbf,0x10,0x4f,0x90,0x00,0x9f,0x50,0x6f,0x84,0xf4,0x8f,0x60,0x6f,0x84,0xf4,0x8f,0x60,0x4f,0x90,0x00,0x9f,
  0x50,0x1f,0xb0,0x00,0xbf,0x10,0x09,0xf5,0x05,0xf9,0x00,0x00,0x8e,0xfe,0x80,0x00,0x00,0x4f,0xff,0x30,0x00,0x03,0xfb,0xcf,0x30,0x00,0x1e,0xd1,0xcf,0x30,0x00,0x0a,
  0x30,0xcf,0x30,0x00,0x00,0x00,0xcf,0x30,0x00,0x00,0x00,0xcf,0x30,0x00,0x00,0x00,0xcf,0x30,0x00,0x00,0x00,0xcf,0x30,0x00,0x00,0x00,0xcf,0x30,0x00,0x0a,0xff,0xff,
  0xff,0x90,0x03,0xbe,0xfd,0x70,0x00,0x1f,0xe3,0x09,0xf8,0x00,0x03,0x40,0x02,0xfe,0x00,0x00,0x00,0x03,0xfd,0x00,0x00,0x00,0x09,0xf6,0x00,0x00,0x00,0x5f,0x80,0x00,
  0x00,0x08,0xf5,0x00,0x00,0x01,0xcf,0x60,0x00,0x00,0x1e,0xf7,0x00,0x00,0x00,0x2f,0xff,0xff,0xff,0x40,0x05,0xbe,0xfd,0x80,0x00,0x0b,0xc2,0x08,0xfb,0x00,0x00,0x00,
  0x02,0xfe,0x00,0x00,0x00,0x08,0xf8,0x00,0x00,0x0f,0xff,0x80,0x00,0x00,0x00,0x08,0xf9,0x00,0x00,0x00,0x00,0xff,0x00,0x02,0x00,0x00,0xff,0x10,0x3f,0xb2,0x08,0xfa,
  0x00,0x07,0xdf,0xfd,0x70,0x00,0x00,0x00,0xaf,0xf2,0x00,0x00,0x04,0xff,0xf2,0x00,0x00,0x1e,0xcb,0xf2,0x00,0x00,0xaf,0x3b,0xf2,0x00,0x04,0xf8,0x0b,0xf2,0x00,0x1e,
  0xe0,0x0b,0xf2,0x00,0x8f,0x50,0x0b,0xf2,0x00,0x9f,0xff,0xff,0xff,0x80,0x00,0x00,0x0b,0xf2,0x00,0x00,0x00,0x0b,0xf2,0x00,0x08,0xff,0xff,0xfc,0x00,0x09,0xf0,0x00,
  0x00,0x00,0x0a,0xe0,0x00,0x00,0x00,0x0b,0xd0,0x00,0x00,0x00,0x0c,0xc6,0xef,0xb2,0x00,0x08,0x94,0x05,0xfe,0x00,0x00,0x00,0x00,0xcf,0x40,0x00,0x20,0x00,0xcf,0x40,
  0x0d,0xd3,0x05,0xfc,0x00,0x05,0xbe,0xfd,0x81,0x00,0x00,0x04,0xef,0x70,0x00,0x00,0x4f,0xe3,0x00,0x00,0x02,0xff,0x20,0x00,0x00,0x0a,0xf5,0x00,0x00,0x00,0x1f,0xe8,
  0xef,0xb3,0x00,0x4f,0xf5,0x04,0xfe,0x10,0x4f,0xc0,0x00,0xbf,0x40,0x1f,0xc0,0x00,0xbf,0x40,0x09,0xf5,0x04,0xfc,0x00,0x00,0x7e,0xfd,0x91,0x00,0x2f,0xff,0xff,0xff,
  0x30,0x2f,0x80,0x00,0xef,0x20,0x2f,0x80,0x06,0xfd,0x00,0x00,0x00,0x0c,0xf6,0x00,0x00,0x00,0x3f,0xe0,0x00,0x00,0x00,0xaf,0x80,0x00,0x00,0x01,0xff,0x10,0x00,0x00,
  0x07,0xfa,0x00,0x00,0x00,0x0d,0xf3,0x00,0x00,0x00,0x4f,0xc0,0x00,0x00,0x01,0x9e,0xfe,0x91,0x00,0x0c,0xf4,0x04,0xfc,0x00,0x0f,0xd0,0x00,0xdf,0x00,0x09,0xf4,0x04,
  0xf9,0x00,0x00,0xbf,0xff,0xb0,0x00,0x0c,0xf4,0x04,0xfc,0x00,0x4f,0xb0,0x00,0xbf,0x40,0x4f,0xb0,0x00,0xbf,0x40,0x0d,0xf4,0x04,0xfd,0x00,0x01,0x9d,0xfd,0x91,0x00,
  0x01,0x9d,0xfd,0x70,0x00,0x0c,0xf4,0x05,0xf9,0x00,0x4f,0xb0,0x00,0xcf,0x10,0x5f,0xb0,0x00,0xcf,0x40,0x1e,0xf4,0x05,0xff,0x40,0x03,0xcf,0xe8,0xef,0x10,0x00,0x00,
  0x05,0xfa,0x00,0x00,0x00,0x2f,0xf2,0x00,0x00,0x03,0xef,0x40,0x00,0x00,0x7f,0xe4,0x00,0x00,0x00,0x09,0xf9,0x00,0x00,0x00,0x0e,0xfe,0x00,0x00,0x00,0x09,0xf9,0x00,
  0x00,0x00,0x8d,0xfe,0x80,0x00,0x09,0xf5,0x05,0xf9,0x00,0x1f,0xb0,0x00,0xbf,0x10,0x4f,0x90,0x00,0x9f,0x50,0x6f,0x84,0xf4,0x8f,0x60,0x6f,0x84,0xf4,0x8f,0x60,0x4f,
  0x90,0x00,0x9f,0x50,0x1f,0xb0,0x00,0xbf,0x10,0x09,0xf5,0x05,0xf9,0x00,0x00,0x8e,0xfe,0x80,0x00,0x00,0x4f,0xff,0x30,0x00,0x03,0xfb,0xcf,0x30,0x00,0x1e,0xd1,0xcf,
  0x30,0x00,0x0a,0x30,0xcf,0x30,0x00,0x00,0x00,0xcf,0x30,0x00,0x00,0x00,0xcf,0x30,0x00,0x00,0x00,0xcf,0x30,0x00,0x00,0x00,0xcf,0x30,0x00,0x00,0x00,0xcf,0x30,0x00,
  0x0a,0xff,0xff,0xff,0x90,0x03,0xbe,0xfd,0x70,0x00,0x1f,0xe3,0x09,0xf8,0x00,0x03,0x40,0x02,0xfe,0x00,0x00,0x00,0x03,0xfd,0x00,0x00,0x00,0x09,0xf6,0x00,0x00,0x00,
  0x5f,0x80,0x00,0x00,0x08,0xf5,0x00,0x00,0x01,0xcf,0x60,0x00,0x00,0x1e,0xf7,0x00,0x00,0x00,0x2f,0xff,0xff,0xff,0x40,0x05,0xbe,0xfd,0x80,0x00,0x0b,0xc2,0x08,0xfb,
  0x00,0x00,0x00,0x02,0xfe,0x00,0x00,0x00,0x08,0xf8,0x00,0x00,0x0f,0xff,0x80,0x00,0x00,0x00,0x08,0xf9,0x00,0x00,0x00,0x00,0xff,0x00,0x02,0x00,0x00,0xff,0x10,0x3f,
  0xb2,0x08,0xfa,0x00,0x07,0xdf,0xfd,0x70,0x00,0x00,0x00,0xaf,0xf2,0x00,0x00,0x04,0xff,0xf2,0x00,0x00,0x1e,0xcb,0xf2,0x00,0x00,0xaf,0x3b,0xf2,0x00,0x04,0xf8,0x0b,
  0xf2,0x00,0x1e,0xe0,0x0b,0xf2,0x00,0x8f,0x50,0x0b,0xf2,0x00,0x9f,0xff,0xff,0xff,0x80,0x00,0x00,0x0b,0xf2,0x00,0x00,0x00,0x0b,0xf2,0x00,0x08,0xff,0xff,0xfc,0x00,
  0x09,0xf0,0x00,0x00,0x00,0x0a,0xe0,0x00,0x00,0x00,0x0b,0xd0,0x00,0x00,0x00,0x0c,0xc6,0xef,0xb2,0x00,0x08,0x94,0x05,0xfe,0x00,0x00,0x00,0x00,0xcf,0x40,0x00,0x20,
  0x00,0xcf,0x40,0x0d,0xd3,0x05,0xfc,0x00,0x05,0xbe,0xfd,0x81,0x00,0x00,0x04,0xef,0x70,0x00,0x00,0x4f,0xe3,0x00,0x00,0x02,0xff,0x20,0x00,0x00,0x0a,0xf5,0x00,0x00,
  0x00,0x1f,0xe8,0xef,0xb3,0x00,0x4f,0xf5,0x04,0xfe,0x10,0x4f,0xc0,0x00,0xbf,0x40,0x1f,0xc0,0x00,0xbf,0x40,0x09,0xf5,0x04,0xfc,0x00,0x00,0x7e,0xfd,0x91,0x00,0x2f,
  0xff,0xff,0xff,0x30,0x2f,0x80,0x00,0xef,0x20,0x2f,0x80,0x06,0xfd,0x00,0x00,0x00,0x0c,0xf6,0x00,0x00,0x00,0x3f,0xe0,0x00,0x00,0x00,0xaf,0x80,0x00,0x00,0x01,0xff,
  0x10,0x00,0x00,0x07,0xfa,0x00,0x00,0x00,0x0d,0xf3,0x00,0x00,0x00,0x4f,0xc0,0x00,0x00,0x01,0x9e,0xfe,0x91,0x00,0x0c,0xf4,0x04,0xfc,0x00,0x0f,0xd0,0x00,0xdf,0x00,
  0x09,0xf4,0x04,0xf9,0x00,0x00,0xbf,0xff,0xb0,0x00,0x0c,0xf4,0x04,0xfc,0x00,0x4f,0xb0,0x00,0xbf,0x40,0x4f,0xb0,0x00,0xbf,0x40,0x0d,0xf4,0x04,0xfd,0x00,0x01,0x9d,
  0xfd,0x91,0x00,0x01,0x9d,0xfd,0x70,0x00,0x0c,0xf4,0x05,0xf9,0x00,0x4f,0xb0,0x00,0xcf,0x10,0x5f,0xb0,0x00,0xcf,0x40,0x1e,0xf4,0x05,0xff,0x40,0x03,0xcf,0xe8,0xef,
  0x10,0x00,0x00,0x05,0xfa,0x00,0x00,0x00,0x2f,0xf2,0x00,0x00,0x03,0xef,0x40,0x00,0x00,0x7f,0xe4,0x00,0x00,
};
const sig_font_t sigf_28 = { 1, 600, 15.0f, 16, 5, 0, 48, sigf_28_ch, sigf_28_gl, sigf_28_bmp, 2325 };
// --- mono 600 normal 60px  (13 glyphs, 9504 bytes)
static const sig_glyph_t sigf_29_gl[] = {
  {0,36,44,0,-43,36},
  {792,36,42,0,-42,36},
  {1548,36,43,0,-43,36},
  {2322,36,44,0,-43,36},
  {3114,36,42,0,-42,36},
  {3870,36,43,0,-42,36},
  {4644,36,43,0,-42,36},
  {5418,36,42,0,-42,36},
  {6174,36,44,0,-43,36},
  {6966,36,43,0,-43,36},
  {7740,36,32,0,-31,36},
  {8316,36,44,0,-43,36},
  {9108,36,22,0,-22,36},
};
static const char sigf_29_ch[] = "0123456789:%-";
static const uint8_t sigf_29_bmp[] = {
  0x00,0x00,0x00,0x00,0x00,0x00,0x26,0xad,0xef,0xfe,0xda,0x72,0x00,0x00,0x00,0x00,0x00,0x00,0x00,0x00,0x00,0x00,0x00,0x4b,0xff,0xff,0xff,0xff,0xff,0xff,0xc4,0x00,
  0x00,0x00,0x00,0x00,0x00,0x00,0x00,0x00,0x0a,0xff,0xff,0xff,0xff,0xff,0xff,0xff,0xff,0xb1,0x00,0x00,0x00,0x00,0x00,0x00,0x00,0x02,0xdf,0xff,0xff,0xff,0xff,0xff,
  0xff,0xff,0xff,0xfe,0x20,0x00,0x00,0x00,0x00,0x00,0x00,0x1e,0xff,0xff,0xff,0xff,0xff,0xff,0xff,0xff,0xff,0xff,0xe1,0x00,0x00,0x00,0x00,0x00,0x00,0xcf,0xff,0xff,
  0xff,0xff,0xff,0xff,0xff,0xff,0xff,0xff,0xfc,0x00,0x00,0x00,0x00,0x00,0x07,0xff,0xff,0xff,0xff,0xc6,0x20,0x02,0x6c,0xff,0xff,0xff,0xff,0x60,0x00,0x00,0x00,0x00,
  0x1f,0xff,0xff,0xff,0xf6,0x00,0x00,0x00,0x00,0x6f,0xff,0xff,0xff,0xe0,0x00,0x00,0x00,0x00,0x8f,0xff,0xff,0xff,0x70,0x00,0x00,0x00,0x00,0x07,0xff,0xff,0xff,0xf7,
  0x00,0x00,0x00,0x00,0xef,0xff,0xff,0xfc,0x00,0x00,0x00,0x00,0x00,0x00,0xcf,0xff,0xff,0xfd,0x00,0x00,0x00,0x04,0xff,0xff,0xff,0xf5,0x00,0x00,0x00,0x00,0x00,0x00,
  0x5f,0xff,0xff,0xff,0x30,0x00,0x00,0x09,0xff,0xff,0xff,0xf0,0x00,0x00,0x00,0x00,0x00,0x00,0x0f,0xff,0xff,0xff,0x80,0x00,0x00,0x0d,0xff,0xff,0xff,0xb0,0x00,0x00,
  0x00,0x00,0x00,0x00,0x0b,0xff,0xff,0xff,0xd0,0x00,0x00,0x1f,0xff,0xff,0xff,0x80,0x00,0x00,0x00,0x00,0x00,0x00,0x08,0xff,0xff,0xff,0xf0,0x00,0x00,0x4f,0xff,0xff,
  0xff,0x60,0x00,0x00,0x00,0x00,0x00,0x00,0x06,0xff,0xff,0xff,0xf3,0x00,0x00,0x6f,0xff,0xff,0xff,0x40,0x00,0x00,0x00,0x00,0x00,0x00,0x04,0xff,0xff,0xff,0xf6,0x00,
  0x00,0x8f,0xff,0xff,0xff,0x30,0x00,0x00,0x00,0x00,0x00,0x00,0x03,0xff,0xff,0xff,0xf8,0x00,0x00,0xaf,0xff,0xff,0xff,0x20,0x00,0x00,0x00,0x00,0x00,0x00,0x02,0xff,
  0xff,0xff,0xfa,0x00,0x00,0xbf,0xff,0xff,0xff,0x20,0x00,0x07,0xdf,0xfd,0x70,0x00,0x02,0xff,0xff,0xff,0xfb,0x00,0x00,0xcf,0xff,0xff,0xff,0x20,0x00,0x5f,0xff,0xff,
  0xf5,0x00,0x02,0xff,0xff,0xff,0xfc,0x00,0x00,0xdf,0xff,0xff,0xff,0x20,0x00,0xaf,0xff,0xff,0xfa,0x00,0x02,0xff,0xff,0xff,0xfc,0x00,0x00,0xdf,0xff,0xff,0xff,0x20,
  0x00,0xbf,0xff,0xff,0xfb,0x00,0x02,0xff,0xff,0xff,0xfd,0x00,0x00,0xdf,0xff,0xff,0xff,0x20,0x00,0xaf,0xff,0xff,0xfa,0x00,0x02,0xff,0xff,0xff,0xfd,0x00,0x00,0xdf,
  0xff,0xff,0xff,0x20,0x00,0x5f,0xff,0xff,0xf5,0x00,0x02,0xff,0xff,0xff,0xfc,0x00,0x00,0xcf,0xff,0xff,0xff,0x20,0x00,0x07,0xdf,0xfd,0x70,0x00,0x02,0xff,0xff,0xff,
  0xfc,0x00,0x00,0xbf,0xff,0xff,0xff,0x20,0x00,0x00,0x00,0x00,0x00,0x00,0x02,0xff,0xff,0xff,0xfb,0x00,0x00,0xaf,0xff,0xff,0xff,0x20,0x00,0x00,0x00,0x00,0x00,0x00,
  0x02,0xff,0xff,0xff,0xfa,0x00,0x00,0x8f,0xff,0xff,0xff,0x30,0x00,0x00,0x00,0x00,0x00,0x00,0x03,0xff,0xff,0xff,0xf8,0x00,0x00,0x6f,0xff,0xff,0xff,0x40,0x00,0x00,
  0x00,0x00,0x00,0x00,0x04,0xff,0xff,0xff,0xf6,0x00,0x00,0x4f,0xff,0xff,0xff,0x60,0x00,0x00,0x00,0x00,0x00,0x00,0x06,0xff,0xff,0xff,0xf3,0x00,0x00,0x1f,0xff,0xff,
  0xff,0x80,0x00,0x00,0x00,0x00,0x00,0x00,0x08,0xff,0xff,0xff,0xf0,0x00,0x00,0x0d,0xff,0xff,0xff,0xb0,0x00,0x00,0x00,0x00,0x00,0x00,0x0b,0xff,0xff,0xff,0xd0,0x00,
  0x00,0x09,0xff,0xff,0xff,0xf0,0x00,0x00,0x00,0x00,0x00,0x00,0x0f,0xff,0xff,0xff,0x80,0x00,0x00,0x04,0xff,0xff,0xff,0xf5,0x00,0x00,0x00,0x00,0x00,0x00,0x5f,0xff,
  0xff,0xff,0x30,0x00,0x00,0x00,0xef,0xff,0xff,0xfc,0x00,0x00,0x00,0x00,0x00,0x00,0xcf,0xff,0xff,0xfd,0x00,0x00,0x00,0x00,0x8f,0xff,0xff,0xff,0x70,0x00,0x00,0x00,
  0x00,0x07,0xff,0xff,0xff,0xf7,0x00,0x00,0x00,0x00,0x1f,0xff,0xff,0xff,0xf6,0x00,0x00,0x00,0x00,0x6f,0xff,0xff,0xff,0xe0,0x00,0x00,0x00,0x00,0x07,0xff,0xff,0xff,
  0xff,0xc6,0x20,0x02,0x6c,0xff,0xff,0xff,0xff,0x60,0x00,0x00,0x00,0x00,0x00,0xcf,0xff,0xff,0xff,0xff,0xff,0xff,0xff,0xff,0xff,0xff,0xfc,0x00,0x00,0x00,0x00,0x00,
  0x00,0x1e,0xff,0xff,0xff,0xff,0xff,0xff,0xff,0xff,0xff,0xff,0xe1,0x00,0x00,0x00,0x00,0x00,0x00,0x02,0xdf,0xff,0xff,0xff,0xff,0xff,0xff,0xff,0xff,0xfe,0x20,0x00,
  0x00,0x00,0x00,0x00,0x00,0x00,0x1a,0xff,0xff,0xff,0xff,0xff,0xff,0xff,0xff,0xb1,0x00,0x00,0x00,0x00,0x00,0x00,0x00,0x00,0x00,0x4c,0xff,0xff,0xff,0xff,0xff,0xff,
  0xc5,0x00,0x00,0x00,0x00,0x00,0x00,0x00,0x00,0x00,0x00,0x00,0x27,0xad,0xef,0xfe,0xda,0x72,0x00,0x00,0x00,0x00,0x00,0x00,0x00,0x00,0x00,0x00,0x00,0x00,0xaf,0xff,
  0xff,0xff,0xff,0xff,0xd0,0x00,0x00,0x00,0x00,0x00,0x00,0x00,0x00,0x00,0x00,0x07,0xff,0xff,0xff,0xff,0xff,0xff,0xd0,0x00,0x00,0x00,0x00,0x00,0x00,0x00,0x00,0x00,
  0x00,0x5f,0xff,0xff,0xff,0xff,0xff,0xff,0xd0,0x00,0x00,0x00,0x00,0x00,0x00,0x00,0x00,0x00,0x03,0xff,0xff,0xff,0xff,0xff,0xff,0xff,0xd0,0x00,0x00,0x00,0x00,0x00,
  0x00,0x00,0x00,0x00,0x1e,0xff,0xff,0xff,0xff,0xff,0xff,0xff,0xd0,0x00,0x00,0x00,0x00,0x00,0x00,0x00,0x00,0x00,0xcf,0xff,0xff,0xff,0xff,0xff,0xff,0xff,0xd0,0x00,
  0x00,0x00,0x00,0x00,0x00,0x00,0x00,0x0a,0xff,0xff,0xff,0xfe,0x1f,0xff,0xff,0xff,0xd0,0x00,0x00,0x00,0x00,0x00,0x00,0x00,0x00,0x7f,0xff,0xff,0xff,0xf2,0x0f,0xff,
  0xff,0xff,0xd0,0x00,0x00,0x00,0x00,0x00,0x00,0x00,0x05,0xff,0xff,0xff,0xff,0x40,0x0f,0xff,0xff,0xff,0xd0,0x00,0x00,0x00,0x00,0x00,0x00,0x00,0x3f,0xff,0xff,0xff,
  0xf5,0x00,0x0f,0xff,0xff,0xff,0xd0,0x00,0x00,0x00,0x00,0x00,0x00,0x01,0xef,0xff,0xff,0xff,0x70,0x00,0x0f,0xff,0xff,0xff,0xd0,0x00,0x00,0x00,0x00,0x00,0x00,0x0c,
  0xff,0xff,0xff,0xf9,0x00,0x00,0x0f,0xff,0xff,0xff,0xd0,0x00,0x00,0x00,0x00,0x00,0x00,0x5f,0xff,0xff,0xff,0xb0,0x00,0x00,0x0f,0xff,0xff,0xff,0xd0,0x00,0x00,0x00,
  0x00,0x00,0x00,0x04,0xff,0xff,0xfc,0x00,0x00,0x00,0x0f,0xff,0xff,0xff,0xd0,0x00,0x00,0x00,0x00,0x00,0x00,0x00,0x2d,0xff,0xe1,0x00,0x00,0x00,0x0f,0xff,0xff,0xff,
  0xd0,0x00,0x00,0x00,0x00,0x00,0x00,0x00,0x01,0xbf,0x20,0x00,0x00,0x00,0x0f,0xff,0xff,0xff,0xd0,0x00,0x00,0x00,0x00,0x00,0x00,0x00,0x00,0x02,0x00,0x00,0x00,0x00,
  0x0f,0xff,0xff,0xff,0xd0,0x00,0x00,0x00,0x00,0x00,0x00,0x00,0x00,0x00,0x00,0x00,0x00,0x00,0x0f,0xff,0xff,0xff,0xd0,0x00,0x00,0x00,0x00,0x00,0x00,0x00,0x00,0x00,
  0x00,0x00,0x00,0x00,0x0f,0xff,0xff,0xff,0xd0,0x00,0x00,0x00,0x00,0x00,0x00,0x00,0x00,0x00,0x00,0x00,0x00,0x00,0x0f,0xff,0xff,0xff,0xd0,0x00,0x00,0x00,0x00,0x00,
  0x00,0x00,0x00,0x00,0x00,0x00,0x00,0x00,0x0f,0xff,0xff,0xff,0xd0,0x00,0x00,0x00,0x00,0x00,0x00,0x00,0x00,0x00,0x00,0x00,0x00,0x00,0x0f,0xff,0xff,0xff,0xd0,0x00,
  0x00,0x00,0x00,0x00,0x00,0x00,0x00,0x00,0x00,0x00,0x00,0x00,0x0f,0xff,0xff,0xff,0xd0,0x00,0x00,0x00,0x00,0x00,0x00,0x00,0x00,0x00,0x00,0x00,0x00,0x00,0x0f,0xff,
  0xff,0xff,0xd0,0x00,0x00,0x00,0x00,0x00,0x00,0x00,0x00,0x00,0x00,0x00,0x00,0x00,0x0f,0xff,0xff,0xff,0xd0,0x00,0x00,0x00,0x00,0x00,0x00,0x00,0x00,0x00,0x00,0x00,
  0x00,0x00,0x0f,0xff,0xff,0xff,0xd0,0x00,0x00,0x00,0x00,0x00,0x00,0x00,0x00,0x00,0x00,0x00,0x00,0x00,0x0f,0xff,0xff,0xff,0xd0,0x00,0x00,0x00,0x00,0x00,0x00,0x00,
  0x00,0x00,0x00,0x00,0x00,0x00,0x0f,0xff,0xff,0xff,0xd0,0x00,0x00,0x00,0x00,0x00,0x00,0x00,0x00,0x00,0x00,0x00,0x00,0x00,0x0f,0xff,0xff,0xff,0xd0,0x00,0x00,0x00,
  0x00,0x00,0x00,0x00,0x00,0x00,0x00,0x00,0x00,0x00,0x0f,0xff,0xff,0xff,0xd0,0x00,0x00,0x00,0x00,0x00,0x00,0x00,0x00,0x00,0x00,0x00,0x00,0x00,0x0f,0xff,0xff,0xff,
  0xd0,0x00,0x00,0x00,0x00,0x00,0x00,0x00,0x00,0x00,0x00,0x00,0x00,0x00,0x0f,0xff,0xff,0xff,0xd0,0x00,0x00,0x00,0x00,0x00,0x00,0x00,0x00,0x00,0x00,0x00,0x00,0x00,
  0x0f,0xff,0xff,0xff,0xd0,0x00,0x00,0x00,0x00,0x00,0x00,0x00,0x00,0x00,0x00,0x00,0x00,0x00,0x0f,0xff,0xff,0xff,0xd0,0x00,0x00,0x00,0x00,0x00,0x00,0x00,0x00,0x00,
  0x00,0x00,0x00,0x00,0x0f,0xff,0xff,0xff,0xd0,0x00,0x00,0x00,0x00,0x00,0x00,0x00,0x00,0x00,0x00,0x00,0x00,0x00,0x0f,0xff,0xff,0xff,0xd0,0x00,0x00,0x00,0x00,0x00,
  0x00,0x00,0x08,0xff,0xff,0xff,0xff,0xff,0xff,0xff,0xff,0xff,0xff,0xff,0xff,0xff,0xff,0x50,0x00,0x00,0x08,0xff,0xff,0xff,0xff,0xff,0xff,0xff,0xff,0xff,0xff,0xff,
  0xff,0xff,0xff,0x50,0x00,0x00,0x08,0xff,0xff,0xff,0xff,0xff,0xff,0xff,0xff,0xff,0xff,0xff,0xff,0xff,0xff,0x50,0x00,0x00,0x08,0xff,0xff,0xff,0xff,0xff,0xff,0xff,
  0xff,0xff,0xff,0xff,0xff,0xff,0xff,0x50,0x00,0x00,0x08,0xff,0xff,0xff,0xff,0xff,0xff,0xff,0xff,0xff,0xff,0xff,0xff,0xff,0xff,0x50,0x00,0x00,0x08,0xff,0xff,0xff,
  0xff,0xff,0xff,0xff,0xff,0xff,0xff,0xff,0xff,0xff,0xff,0x50,0x00,0x00,0x00,0x00,0x00,0x00,0x58,0xbd,0xef,0xfd,0xca,0x62,0x00,0x00,0x00,0x00,0x00,0x00,0x00,0x00,
  0x00,0x00,0x03,0x9f,0xff,0xff,0xff,0xff,0xff,0xff,0xb4,0x00,0x00,0x00,0x00,0x00,0x00,0x00,0x00,0x01,0xaf,0xff,0xff,0xff,0xff,0xff,0xff,0xff,0xff,0xb1,0x00,0x00,
  0x00,0x00,0x00,0x00,0x00,0x3e,0xff,0xff,0xff,0xff,0xff,0xff,0xff,0xff,0xff,0xfe,0x30,0x00,0x00,0x00,0x00,0x00,0x03,0xff,0xff,0xff,0xff,0xff,0xff,0xff,0xff,0xff,
  0xff,0xff,0xe2,0x00,0x00,0x00,0x00,0x00,0x2e,0xff,0xff,0xff,0xff,0xff,0xff,0xff,0xff,0xff,0xff,0xff,0xfd,0x00,0x00,0x00,0x00,0x00,0xbf,0xff,0xff,0xff,0xfc,0x62,
  0x00,0x15,0xcf,0xff,0xff,0xff,0xff,0x60,0x00,0x00,0x00,0x05,0xff,0xff,0xff,0xff,0x70,0x00,0x00,0x00,0x07,0xff,0xff,0xff,0xff,0xe0,0x00,0x00,0x00,0x0c,0xff,0xff,
  0xff,0xf9,0x00,0x00,0x00,0x00,0x00,0x9f,0xff,0xff,0xff,0xf3,0x00,0x00,0x00,0x1e,0xff,0xff,0xff,0xd0,0x00,0x00,0x00,0x00,0x00,0x1f,0xff,0xff,0xff,0xf8,0x00,0x00,
  0x00,0x00,0x5b,0xff,0xff,0x50,0x00,0x00,0x00,0x00,0x00,0x0b,0xff,0xff,0xff,0xfa,0x00,0x00,0x00,0x00,0x00,0x17,0xde,0x00,0x00,0x00,0x00,0x00,0x00,0x09,0xff,0xff,
  0xff,0xfc,0x00,0x00,0x00,0x00,0x00,0x00,0x01,0x00,0x00,0x00,0x00,0x00,0x00,0x07,0xff,0xff,0xff,0xfd,0x00,0x00,0x00,0x00,0x00,0x00,0x00,0x00,0x00,0x00,0x00,0x00,
  0x00,0x08,0xff,0xff,0xff,0xfc,0x00,0x00,0x00,0x00,0x00,0x00,0x00,0x00,0x00,0x00,0x00,0x00,0x00,0x09,0xff,0xff,0xff,0xfa,0x00,0x00,0x00,0x00,0x00,0x00,0x00,0x00,
  0x00,0x00,0x00,0x00,0x00,0x0c,0xff,0xff,0xff,0xf7,0x00,0x00,0x00,0x00,0x00,0x00,0x00,0x00,0x00,0x00,0x00,0x00,0x00,0x1f,0xff,0xff,0xff,0xf3,0x00,0x00,0x00,0x00,
  0x00,0x00,0x00,0x00,0x00,0x00,0x00,0x00,0x00,0x6f,0xff,0xff,0xff,0xd0,0x00,0x00,0x00,0x00,0x00,0x00,0x00,0x00,0x00,0x00,0x00,0x00,0x00,0xef,0xff,0xff,0xff,0x60,
  0x00,0x00,0x00,0x00,0x00,0x00,0x00,0x00,0x00,0x00,0x00,0x00,0x09,0xff,0xff,0xff,0xfd,0x00,0x00,0x00,0x00,0x00,0x00,0x00,0x00,0x00,0x00,0x00,0x00,0x00,0x5f,0xff,
  0xff,0xff,0xf4,0x00,0x00,0x00,0x00,0x00,0x00,0x00,0x00,0x00,0x00,0x00,0x00,0x03,0xff,0xff,0xff,0xff,0x90,0x00,0x00,0x00,0x00,0x00,0x00,0x00,0x00,0x00,0x00,0x00,
  0x00,0x2e,0xff,0xff,0xff,0xfb,0x00,0x00,0x00,0x00,0x00,0x00,0x00,0x00,0x00,0x00,0x00,0x00,0x02,0xef,0xff,0xff,0xff,0xc1,0x00,0x00,0x00,0x00,0x00,0x00,0x00,0x00,
  0x00,0x00,0x00,0x00,0x3e,0xff,0xff,0xff,0xfc,0x10,0x00,0x00,0x00,0x00,0x00,0x00,0x00,0x00,0x00,0x00,0x00,0x05,0xff,0xff,0xff,0xff,0xb0,0x00,0x00,0x00,0x00,0x00,
  0x00,0x00,0x00,0x00,0x00,0x00,0x00,0x7f,0xff,0xff,0xff,0xfa,0x00,0x00,0x00,0x00,0x00,0x00,0x00,0x00,0x00,0x00,0x00,0x00,0x0a,0xff,0xff,0xff,0xff,0x70,0x00,0x00,
  0x00,0x00,0x00,0x00,0x00,0x00,0x00,0x00,0x00,0x01,0xcf,0xff,0xff,0xff,0xf5,0x00,0x00,0x00,0x00,0x00,0x00,0x00,0x00,0x00,0x00,0x00,0x00,0x2d,0xff,0xff,0xff,0xff,
  0x30,0x00,0x00,0x00,0x00,0x00,0x00,0x00,0x00,0x00,0x00,0x00,0x04,0xff,0xff,0xff,0xff,0xe2,0x00,0x00,0x00,0x00,0x00,0x00,0x00,0x00,0x00,0x00,0x00,0x00,0x6f,0xff,
  0xff,0xff,0xfd,0x20,0x00,0x00,0x00,0x00,0x00,0x00,0x00,0x00,0x00,0x00,0x00,0x09,0xff,0xff,0xff,0xff,0xd1,0x00,0x00,0x00,0x00,0x00,0x00,0x00,0x00,0x00,0x00,0x00,
  0x01,0xbf,0xff,0xff,0xff,0xfc,0x10,0x00,0x00,0x00,0x00,0x00,0x00,0x00,0x00,0x00,0x00,0x00,0x2d,0xff,0xff,0xff,0xff,0xb0,0x00,0x00,0x00,0x00,0x00,0x00,0x00,0x00,
  0x00,0x00,0x00,0x03,0xef,0xff,0xff,0xff,0xfa,0x00,0x00,0x00,0x00,0x00,0x00,0x00,0x00,0x00,0x00,0x00,0x00,0x08,0xff,0xff,0xff,0xff,0x90,0x00,0x00,0x00,0x00,0x00,
  0x00,0x00,0x00,0x00,0x00,0x00,0x00,0x08,0xff,0xff,0xff,0xff,0xff,0xff,0xff,0xff,0xff,0xff,0xff,0xff,0xff,0xff,0xf0,0x00,0x00,0x08,0xff,0xff,0xff,0xff,0xff,0xff,
  0xff,0xff,0xff,0xff,0xff,0xff,0xff,0xff,0xf0,0x00,0x00,0x08,0xff,0xff,0xff,0xff,0xff,0xff,0xff,0xff,0xff,0xff,0xff,0xff,0xff,0xff,0xf0,0x00,0x00,0x08,0xff,0xff,
  0xff,0xff,0xff,0xff,0xff,0xff,0xff,0xff,0xff,0xff,0xff,0xff,0xf0,0x00,0x00,0x08,0xff,0xff,0xff,0xff,0xff,0xff,0xff,0xff,0xff,0xff,0xff,0xff,0xff,0xff,0xf0,0x00,
  0x00,0x08,0xff,0xff,0xff,0xff,0xff,0xff,0xff,0xff,0xff,0xff,0xff,0xff,0xff,0xff,0xf0,0x00,0x00,0x00,0x00,0x00,0x00,0x02,0x7a,0xce,0xff,0xed,0xc9,0x62,0x00,0x00,
  0x00,0x00,0x00,0x00,0x00,0x00,0x00,0x00,0x06,0xdf,0xff,0xff,0xff,0xff,0xff,0xff,0xb5,0x00,0x00,0x00,0x00,0x00,0x00,0x00,0x00,0x05,0xef,0xff,0xff,0xff,0xff,0xff,
  0xff,0xff,0xff,0xc2,0x00,0x00,0x00,0x00,0x00,0x00,0x00,0xaf,0xff,0xff,0xff,0xff,0xff,0xff,0xff,0xff,0xff,0xff,0x40,0x00,0x00,0x00,0x00,0x00,0x0c,0xff,0xff,0xff,
  0xff,0xff,0xff,0xff,0xff,0xff,0xff,0xff,0xf4,0x00,0x00,0x00,0x00,0x00,0xcf,0xff,0xff,0xff,0xff,0xff,0xff,0xff,0xff,0xff,0xff,0xff,0xfe,0x10,0x00,0x00,0x00,0x06,
  0xff,0xff,0xff,0xff,0xfb,0x52,0x00,0x15,0xbf,0xff,0xff,0xff,0xff,0xa0,0x00,0x00,0x00,0x00,0x8f,0xff,0xff,0xfc,0x20,0x00,0x00,0x00,0x05,0xff,0xff,0xff,0xff,0xf2,
  0x00,0x00,0x00,0x00,0x06,0xff,0xff,0x90,0x00,0x00,0x00,0x00,0x00,0x7f,0xff,0xff,0xff,0xf7,0x00,0x00,0x00,0x00,0x00,0x4f,0xfa,0x00,0x00,0x00,0x00,0x00,0x00,0x0e,
  0xff,0xff,0xff,0xfa,0x00,0x00,0x00,0x00,0x00,0x03,0xb0,0x00,0x00,0x00,0x00,0x00,0x00,0x09,0xff,0xff,0xff,0xfc,0x00,0x00,0x00,0x00,0x00,0x00,0x00,0x00,0x00,0x00,
  0x00,0x00,0x00,0x06,0xff,0xff,0xff,0xfd,0x00,0x00,0x00,0x00,0x00,0x00,0x00,0x00,0x00,0x00,0x00,0x00,0x00,0x05,0xff,0xff,0xff,0xfc,0x00,0x00,0x00,0x00,0x00,0x00,
  0x00,0x00,0x00,0x00,0x00,0x00,0x00,0x06,0xff,0xff,0xff,0xfa,0x00,0x00,0x00,0x00,0x00,0x00,0x00,0x00,0x00,0x00,0x00,0x00,0x00,0x09,0xff,0xff,0xff,0xf6,0x00,0x00,
  0x00,0x00,0x00,0x00,0x00,0x00,0x00,0x00,0x00,0x00,0x00,0x0e,0xff,0xff,0xff,0xf1,0x00,0x00,0x00,0x00,0x00,0x00,0x00,0x00,0x00,0x00,0x00,0x00,0x00,0x8f,0xff,0xff,
  0xff,0xa0,0x00,0x00,0x00,0x00,0x00,0x00,0x00,0x00,0x00,0x00,0x00,0x00,0x07,0xff,0xff,0xff,0xfe,0x10,0x00,0x00,0x00,0x00,0x00,0x00,0x00,0x00,0x00,0x00,0x01,0x36,
  0xdf,0xff,0xff,0xff,0xf3,0x00,0x00,0x00,0x00,0x00,0x00,0x00,0x00,0x00,0xdf,0xff,0xff,0xff,0xff,0xff,0xff,0xfe,0x30,0x00,0x00,0x00,0x00,0x00,0x00,0x00,0x00,0x00,
  0xdf,0xff,0xff,0xff,0xff,0xff,0xff,0x80,0x00,0x00,0x00,0x00,0x00,0x00,0x00,0x00,0x00,0x00,0xdf,0xff,0xff,0xff,0xff,0xfe,0x50,0x00,0x00,0x00,0x00,0x00,0x00,0x00,
  0x00,0x00,0x00,0x00,0xdf,0xff,0xff,0xff,0xff,0xff,0xea,0x30,0x00,0x00,0x00,0x00,0x00,0x00,0x00,0x00,0x00,0x00,0xdf,0xff,0xff,0xff,0xff,0xff,0xff,0xfc,0x20,0x00,
  0x00,0x00,0x00,0x00,0x00,0x00,0x00,0x00,0xdf,0xff,0xff,0xff,0xff,0xff,0xff,0xff,0xf5,0x00,0x00,0x00,0x00,0x00,0x00,0x00,0x00,0x00,0x00,0x00,0x01,0x25,0xaf,0xff,
  0xff,0xff,0xff,0x50,0x00,0x00,0x00,0x00,0x00,0x00,0x00,0x00,0x00,0x00,0x00,0x00,0x02,0xbf,0xff,0xff,0xff,0xf2,0x00,0x00,0x00,0x00,0x00,0x00,0x00,0x00,0x00,0x00,
  0x00,0x00,0x00,0x0b,0xff,0xff,0xff,0xfa,0x00,0x00,0x00,0x00,0x00,0x00,0x00,0x00,0x00,0x00,0x00,0x00,0x00,0x02,0xff,0xff,0xff,0xff,0x10,0x00,0x00,0x00,0x00,0x00,
  0x00,0x00,0x00,0x00,0x00,0x00,0x00,0x00,0xcf,0xff,0xff,0xff,0x50,0x00,0x00,0x00,0x00,0x00,0x00,0x00,0x00,0x00,0x00,0x00,0x00,0x00,0xaf,0xff,0xff,0xff,0x80,0x00,
  0x00,0x00,0x00,0x00,0x00,0x00,0x00,0x00,0x00,0x00,0x00,0x00,0x9f,0xff,0xff,0xff,0x90,0x00,0x00,0x00,0x00,0x07,0x00,0x00,0x00,0x00,0x00,0x00,0x00,0x00,0xaf,0xff,
  0xff,0xff,0x90,0x00,0x00,0x00,0x02,0xcf,0x90,0x00,0x00,0x00,0x00,0x00,0x00,0x00,0xdf,0xff,0xff,0xff,0x80,0x00,0x00,0x00,0x4e,0xff,0xf5,0x00,0x00,0x00,0x00,0x00,
  0x00,0x03,0xff,0xff,0xff,0xff,0x50,0x00,0x00,0x08,0xff,0xff,0xff,0x50,0x00,0x00,0x00,0x00,0x00,0x0c,0xff,0xff,0xff,0xff,0x10,0x00,0x00,0xbf,0xff,0xff,0xff,0xf7,
  0x00,0x00,0x00,0x00,0x01,0xbf,0xff,0xff,0xff,0xfa,0x00,0x00,0x00,0x9f,0xff,0xff,0xff,0xff,0xd7,0x31,0x00,0x14,0x9f,0xff,0xff,0xff,0xff,0xf2,0x00,0x00,0x00,0x0b,
  0xff,0xff,0xff,0xff,0xff,0xff,0xff,0xff,0xff,0xff,0xff,0xff,0xff,0x60,0x00,0x00,0x00,0x00,0xcf,0xff,0xff,0xff,0xff,0xff,0xff,0xff,0xff,0xff,0xff,0xff,0xf8,0x00,
  0x00,0x00,0x00,0x00,0x0a,0xff,0xff,0xff,0xff,0xff,0xff,0xff,0xff,0xff,0xff,0xff,0x70,0x00,0x00,0x00,0x00,0x00,0x00,0x4e,0xff,0xff,0xff,0xff,0xff,0xff,0xff,0xff,
  0xff,0xc3,0x00,0x00,0x00,0x00,0x00,0x00,0x00,0x00,0x6c,0xff,0xff,0xff,0xff,0xff,0xff,0xff,0xb5,0x00,0x00,0x00,0x00,0x00,0x00,0x00,0x00,0x00,0x00,0x16,0x9c,0xee,
  0xff,0xed,0xb8,0x51,0x00,0x00,0x00,0x00,0x00,0x00,0x00,0x00,0x00,0x00,0x00,0x00,0x00,0x00,0x00,0x8f,0xff,0xff,0xff,0xff,0x90,0x00,0x00,0x00,0x00,0x00,0x00,0x00,
  0x00,0x00,0x00,0x00,0x02,0xff,0xff,0xff,0xff,0xff,0x90,0x00,0x00,0x00,0x00,0x00,0x00,0x00,0x00,0x00,0x00,0x00,0x0c,0xff,0xff,0xff,0xff,0xff,0x90,0x00,0x00,0x00,
  0x00,0x00,0x00,0x00,0x00,0x00,0x00,0x00,0x6f,0xff,0xff,0xff,0xff,0xff,0x90,0x00,0x00,0x00,0x00,0x00,0x00,0x00,0x00,0x00,0x00,0x01,0xff,0xff,0xff,0xff,0xff,0xff,
  0x90,0x00,0x00,0x00,0x00,0x00,0x00,0x00,0x00,0x00,0x00,0x0a,0xff,0xff,0xff,0xff,0xff,0xff,0x90,0x00,0x00,0x00,0x00,0x00,0x00,0x00,0x00,0x00,0x00,0x4f,0xff,0xff,
  0xff,0xff,0xff,0xff,0x90,0x00,0x00,0x00,0x00,0x00,0x00,0x00,0x00,0x00,0x00,0xef,0xff,0xff,0xdf,0xff,0xff,0xff,0x90,0x00,0x00,0x00,0x00,0x00,0x00,0x00,0x00,0x00,
  0x08,0xff,0xff,0xff,0x1f,0xff,0xff,0xff,0x90,0x00,0x00,0x00,0x00,0x00,0x00,0x00,0x00,0x00,0x3f,0xff,0xff,0xf7,0x0f,0xff,0xff,0xff,0x90,0x00,0x00,0x00,0x00,0x00,
  0x00,0x00,0x00,0x00,0xcf,0xff,0xff,0xd0,0x0f,0xff,0xff,0xff,0x90,0x00,0x00,0x00,0x00,0x00,0x00,0x00,0x00,0x07,0xff,0xff,0xff,0x30,0x0f,0xff,0xff,0xff,0x90,0x00,
  0x00,0x00,0x00,0x00,0x00,0x00,0x00,0x1f,0xff,0xff,0xf9,0x00,0x0f,0xff,0xff,0xff,0x90,0x00,0x00,0x00,0x00,0x00,0x00,0x00,0x00,0xbf,0xff,0xff,0xe1,0x00,0x0f,0xff,
  0xff,0xff,0x90,0x00,0x00,0x00,0x00,0x00,0x00,0x00,0x05,0xff,0xff,0xff,0x60,0x00,0x0f,0xff,0xff,0xff,0x90,0x00,0x00,0x00,0x00,0x00,0x00,0x00,0x0e,0xff,0xff,0xfc,
  0x00,0x00,0x0f,0xff,0xff,0xff,0x90,0x00,0x00,0x00,0x00,0x00,0x00,0x00,0x9f,0xff,0xff,0xf2,0x00,0x00,0x0f,0xff,0xff,0xff,0x90,0x00,0x00,0x00,0x00,0x00,0x00,0x03,
  0xff,0xff,0xff,0x80,0x00,0x00,0x0f,0xff,0xff,0xff,0x90,0x00,0x00,0x00,0x00,0x00,0x00,0x0d,0xff,0xff,0xfe,0x00,0x00,0x00,0x0f,0xff,0xff,0xff,0x90,0x00,0x00,0x00,
  0x00,0x00,0x00,0x7f,0xff,0xff,0xf5,0x00,0x00,0x00,0x0f,0xff,0xff,0xff,0x90,0x00,0x00,0x00,0x00,0x00,0x02,0xff,0xff,0xff,0xb0,0x00,0x00,0x00,0x0f,0xff,0xff,0xff,
  0x90,0x00,0x00,0x00,0x00,0x00,0x0b,0xff,0xff,0xff,0x20,0x00,0x00,0x00,0x0f,0xff,0xff,0xff,0x90,0x00,0x00,0x00,0x00,0x00,0x5f,0xff,0xff,0xf7,0x00,0x00,0x00,0x00,
  0x0f,0xff,0xff,0xff,0x90,0x00,0x00,0x00,0x00,0x01,0xef,0xff,0xff,0xd0,0x00,0x00,0x00,0x00,0x0f,0xff,0xff,0xff,0x90,0x00,0x00,0x00,0x00,0x09,0xff,0xff,0xff,0x30,
  0x00,0x00,0x00,0x00,0x0f,0xff,0xff,0xff,0x90,0x00,0x00,0x00,0x00,0x3f,0xff,0xff,0xfa,0x00,0x00,0x00,0x00,0x00,0x0f,0xff,0xff,0xff,0x90,0x00,0x00,0x00,0x00,0xdf,
  0xff,0xff,0xe1,0x00,0x00,0x00,0x00,0x00,0x0f,0xff,0xff,0xff,0x90,0x00,0x00,0x00,0x04,0xff,0xff,0xff,0x60,0x00,0x00,0x00,0x00,0x00,0x0f,0xff,0xff,0xff,0x90,0x00,
  0x00,0x00,0x05,0xff,0xff,0xff,0xff,0xff,0xff,0xff,0xff,0xff,0xff,0xff,0xff,0xff,0xff,0xff,0xff,0x30,0x05,0xff,0xff,0xff,0xff,0xff,0xff,0xff,0xff,0xff,0xff,0xff,
  0xff,0xff,0xff,0xff,0xff,0x30,0x05,0xff,0xff,0xff,0xff,0xff,0xff,0xff,0xff,0xff,0xff,0xff,0xff,0xff,0xff,0xff,0xff,0x30,0x05,0xff,0xff,0xff,0xff,0xff,0xff,0xff,
  0xff,0xff,0xff,0xff,0xff,0xff,0xff,0xff,0xff,0x30,0x05,0xff,0xff,0xff,0xff,0xff,0xff,0xff,0xff,0xff,0xff,0xff,0xff,0xff,0xff,0xff,0xff,0x30,0x05,0xff,0xff,0xff,
  0xff,0xff,0xff,0xff,0xff,0xff,0xff,0xff,0xff,0xff,0xff,0xff,0xff,0x30,0x00,0x00,0x00,0x00,0x00,0x00,0x00,0x00,0x00,0x00,0x0f,0xff,0xff,0xff,0x90,0x00,0x00,0x00,
  0x00,0x00,0x00,0x00,0x00,0x00,0x00,0x00,0x00,0x00,0x0f,0xff,0xff,0xff,0x90,0x00,0x00,0x00,0x00,0x00,0x00,0x00,0x00,0x00,0x00,0x00,0x00,0x00,0x0f,0xff,0xff,0xff,
  0x90,0x00,0x00,0x00,0x00,0x00,0x00,0x00,0x00,0x00,0x00,0x00,0x00,0x00,0x0f,0xff,0xff,0xff,0x90,0x00,0x00,0x00,0x00,0x00,0x00,0x00,0x00,0x00,0x00,0x00,0x00,0x00,
  0x0f,0xff,0xff,0xff,0x90,0x00,0x00,0x00,0x00,0x00,0x00,0x00,0x00,0x00,0x00,0x00,0x00,0x00,0x0f,0xff,0xff,0xff,0x90,0x00,0x00,0x00,0x00,0x00,0x00,0x00,0x00,0x00,
  0x00,0x00,0x00,0x00,0x0f,0xff,0xff,0xff,0x90,0x00,0x00,0x00,0x00,0x00,0x00,0x00,0x00,0x00,0x00,0x00,0x00,0x00,0x0f,0xff,0xff,0xff,0x90,0x00,0x00,0x00,0x00,0x00,
  0x00,0xff,0xff,0xff,0xff,0xff,0xff,0xff,0xff,0xff,0xff,0xff,0xff,0xf1,0x00,0x00,0x00,0x00,0x00,0xff,0xff,0xff,0xff,0xff,0xff,0xff,0xff,0xff,0xff,0xff,0xff,0xf1,
  0x00,0x00,0x00,0x00,0x01,0xff,0xff,0xff,0xff,0xff,0xff,0xff,0xff,0xff,0xff,0xff,0xff,0xf1,0x00,0x00,0x00,0x00,0x02,0xff,0xff,0xff,0xff,0xff,0xff,0xff,0xff,0xff,
  0xff,0xff,0xff,0xf1,0x00,0x00,0x00,0x00,0x03,0xff,0xff,0xff,0xff,0xff,0xff,0xff,0xff,0xff,0xff,0xff,0xff,0xf1,0x00,0x00,0x00,0x00,0x04,0xff,0xff,0xff,0xff,0xff,
  0xff,0xff,0xff,0xff,0xff,0xff,0xff,0xf1,0x00,0x00,0x00,0x00,0x06,0xff,0xff,0xfd,0x00,0x00,0x00,0x00,0x00,0x00,0x00,0x00,0x00,0x00,0x00,0x00,0x00,0x00,0x07,0xff,
  0xff,0xfc,0x00,0x00,0x00,0x00,0x00,0x00,0x00,0x00,0x00,0x00,0x00,0x00,0x00,0x00,0x08,0xff,0xff,0xfb,0x00,0x00,0x00,0x00,0x00,0x00,0x00,0x00,0x00,0x00,0x00,0x00,
  0x00,0x00,0x09,0xff,0xff,0xfa,0x00,0x00,0x00,0x00,0x00,0x00,0x00,0x00,0x00,0x00,0x00,0x00,0x00,0x00,0x0a,0xff,0xff,0xf9,0x00,0x00,0x00,0x00,0x00,0x00,0x00,0x00,
  0x00,0x00,0x00,0x00,0x00,0x00,0x0b,0xff,0xff,0xf7,0x00,0x00,0x00,0x00,0x00,0x00,0x00,0x00,0x00,0x00,0x00,0x00,0x00,0x00,0x0c,0xff,0xff,0xf6,0x00,0x00,0x00,0x00,
  0x00,0x00,0x00,0x00,0x00,0x00,0x00,0x00,0x00,0x00,0x0d,0xff,0xff,0xf5,0x00,0x00,0x00,0x00,0x00,0x00,0x00,0x00,0x00,0x00,0x00,0x00,0x00,0x00,0x0e,0xff,0xff,0xf4,
  0x00,0x00,0x00,0x00,0x00,0x00,0x00,0x00,0x00,0x00,0x00,0x00,0x00,0x00,0x0f,0xff,0xff,0xf3,0x00,0x00,0x39,0xce,0xfe,0xda,0x61,0x00,0x00,0x00,0x00,0x00,0x00,0x00,
  0x0f,0xff,0xff,0xf2,0x00,0x2c,0xff,0xff,0xff,0xff,0xff,0xa2,0x00,0x00,0x00,0x00,0x00,0x00,0x1f,0xff,0xff,0xf1,0x03,0xff,0xff,0xff,0xff,0xff,0xff,0xff,0x60,0x00,
  0x00,0x00,0x00,0x00,0x2f,0xff,0xff,0xf0,0x2e,0xff,0xff,0xff,0xff,0xff,0xff,0xff,0xf9,0x00,0x00,0x00,0x00,0x00,0x4f,0xff,0xff,0xf0,0xbf,0xff,0xff,0xff,0xff,0xff,
  0xff,0xff,0xff,0x70,0x00,0x00,0x00,0x00,0x5f,0xff,0xff,0xe6,0xff,0xff,0xff,0xff,0xff,0xff,0xff,0xff,0xff,0xf4,0x00,0x00,0x00,0x00,0x6f,0xff,0xff,0xff,0xff,0xa4,
  0x20,0x02,0x6c,0xff,0xff,0xff,0xff,0xfc,0x00,0x00,0x00,0x00,0x7f,0xff,0xff,0xff,0xb1,0x00,0x00,0x00,0x00,0x6f,0xff,0xff,0xff,0xff,0x40,0x00,0x00,0x00,0x25,0x8a,
  0xce,0xf9,0x00,0x00,0x00,0x00,0x00,0x05,0xff,0xff,0xff,0xff,0xa0,0x00,0x00,0x00,0x00,0x00,0x00,0x00,0x00,0x00,0x00,0x00,0x00,0x00,0xbf,0xff,0xff,0xff,0xe0,0x00,
  0x00,0x00,0x00,0x00,0x00,0x00,0x00,0x00,0x00,0x00,0x00,0x00,0x4f,0xff,0xff,0xff,0xf2,0x00,0x00,0x00,0x00,0x00,0x00,0x00,0x00,0x00,0x00,0x00,0x00,0x00,0x0f,0xff,
  0xff,0xff,0xf4,0x00,0x00,0x00,0x00,0x00,0x00,0x00,0x00,0x00,0x00,0x00,0x00,0x00,0x0e,0xff,0xff,0xff,0xf5,0x00,0x00,0x00,0x00,0x00,0x00,0x00,0x00,0x00,0x00,0x00,
  0x00,0x00,0x0c,0xff,0xff,0xff,0xf6,0x00,0x00,0x00,0x00,0x00,0x00,0x00,0x00,0x00,0x00,0x00,0x00,0x00,0x0d,0xff,0xff,0xff,0xf5,0x00,0x00,0x00,0x00,0x00,0x00,0x00,
  0x00,0x00,0x00,0x00,0x00,0x00,0x0e,0xff,0xff,0xff,0xf4,0x00,0x00,0x00,0x00,0x00,0x70,0x00,0x00,0x00,0x00,0x00,0x00,0x00,0x1f,0xff,0xff,0xff,0xf1,0x00,0x00,0x00,
  0x00,0x1b,0xfa,0x00,0x00,0x00,0x00,0x00,0x00,0x00,0x5f,0xff,0xff,0xff,0xe0,0x00,0x00,0x00,0x03,0xef,0xff,0x50,0x00,0x00,0x00,0x00,0x00,0x00,0xcf,0xff,0xff,0xff,
  0x90,0x00,0x00,0x00,0x6f,0xff,0xff,0xf5,0x00,0x00,0x00,0x00,0x00,0x06,0xff,0xff,0xff,0xff,0x30,0x00,0x00,0x08,0xff,0xff,0xff,0xff,0x80,0x00,0x00,0x00,0x00,0x6f,
  0xff,0xff,0xff,0xfa,0x00,0x00,0x00,0x06,0xff,0xff,0xff,0xff,0xfe,0x84,0x10,0x02,0x6c,0xff,0xff,0xff,0xff,0xf2,0x00,0x00,0x00,0x00,0x9f,0xff,0xff,0xff,0xff,0xff,
  0xff,0xff,0xff,0xff,0xff,0xff,0xff,0x60,0x00,0x00,0x00,0x00,0x0a,0xff,0xff,0xff,0xff,0xff,0xff,0xff,0xff,0xff,0xff,0xff,0xf9,0x00,0x00,0x00,0x00,0x00,0x00,0x8f,
  0xff,0xff,0xff,0xff,0xff,0xff,0xff,0xff,0xff,0xff,0x70,0x00,0x00,0x00,0x00,0x00,0x00,0x04,0xdf,0xff,0xff,0xff,0xff,0xff,0xff,0xff,0xff,0xd4,0x00,0x00,0x00,0x00,
  0x00,0x00,0x00,0x00,0x05,0xcf,0xff,0xff,0xff,0xff,0xff,0xff,0xd5,0x00,0x00,0x00,0x00,0x00,0x00,0x00,0x00,0x00,0x00,0x01,0x69,0xce,0xff,0xfe,0xda,0x73,0x00,0x00,
  0x00,0x00,0x00,0x00,0x00,0x00,0x00,0x00,0x00,0x00,0x00,0x00,0x0a,0xff,0xff,0xff,0xff,0xfd,0x20,0x00,0x00,0x00,0x00,0x00,0x00,0x00,0x00,0x00,0x00,0x03,0xdf,0xff,
  0xff,0xff,0xff,0x80,0x00,0x00,0x00,0x00,0x00,0x00,0x00,0x00,0x00,0x00,0x00,0x4f,0xff,0xff,0xff,0xff,0xe4,0x00,0x00,0x00,0x00,0x00,0x00,0x00,0x00,0x00,0x00,0x00,
  0x06,0xff,0xff,0xff,0xff,0xfc,0x10,0x00,0x00,0x00,0x00,0x00,0x00,0x00,0x00,0x00,0x00,0x00,0x7f,0xff,0xff,0xff,0xff,0x80,0x00,0x00,0x00,0x00,0x00,0x00,0x00,0x00,
  0x00,0x00,0x00,0x06,0xff,0xff,0xff,0xff,0xf5,0x00,0x00,0x00,0x00,0x00,0x00,0x00,0x00,0x00,0x00,0x00,0x00,0x4f,0xff,0xff,0xff,0xfe,0x30,0x00,0x00,0x00,0x00,0x00,
  0x00,0x00,0x00,0x00,0x00,0x00,0x02,0xff,0xff,0xff,0xff,0xe2,0x00,0x00,0x00,0x00,0x00,0x00,0x00,0x00,0x00,0x00,0x00,0x00,0x0d,0xff,0xff,0xff,0xfe,0x20,0x00,0x00,
  0x00,0x00,0x00,0x00,0x00,0x00,0x00,0x00,0x00,0x00,0x9f,0xff,0xff,0xff,0xe2,0x00,0x00,0x00,0x00,0x00,0x00,0x00,0x00,0x00,0x00,0x00,0x00,0x04,0xff,0xff,0xff,0xff,
  0x40,0x00,0x00,0x00,0x00,0x00,0x00,0x00,0x00,0x00,0x00,0x00,0x00,0x0d,0xff,0xff,0xff,0xf7,0x00,0x00,0x00,0x00,0x00,0x00,0x00,0x00,0x00,0x00,0x00,0x00,0x00,0x7f,
  0xff,0xff,0xff,0xb0,0x00,0x00,0x00,0x00,0x00,0x00,0x00,0x00,0x00,0x00,0x00,0x00,0x01,0xef,0xff,0xff,0xff,0x10,0x00,0x00,0x00,0x00,0x00,0x00,0x00,0x00,0x00,0x00,
  0x00,0x00,0x07,0xff,0xff,0xff,0xf6,0x00,0x00,0x00,0x00,0x00,0x00,0x00,0x00,0x00,0x00,0x00,0x00,0x00,0x0e,0xff,0xff,0xff,0xd0,0x00,0x17,0xbe,0xff,0xdc,0x83,0x00,
  0x00,0x00,0x00,0x00,0x00,0x00,0x5f,0xff,0xff,0xff,0x60,0x08,0xff,0xff,0xff,0xff,0xff,0xd4,0x00,0x00,0x00,0x00,0x00,0x00,0xbf,0xff,0xff,0xfe,0x01,0xdf,0xff,0xff,
  0xff,0xff,0xff,0xff,0xa0,0x00,0x00,0x00,0x00,0x01,0xff,0xff,0xff,0xfa,0x1d,0xff,0xff,0xff,0xff,0xff,0xff,0xff,0xfc,0x00,0x00,0x00,0x00,0x05,0xff,0xff,0xff,0xf5,
  0xaf,0xff,0xff,0xff,0xff,0xff,0xff,0xff,0xff,0xa0,0x00,0x00,0x00,0x09,0xff,0xff,0xff,0xf5,0xff,0xff,0xff,0xff,0xff,0xff,0xff,0xff,0xff,0xf6,0x00,0x00,0x00,0x0c,
  0xff,0xff,0xff,0xff,0xff,0xc6,0x20,0x01,0x4a,0xff,0xff,0xff,0xff,0xfe,0x00,0x00,0x00,0x0f,0xff,0xff,0xff,0xff,0xf6,0x00,0x00,0x00,0x00,0x2d,0xff,0xff,0xff,0xff,
  0x60,0x00,0x00,0x1f,0xff,0xff,0xff,0xff,0x50,0x00,0x00,0x00,0x00,0x01,0xef,0xff,0xff,0xff,0xc0,0x00,0x00,0x2f,0xff,0xff,0xff,0xfb,0x00,0x00,0x00,0x00,0x00,0x00,
  0x6f,0xff,0xff,0xff,0xf1,0x00,0x00,0x3f,0xff,0xff,0xff,0xf5,0x00,0x00,0x00,0x00,0x00,0x00,0x0f,0xff,0xff,0xff,0xf4,0x00,0x00,0x3f,0xff,0xff,0xff,0xf1,0x00,0x00,
  0x00,0x00,0x00,0x00,0x0c,0xff,0xff,0xff,0xf6,0x00,0x00,0x3f,0xff,0xff,0xff,0xe0,0x00,0x00,0x00,0x00,0x00,0x00,0x0a,0xff,0xff,0xff,0xf7,0x00,0x00,0x2f,0xff,0xff,
  0xff,0xd0,0x00,0x00,0x00,0x00,0x00,0x00,0x09,0xff,0xff,0xff,0xf8,0x00,0x00,0x0f,0xff,0xff,0xff,0xd0,0x00,0x00,0x00,0x00,0x00,0x00,0x09,0xff,0xff,0xff,0xf7,0x00,
  0x00,0x0e,0xff,0xff,0xff,0xe0,0x00,0x00,0x00,0x00,0x00,0x00,0x0a,0xff,0xff,0xff,0xf6,0x00,0x00,0x0a,0xff,0xff,0xff,0xf1,0x00,0x00,0x00,0x00,0x00,0x00,0x0c,0xff,
  0xff,0xff,0xf3,0x00,0x00,0x06,0xff,0xff,0xff,0xf5,0x00,0x00,0x00,0x00,0x00,0x00,0x0f,0xff,0xff,0xff,0xf0,0x00,0x00,0x01,0xff,0xff,0xff,0xfb,0x00,0x00,0x00,0x00,
  0x00,0x00,0x6f,0xff,0xff,0xff,0xb0,0x00,0x00,0x00,0xaf,0xff,0xff,0xff,0x50,0x00,0x00,0x00,0x00,0x01,0xef,0xff,0xff,0xff,0x50,0x00,0x00,0x00,0x3f,0xff,0xff,0xff,
  0xf5,0x00,0x00,0x00,0x00,0x2d,0xff,0xff,0xff,0xfc,0x00,0x00,0x00,0x00,0x0a,0xff,0xff,0xff,0xff,0xb5,0x20,0x01,0x49,0xff,0xff,0xff,0xff,0xf4,0x00,0x00,0x00,0x00,
  0x00,0xdf,0xff,0xff,0xff,0xff,0xff,0xff,0xff,0xff,0xff,0xff,0xff,0x80,0x00,0x00,0x00,0x00,0x00,0x3e,0xff,0xff,0xff,0xff,0xff,0xff,0xff,0xff,0xff,0xff,0xfb,0x00,
  0x00,0x00,0x00,0x00,0x00,0x02,0xdf,0xff,0xff,0xff,0xff,0xff,0xff,0xff,0xff,0xff,0x90,0x00,0x00,0x00,0x00,0x00,0x00,0x00,0x1a,0xff,0xff,0xff,0xff,0xff,0xff,0xff,
  0xff,0xe5,0x00,0x00,0x00,0x00,0x00,0x00,0x00,0x00,0x00,0x3b,0xff,0xff,0xff,0xff,0xff,0xff,0xe7,0x00,0x00,0x00,0x00,0x00,0x00,0x00,0x00,0x00,0x00,0x00,0x26,0xad,
  0xef,0xff,0xdb,0x84,0x00,0x00,0x00,0x00,0x00,0x00,0x00,0x0b,0xff,0xff,0xff,0xff,0xff,0xff,0xff,0xff,0xff,0xff,0xff,0xff,0xff,0xff,0xc0,0x00,0x00,0x0b,0xff,0xff,
  0xff,0xff,0xff,0xff,0xff,0xff,0xff,0xff,0xff,0xff,0xff,0xff,0xc0,0x00,0x00,0x0b,0xff,0xff,0xff,0xff,0xff,0xff,0xff,0xff,0xff,0xff,0xff,0xff,0xff,0xff,0xc0,0x00,
  0x00,0x0b,0xff,0xff,0xff,0xff,0xff,0xff,0xff,0xff,0xff,0xff,0xff,0xff,0xff,0xff,0xc0,0x00,0x00,0x0b,0xff,0xff,0xff,0xff,0xff,0xff,0xff,0xff,0xff,0xff,0xff,0xff,
  0xff,0xff,0xc0,0x00,0x00,0x0b,0xff,0xff,0xff,0xff,0xff,0xff,0xff,0xff,0xff,0xff,0xff,0xff,0xff,0xff,0xc0,0x00,0x00,0x0b,0xff,0xff,0xff,0x00,0x00,0x00,0x00,0x00,
  0x00,0x00,0x4f,0xff,0xff,0xff,0xc0,0x00,0x00,0x0b,0xff,0xff,0xff,0x00,0x00,0x00,0x00,0x00,0x00,0x00,0xaf,0xff,0xff,0xff,0x80,0x00,0x00,0x0b,0xff,0xff,0xff,0x00,
  0x00,0x00,0x00,0x00,0x00,0x01,0xff,0xff,0xff,0xff,0x10,0x00,0x00,0x0b,0xff,0xff,0xff,0x00,0x00,0x00,0x00,0x00,0x00,0x08,0xff,0xff,0xff,0xfa,0x00,0x00,0x00,0x0b,
  0xff,0xff,0xff,0x00,0x00,0x00,0x00,0x00,0x00,0x0e,0xff,0xff,0xff,0xf4,0x00,0x00,0x00,0x0b,0xff,0xff,0xff,0x00,0x00,0x00,0x00,0x00,0x00,0x5f,0xff,0xff,0xff,0xd0,
  0x00,0x00,0x00,0x0b,0xff,0xff,0xff,0x00,0x00,0x00,0x00,0x00,0x00,0xbf,0xff,0xff,0xff,0x70,0x00,0x00,0x00,0x0b,0xff,0xff,0xff,0x00,0x00,0x00,0x00,0x00,0x02,0xff,
  0xff,0xff,0xff,0x10,0x00,0x00,0x00,0x00,0x00,0x00,0x00,0x00,0x00,0x00,0x00,0x00,0x09,0xff,0xff,0xff,0xf9,0x00,0x00,0x00,0x00,0x00,0x00,0x00,0x00,0x00,0x00,0x00,
  0x00,0x00,0x0f,0xff,0xff,0xff,0xf3,0x00,0x00,0x00,0x00,0x00,0x00,0x00,0x00,0x00,0x00,0x00,0x00,0x00,0x6f,0xff,0xff,0xff,0xc0,0x00,0x00,0x00,0x00,0x00,0x00,0x00,
  0x00,0x00,0x00,0x00,0x00,0x00,0xdf,0xff,0xff,0xff,0x60,0x00,0x00,0x00,0x00,0x00,0x00,0x00,0x00,0x00,0x00,0x00,0x00,0x03,0xff,0xff,0xff,0xfe,0x00,0x00,0x00,0x00,
  0x00,0x00,0x00,0x00,0x00,0x00,0x00,0x00,0x00,0x0a,0xff,0xff,0xff,0xf8,0x00,0x00,0x00,0x00,0x00,0x00,0x00,0x00,0x00,0x00,0x00,0x00,0x00,0x1f,0xff,0xff,0xff,0xf2,
  0x00,0x00,0x00,0x00,0x00,0x00,0x00,0x00,0x00,0x00,0x00,0x00,0x00,0x7f,0xff,0xff,0xff,0xb0,0x00,0x00,0x00,0x00,0x00,0x00,0x00,0x00,0x00,0x00,0x00,0x00,0x00,0xef,
  0xff,0xff,0xff,0x50,0x00,0x00,0x00,0x00,0x00,0x00,0x00,0x00,0x00,0x00,0x00,0x00,0x04,0xff,0xff,0xff,0xfe,0x00,0x00,0x00,0x00,0x00,0x00,0x00,0x00,0x00,0x00,0x00,
  0x00,0x00,0x0b,0xff,0xff,0xff,0xf8,0x00,0x00,0x00,0x00,0x00,0x00,0x00,0x00,0x00,0x00,0x00,0x00,0x00,0x2f,0xff,0xff,0xff,0xf1,0x00,0x00,0x00,0x00,0x00,0x00,0x00,
  0x00,0x00,0x00,0x00,0x00,0x00,0x8f,0xff,0xff,0xff,0xa0,0x00,0x00,0x00,0x00,0x00,0x00,0x00,0x00,0x00,0x00,0x00,0x00,0x00,0xef,0xff,0xff,0xff,0x40,0x00,0x00,0x00,
  0x00,0x00,0x00,0x00,0x00,0x00,0x00,0x00,0x00,0x06,0xff,0xff,0xff,0xfd,0x00,0x00,0x00,0x00,0x00,0x00,0x00,0x00,0x00,0x00,0x00,0x00,0x00,0x0c,0xff,0xff,0xff,0xf7,
  0x00,0x00,0x00,0x00,0x00,0x00,0x00,0x00,0x00,0x00,0x00,0x00,0x00,0x3f,0xff,0xff,0xff,0xf1,0x00,0x00,0x00,0x00,0x00,0x00,0x00,0x00,0x00,0x00,0x00,0x00,0x00,0xaf,
  0xff,0xff,0xff,0x90,0x00,0x00,0x00,0x00,0x00,0x00,0x00,0x00,0x00,0x00,0x00,0x00,0x01,0xff,0xff,0xff,0xff,0x30,0x00,0x00,0x00,0x00,0x00,0x00,0x00,0x00,0x00,0x00,
  0x00,0x00,0x07,0xff,0xff,0xff,0xfc,0x00,0x00,0x00,0x00,0x00,0x00,0x00,0x00,0x00,0x00,0x00,0x00,0x00,0x0d,0xff,0xff,0xff,0xf6,0x00,0x00,0x00,0x00,0x00,0x00,0x00,
  0x00,0x00,0x00,0x00,0x00,0x00,0x4f,0xff,0xff,0xff,0xe0,0x00,0x00,0x00,0x00,0x00,0x00,0x00,0x00,0x00,0x00,0x00,0x00,0x00,0xbf,0xff,0xff,0xff,0x80,0x00,0x00,0x00,
  0x00,0x00,0x00,0x00,0x00,0x00,0x00,0x00,0x00,0x02,0xff,0xff,0xff,0xff,0x20,0x00,0x00,0x00,0x00,0x00,0x00,0x00,0x00,0x00,0x00,0x00,0x00,0x08,0xff,0xff,0xff,0xfb,
  0x00,0x00,0x00,0x00,0x00,0x00,0x00,0x00,0x00,0x00,0x00,0x00,0x00,0x0e,0xff,0xff,0xff,0xf5,0x00,0x00,0x00,0x00,0x00,0x00,0x00,0x00,0x00,0x00,0x00,0x00,0x00,0x5f,
  0xff,0xff,0xff,0xe0,0x00,0x00,0x00,0x00,0x00,0x00,0x00,0x00,0x00,0x00,0x00,0x00,0x00,0xcf,0xff,0xff,0xff,0x80,0x00,0x00,0x00,0x00,0x00,0x00,0x00,0x00,0x00,0x00,
  0x00,0x00,0x00,0x01,0x58,0xbd,0xef,0xfe,0xdb,0x85,0x10,0x00,0x00,0x00,0x00,0x00,0x00,0x00,0x00,0x00,0x03,0xaf,0xff,0xff,0xff,0xff,0xff,0xff,0xfa,0x30,0x00,0x00,
  0x00,0x00,0x00,0x00,0x00,0x01,0xaf,0xff,0xff,0xff,0xff,0xff,0xff,0xff,0xff,0xfa,0x10,0x00,0x00,0x00,0x00,0x00,0x00,0x2e,0xff,0xff,0xff,0xff,0xff,0xff,0xff,0xff,
  0xff,0xff,0xd2,0x00,0x00,0x00,0x00,0x00,0x01,0xef,0xff,0xff,0xff,0xff,0xff,0xff,0xff,0xff,0xff,0xff,0xfe,0x10,0x00,0x00,0x00,0x00,0x0a,0xff,0xff,0xff,0xff,0xff,
  0xff,0xff,0xff,0xff,0xff,0xff,0xff,0xa0,0x00,0x00,0x00,0x00,0x4f,0xff,0xff,0xff,0xff,0x94,0x10,0x01,0x49,0xff,0xff,0xff,0xff,0xf3,0x00,0x00,0x00,0x00,0x9f,0xff,
  0xff,0xff,0xd2,0x00,0x00,0x00,0x00,0x2d,0xff,0xff,0xff,0xf9,0x00,0x00,0x00,0x00,0xef,0xff,0xff,0xff,0x10,0x00,0x00,0x00,0x00,0x02,0xff,0xff,0xff,0xfe,0x00,0x00,
  0x00,0x01,0xff,0xff,0xff,0xf9,0x00,0x00,0x00,0x00,0x00,0x00,0x9f,0xff,0xff,0xff,0x10,0x00,0x00,0x02,0xff,0xff,0xff,0xf5,0x00,0x00,0x00,0x00,0x00,0x00,0x5f,0xff,
  0xff,0xff,0x20,0x00,0x00,0x02,0xff,0xff,0xff,0xf3,0x00,0x00,0x00,0x00,0x00,0x00,0x3f,0xff,0xff,0xff,0x20,0x00,0x00,0x01,0xff,0xff,0xff,0xf3,0x00,0x00,0x00,0x00,
  0x00,0x00,0x3f,0xff,0xff,0xff,0x10,0x00,0x00,0x00,0xef,0xff,0xff,0xf5,0x00,0x00,0x00,0x00,0x00,0x00,0x5f,0xff,0xff,0xfe,0x00,0x00,0x00,0x00,0x9f,0xff,0xff,0xf9,
  0x00,0x00,0x00,0x00,0x00,0x00,0x9f,0xff,0xff,0xf9,0x00,0x00,0x00,0x00,0x2f,0xff,0xff,0xff,0x20,0x00,0x00,0x00,0x00,0x02,0xff,0xff,0xff,0xf2,0x00,0x00,0x00,0x00,
  0x08,0xff,0xff,0xff,0xd2,0x00,0x00,0x00,0x00,0x2d,0xff,0xff,0xff,0x80,0x00,0x00,0x00,0x00,0x00,0xaf,0xff,0xff,0xff,0x94,0x10,0x01,0x49,0xff,0xff,0xff,0xfa,0x00,
  0x00,0x00,0x00,0x00,0x00,0x09,0xff,0xff,0xff,0xff,0xff,0xff,0xff,0xff,0xff,0xff,0x90,0x00,0x00,0x00,0x00,0x00,0x00,0x00,0x4c,0xff,0xff,0xff,0xff,0xff,0xff,0xff,
  0xff,0xc4,0x00,0x00,0x00,0x00,0x00,0x00,0x00,0x00,0x00,0x4f,0xff,0xff,0xff,0xff,0xff,0xff,0xf4,0x00,0x00,0x00,0x00,0x00,0x00,0x00,0x00,0x00,0x29,0xef,0xff,0xff,
  0xff,0xff,0xff,0xff,0xfe,0x92,0x00,0x00,0x00,0x00,0x00,0x00,0x00,0x1a,0xff,0xff,0xff,0xff,0xff,0xff,0xff,0xff,0xff,0xff,0xa0,0x00,0x00,0x00,0x00,0x00,0x02,0xef,
  0xff,0xff,0xff,0xff,0xff,0xff,0xff,0xff,0xff,0xff,0xfe,0x20,0x00,0x00,0x00,0x00,0x2e,0xff,0xff,0xff,0xff,0x94,0x10,0x01,0x49,0xff,0xff,0xff,0xff,0xe2,0x00,0x00,
  0x00,0x00,0xdf,0xff,0xff,0xff,0xb1,0x00,0x00,0x00,0x00,0x1b,0xff,0xff,0xff,0xfd,0x00,0x00,0x00,0x06,0xff,0xff,0xff,0xfd,0x00,0x00,0x00,0x00,0x00,0x00,0xdf,0xff,
  0xff,0xff,0x60,0x00,0x00,0x0d,0xff,0xff,0xff,0xf4,0x00,0x00,0x00,0x00,0x00,0x00,0x4f,0xff,0xff,0xff,0xd0,0x00,0x00,0x2f,0xff,0xff,0xff,0xe0,0x00,0x00,0x00,0x00,
  0x00,0x00,0x0e,0xff,0xff,0xff,0xf1,0x00,0x00,0x5f,0xff,0xff,0xff,0xc0,0x00,0x00,0x00,0x00,0x00,0x00,0x0c,0xff,0xff,0xff,0xf5,0x00,0x00,0x6f,0xff,0xff,0xff,0xb0,
  0x00,0x00,0x00,0x00,0x00,0x00,0x0b,0xff,0xff,0xff,0xf6,0x00,0x00,0x7f,0xff,0xff,0xff,0xb0,0x00,0x00,0x00,0x00,0x00,0x00,0x0b,0xff,0xff,0xff,0xf7,0x00,0x00,0x6f,
  0xff,0xff,0xff,0xc0,0x00,0x00,0x00,0x00,0x00,0x00,0x0c,0xff,0xff,0xff,0xf6,0x00,0x00,0x5f,0xff,0xff,0xff,0xe0,0x00,0x00,0x00,0x00,0x00,0x00,0x0e,0xff,0xff,0xff,
  0xf4,0x00,0x00,0x1f,0xff,0xff,0xff,0xf4,0x00,0x00,0x00,0x00,0x00,0x00,0x4f,0xff,0xff,0xff,0xf1,0x00,0x00,0x0d,0xff,0xff,0xff,0xfc,0x00,0x00,0x00,0x00,0x00,0x00,
  0xdf,0xff,0xff,0xff,0xd0,0x00,0x00,0x06,0xff,0xff,0xff,0xff,0xb1,0x00,0x00,0x00,0x00,0x1c,0xff,0xff,0xff,0xff,0x60,0x00,0x00,0x00,0xdf,0xff,0xff,0xff,0xff,0x94,
  0x10,0x01,0x49,0xff,0xff,0xff,0xff,0xfd,0x00,0x00,0x00,0x00,0x3f,0xff,0xff,0xff,0xff,0xff,0xff,0xff,0xff,0xff,0xff,0xff,0xff,0xf3,0x00,0x00,0x00,0x00,0x05,0xff,
  0xff,0xff,0xff,0xff,0xff,0xff,0xff,0xff,0xff,0xff,0xff,0x50,0x00,0x00,0x00,0x00,0x00,0x5f,0xff,0xff,0xff,0xff,0xff,0xff,0xff,0xff,0xff,0xff,0xf5,0x00,0x00,0x00,
  0x00,0x00,0x00,0x01,0xbf,0xff,0xff,0xff,0xff,0xff,0xff,0xff,0xff,0xfb,0x10,0x00,0x00,0x00,0x00,0x00,0x00,0x00,0x03,0xaf,0xff,0xff,0xff,0xff,0xff,0xff,0xfa,0x30,
  0x00,0x00,0x00,0x00,0x00,0x00,0x00,0x00,0x00,0x01,0x48,0xbd,0xef,0xfe,0xdb,0x84,0x10,0x00,0x00,0x00,0x00,0x00,0x00,0x00,0x00,0x00,0x00,0x00,0x38,0xbd,0xff,0xfe,
  0xca,0x61,0x00,0x00,0x00,0x00,0x00,0x00,0x00,0x00,0x00,0x00,0x00,0x7e,0xff,0xff,0xff,0xff,0xff,0xff,0xb3,0x00,0x00,0x00,0x00,0x00,0x00,0x00,0x00,0x00,0x5e,0xff,
  0xff,0xff,0xff,0xff,0xff,0xff,0xff,0xa1,0x00,0x00,0x00,0x00,0x00,0x00,0x00,0x09,0xff,0xff,0xff,0xff,0xff,0xff,0xff,0xff,0xff,0xfd,0x20,0x00,0x00,0x00,0x00,0x00,
  0x00,0xaf,0xff,0xff,0xff,0xff,0xff,0xff,0xff,0xff,0xff,0xff,0xe2,0x00,0x00,0x00,0x00,0x00,0x08,0xff,0xff,0xff,0xff,0xff,0xff,0xff,0xff,0xff,0xff,0xff,0xfd,0x00,
  0x00,0x00,0x00,0x00,0x4f,0xff,0xff,0xff,0xff,0x94,0x10,0x02,0x6c,0xff,0xff,0xff,0xff,0x90,0x00,0x00,0x00,0x00,0xcf,0xff,0xff,0xff,0xd2,0x00,0x00,0x00,0x00,0x5f,
  0xff,0xff,0xff,0xf2,0x00,0x00,0x00,0x05,0xff,0xff,0xff,0xfe,0x10,0x00,0x00,0x00,0x00,0x05,0xff,0xff,0xff,0xfa,0x00,0x00,0x00,0x0b,0xff,0xff,0xff,0xf6,0x00,0x00,
  0x00,0x00,0x00,0x00,0xbf,0xff,0xff,0xff,0x10,0x00,0x00,0x0f,0xff,0xff,0xff,0xf0,0x00,0x00,0x00,0x00,0x00,0x00,0x5f,0xff,0xff,0xff,0x60,0x00,0x00,0x3f,0xff,0xff,
  0xff,0xc0,0x00,0x00,0x00,0x00,0x00,0x00,0x1f,0xff,0xff,0xff,0xa0,0x00,0x00,0x6f,0xff,0xff,0xff,0xa0,0x00,0x00,0x00,0x00,0x00,0x00,0x0f,0xff,0xff,0xff,0xe0,0x00,
  0x00,0x7f,0xff,0xff,0xff,0x90,0x00,0x00,0x00,0x00,0x00,0x00,0x0d,0xff,0xff,0xff,0xf0,0x00,0x00,0x8f,0xff,0xff,0xff,0x90,0x00,0x00,0x00,0x00,0x00,0x00,0x0d,0xff,
  0xff,0xff,0xf2,0x00,0x00,0x7f,0xff,0xff,0xff,0xa0,0x00,0x00,0x00,0x00,0x00,0x00,0x0f,0xff,0xff,0xff,0xf3,0x00,0x00,0x6f,0xff,0xff,0xff,0xc0,0x00,0x00,0x00,0x00,
  0x00,0x00,0x1f,0xff,0xff,0xff,0xf3,0x00,0x00,0x4f,0xff,0xff,0xff,0xf0,0x00,0x00,0x00,0x00,0x00,0x00,0x5f,0xff,0xff,0xff,0xf3,0x00,0x00,0x1f,0xff,0xff,0xff,0xf6,
  0x00,0x00,0x00,0x00,0x00,0x00,0xbf,0xff,0xff,0xff,0xf2,0x00,0x00,0x0d,0xff,0xff,0xff,0xfe,0x10,0x00,0x00,0x00,0x00,0x05,0xff,0xff,0xff,0xff,0xf1,0x00,0x00,0x07,
  0xff,0xff,0xff,0xff,0xd2,0x00,0x00,0x00,0x00,0x5f,0xff,0xff,0xff,0xff,0xf0,0x00,0x00,0x00,0xef,0xff,0xff,0xff,0xff,0x94,0x10,0x02,0x6c,0xff,0xff,0xff,0xff,0xff,
  0xc0,0x00,0x00,0x00,0x7f,0xff,0xff,0xff,0xff,0xff,0xff,0xff,0xff,0xff,0x5f,0xff,0xff,0xff,0x90,0x00,0x00,0x00,0x0b,0xff,0xff,0xff,0xff,0xff,0xff,0xff,0xff,0xfa,
  0x5f,0xff,0xff,0xff,0x50,0x00,0x00,0x00,0x01,0xcf,0xff,0xff,0xff,0xff,0xff,0xff,0xff,0xd1,0xaf,0xff,0xff,0xff,0x10,0x00,0x00,0x00,0x00,0x0a,0xff,0xff,0xff,0xff,
  0xff,0xff,0xfd,0x20,0xef,0xff,0xff,0xfb,0x00,0x00,0x00,0x00,0x00,0x00,0x4d,0xff,0xff,0xff,0xff,0xff,0x90,0x06,0xff,0xff,0xff,0xf5,0x00,0x00,0x00,0x00,0x00,0x00,
  0x00,0x38,0xce,0xff,0xeb,0x71,0x00,0x0d,0xff,0xff,0xff,0xe0,0x00,0x00,0x00,0x00,0x00,0x00,0x00,0x00,0x00,0x00,0x00,0x00,0x00,0x6f,0xff,0xff,0xff,0x70,0x00,0x00,
  0x00,0x00,0x00,0x00,0x00,0x00,0x00,0x00,0x00,0x00,0x01,0xff,0xff,0xff,0xfe,0x10,0x00,0x00,0x00,0x00,0x00,0x00,0x00,0x00,0x00,0x00,0x00,0x00,0x0b,0xff,0xff,0xff,
  0xf7,0x00,0x00,0x00,0x00,0x00,0x00,0x00,0x00,0x00,0x00,0x00,0x00,0x00,0x7f,0xff,0xff,0xff,0xd0,0x00,0x00,0x00,0x00,0x00,0x00,0x00,0x00,0x00,0x00,0x00,0x00,0x04,
  0xff,0xff,0xff,0xff,0x40,0x00,0x00,0x00,0x00,0x00,0x00,0x00,0x00,0x00,0x00,0x00,0x00,0x2e,0xff,0xff,0xff,0xf9,0x00,0x00,0x00,0x00,0x00,0x00,0x00,0x00,0x00,0x00,
  0x00,0x00,0x02,0xef,0xff,0xff,0xff,0xd0,0x00,0x00,0x00,0x00,0x00,0x00,0x00,0x00,0x00,0x00,0x00,0x00,0x2e,0xff,0xff,0xff,0xff,0x20,0x00,0x00,0x00,0x00,0x00,0x00,
  0x00,0x00,0x00,0x00,0x00,0x04,0xef,0xff,0xff,0xff,0xf4,0x00,0x00,0x00,0x00,0x00,0x00,0x00,0x00,0x00,0x00,0x00,0x00,0x5f,0xff,0xff,0xff,0xff,0x60,0x00,0x00,0x00,
  0x00,0x00,0x00,0x00,0x00,0x00,0x00,0x00,0x08,0xff,0xff,0xff,0xff,0xf7,0x00,0x00,0x00,0x00,0x00,0x00,0x00,0x00,0x00,0x00,0x00,0x01,0xcf,0xff,0xff,0xff,0xff,0x60,
  0x00,0x00,0x00,0x00,0x00,0x00,0x00,0x00,0x00,0x00,0x00,0x4e,0xff,0xff,0xff,0xff,0xf5,0x00,0x00,0x00,0x00,0x00,0x00,0x00,0x00,0x00,0x00,0x00,0x08,0xff,0xff,0xff,
  0xff,0xfd,0x30,0x00,0x00,0x00,0x00,0x00,0x00,0x00,0x00,0x00,0x00,0x02,0xdf,0xff,0xff,0xff,0xff,0xa0,0x00,0x00,0x00,0x00,0x00,0x00,0x00,0x00,0x00,0x00,0x00,0x00,
  0x00,0x00,0x00,0x4b,0xef,0xfe,0xb4,0x00,0x00,0x00,0x00,0x00,0x00,0x00,0x00,0x00,0x00,0x00,0x00,0x00,0x09,0xff,0xff,0xff,0xff,0x80,0x00,0x00,0x00,0x00,0x00,0x00,
  0x00,0x00,0x00,0x00,0x00,0x00,0x4f,0xff,0xff,0xff,0xff,0xf4,0x00,0x00,0x00,0x00,0x00,0x00,0x00,0x00,0x00,0x00,0x00,0x00,0xaf,0xff,0xff,0xff,0xff,0xf9,0x00,0x00,
  0x00,0x00,0x00,0x00,0x00,0x00,0x00,0x00,0x00,0x00,0xcf,0xff,0xff,0xff,0xff,0xfb,0x00,0x00,0x00,0x00,0x00,0x00,0x00,0x00,0x00,0x00,0x00,0x00,0xcf,0xff,0xff,0xff,
  0xff,0xfc,0x00,0x00,0x00,0x00,0x00,0x00,0x00,0x00,0x00,0x00,0x00,0x00,0xcf,0xff,0xff,0xff,0xff,0xfb,0x00,0x00,0x00,0x00,0x00,0x00,0x00,0x00,0x00,0x00,0x00,0x00,
  0xaf,0xff,0xff,0xff,0xff,0xf9,0x00,0x00,0x00,0x00,0x00,0x00,0x00,0x00,0x00,0x00,0x00,0x00,0x4f,0xff,0xff,0xff,0xff,0xf4,0x00,0x00,0x00,0x00,0x00,0x00,0x00,0x00,
  0x00,0x00,0x00,0x00,0x09,0xff,0xff,0xff,0xff,0x80,0x00,0x00,0x00,0x00,0x00,0x00,0x00,0x00,0x00,0x00,0x00,0x00,0x00,0x4b,0xef,0xfe,0xb4,0x00,0x00,0x00,0x00,0x00,
  0x00,0x00,0x00,0x00,0x00,0x00,0x00,0x00,0x00,0x00,0x00,0x00,0x00,0x00,0x00,0x00,0x00,0x00,0x00,0x00,0x00,0x00,0x00,0x00,0x00,0x00,0x00,0x00,0x00,0x00,0x00,0x00,
  0x00,0x00,0x00,0x00,0x00,0x00,0x00,0x00,0x00,0x00,0x00,0x00,0x00,0x00,0x00,0x00,0x00,0x00,0x00,0x00,0x00,0x00,0x00,0x00,0x00,0x00,0x00,0x00,0x00,0x00,0x00,0x00,
  0x00,0x00,0x00,0x00,0x00,0x00,0x00,0x00,0x00,0x00,0x00,0x00,0x00,0x00,0x00,0x00,0x00,0x00,0x00,0x00,0x00,0x00,0x00,0x00,0x00,0x00,0x00,0x00,0x00,0x00,0x00,0x00,
  0x00,0x00,0x00,0x00,0x00,0x00,0x00,0x00,0x00,0x00,0x00,0x00,0x00,0x00,0x00,0x00,0x00,0x00,0x00,0x00,0x00,0x00,0x00,0x00,0x00,0x00,0x00,0x00,0x00,0x00,0x00,0x00,
  0x00,0x00,0x00,0x00,0x00,0x00,0x00,0x00,0x00,0x00,0x00,0x00,0x00,0x00,0x00,0x00,0x00,0x00,0x00,0x00,0x00,0x00,0x00,0x00,0x00,0x00,0x00,0x00,0x00,0x00,0x00,0x00,
  0x00,0x00,0x00,0x00,0x00,0x00,0x00,0x00,0x00,0x00,0x00,0x00,0x00,0x00,0x00,0x00,0x00,0x00,0x00,0x00,0x00,0x00,0x00,0x00,0x00,0x00,0x00,0x00,0x00,0x4b,0xef,0xfe,
  0xb4,0x00,0x00,0x00,0x00,0x00,0x00,0x00,0x00,0x00,0x00,0x00,0x00,0x00,0x09,0xff,0xff,0xff,0xff,0x80,0x00,0x00,0x00,0x00,0x00,0x00,0x00,0x00,0x00,0x00,0x00,0x00,
  0x4f,0xff,0xff,0xff,0xff,0xf4,0x00,0x00,0x00,0x00,0x00,0x00,0x00,0x00,0x00,0x00,0x00,0x00,0xaf,0xff,0xff,0xff,0xff,0xf9,0x00,0x00,0x00,0x00,0x00,0x00,0x00,0x00,
  0x00,0x00,0x00,0x00,0xcf,0xff,0xff,0xff,0xff,0xfb,0x00,0x00,0x00,0x00,0x00,0x00,0x00,0x00,0x00,0x00,0x00,0x00,0xcf,0xff,0xff,0xff,0xff,0xfc,0x00,0x00,0x00,0x00,
  0x00,0x00,0x00,0x00,0x00,0x00,0x00,0x00,0xcf,0xff,0xff,0xff,0xff,0xfb,0x00,0x00,0x00,0x00,0x00,0x00,0x00,0x00,0x00,0x00,0x00,0x00,0xaf,0xff,0xff,0xff,0xff,0xf9,
  0x00,0x00,0x00,0x00,0x00,0x00,0x00,0x00,0x00,0x00,0x00,0x00,0x4f,0xff,0xff,0xff,0xff,0xf4,0x00,0x00,0x00,0x00,0x00,0x00,0x00,0x00,0x00,0x00,0x00,0x00,0x09,0xff,
  0xff,0xff,0xff,0x80,0x00,0x00,0x00,0x00,0x00,0x00,0x00,0x00,0x00,0x00,0x00,0x00,0x00,0x4b,0xef,0xfe,0xb4,0x00,0x00,0x00,0x00,0x00,0x00,0x00,0x00,0x00,0x00,0x6b,
  0xdf,0xfd,0xa5,0x00,0x00,0x00,0x00,0x00,0x00,0x00,0x00,0x00,0x00,0x00,0x00,0x00,0x5e,0xff,0xff,0xff,0xff,0xd4,0x00,0x00,0x00,0x00,0x00,0x00,0x0b,0xff,0xff,0xf5,
  0x00,0x06,0xff,0xff,0xff,0xff,0xff,0xff,0x50,0x00,0x00,0x00,0x00,0x00,0x3f,0xff,0xff,0xc0,0x00,0x3f,0xff,0xff,0xff,0xff,0xff,0xff,0xf2,0x00,0x00,0x00,0x00,0x00,
  0xcf,0xff,0xff,0x40,0x00,0xdf,0xff,0xff,0xff,0xff,0xff,0xff,0xfc,0x00,0x00,0x00,0x00,0x04,0xff,0xff,0xfc,0x00,0x05,0xff,0xff,0xfd,0x40,0x04,0xef,0xff,0xff,0x30,
  0x00,0x00,0x00,0x0c,0xff,0xff,0xf4,0x00,0x0a,0xff,0xff,0xf1,0x00,0x00,0x2f,0xff,0xff,0x90,0x00,0x00,0x00,0x4f,0xff,0xff,0xc0,0x00,0x0e,0xff,0xff,0xa0,0x00,0x00,
  0x0b,0xff,0xff,0xd0,0x00,0x00,0x00,0xcf,0xff,0xff,0x30,0x00,0x1f,0xff,0xff,0x60,0x00,0x00,0x08,0xff,0xff,0xf0,0x00,0x00,0x04,0xff,0xff,0xfb,0x00,0x00,0x3f,0xff,
  0xff,0x50,0x00,0x00,0x06,0xff,0xff,0xf1,0x00,0x00,0x0c,0xff,0xff,0xf3,0x00,0x00,0x4f,0xff,0xff,0x40,0x00,0x00,0x06,0xff,0xff,0xf2,0x00,0x00,0x5f,0xff,0xff,0xb0,
  0x00,0x00,0x4f,0xff,0xff,0x40,0x00,0x00,0x06,0xff,0xff,0xf2,0x00,0x00,0xdf,0xff,0xff,0x30,0x00,0x00,0x3f,0xff,0xff,0x50,0x00,0x00,0x06,0xff,0xff,0xf1,0x00,0x05,
  0xff,0xff,0xfa,0x00,0x00,0x00,0x1f,0xff,0xff,0x60,0x00,0x00,0x08,0xff,0xff,0xf0,0x00,0x0d,0xff,0xff,0xf2,0x00,0x00,0x00,0x0e,0xff,0xff,0xa0,0x00,0x00,0x0b,0xff,
  0xff,0xd0,0x00,0x5f,0xff,0xff,0xa0,0x00,0x00,0x00,0x0b,0xff,0xff,0xf1,0x00,0x00,0x2f,0xff,0xff,0x90,0x00,0xdf,0xff,0xff,0x20,0x00,0x00,0x00,0x05,0xff,0xff,0xfd,
  0x40,0x04,0xdf,0xff,0xff,0x30,0x06,0xff,0xff,0xf9,0x00,0x00,0x00,0x00,0x00,0xdf,0xff,0xff,0xff,0xff,0xff,0xff,0xfc,0x00,0x0d,0xff,0xff,0xf2,0x00,0x00,0x00,0x00,
  0x00,0x4f,0xff,0xff,0xff,0xff,0xff,0xff,0xf2,0x00,0x6f,0xff,0xff,0x90,0x00,0x00,0x00,0x00,0x00,0x06,0xff,0xff,0xff,0xff,0xff,0xff,0x50,0x00,0x00,0x00,0x00,0x00,
  0x00,0x00,0x00,0x00,0x00,0x00,0x5e,0xff,0xff,0xff,0xff,0xd4,0x00,0x00,0x00,0x00,0x00,0x00,0x00,0x00,0x00,0x00,0x00,0x00,0x00,0x6b,0xef,0xfd,0xa5,0x00,0x00,0x00,
  0x00,0x00,0x00,0x00,0x00,0x00,0x00,0x00,0x00,0x00,0x00,0x00,0x00,0x00,0x00,0x00,0x00,0x00,0x00,0x5a,0xdf,0xfd,0xb6,0x00,0x00,0x00,0x00,0x00,0x00,0x00,0x00,0x00,
  0x00,0x00,0x00,0x00,0x4d,0xff,0xff,0xff,0xff,0xe4,0x00,0x00,0x00,0x00,0x00,0x00,0x00,0x00,0x00,0x00,0x00,0x05,0xff,0xff,0xff,0xff,0xff,0xff,0x60,0x00,0x00,0x00,
  0x00,0x00,0x09,0xff,0xff,0xf6,0x00,0x2f,0xff,0xff,0xff,0xff,0xff,0xff,0xf3,0x00,0x00,0x00,0x00,0x00,0x2f,0xff,0xff,0xd0,0x00,0xcf,0xff,0xff,0xff,0xff,0xff,0xff,
  0xfd,0x00,0x00,0x00,0x00,0x00,0xaf,0xff,0xff,0x60,0x03,0xff,0xff,0xfe,0x40,0x04,0xdf,0xff,0xff,0x40,0x00,0x00,0x00,0x02,0xff,0xff,0xfd,0x00,0x09,0xff,0xff,0xf2,
  0x00,0x00,0x1f,0xff,0xff,0xa0,0x00,0x00,0x00,0x0a,0xff,0xff,0xf5,0x00,0x0d,0xff,0xff,0xb0,0x00,0x00,0x0a,0xff,0xff,0xe0,0x00,0x00,0x00,0x2f,0xff,0xff,0xd0,0x00,
  0x0f,0xff,0xff,0x80,0x00,0x00,0x06,0xff,0xff,0xf1,0x00,0x00,0x00,0xaf,0xff,0xff,0x50,0x00,0x1f,0xff,0xff,0x60,0x00,0x00,0x05,0xff,0xff,0xf2,0x00,0x00,0x03,0xff,
  0xff,0xfd,0x00,0x00,0x2f,0xff,0xff,0x60,0x00,0x00,0x04,0xff,0xff,0xf3,0x00,0x00,0x0b,0xff,0xff,0xf5,0x00,0x00,0x2f,0xff,0xff,0x60,0x00,0x00,0x04,0xff,0xff,0xf3,
  0x00,0x00,0x3f,0xff,0xff,0xc0,0x00,0x00,0x1f,0xff,0xff,0x60,0x00,0x00,0x05,0xff,0xff,0xf2,0x00,0x00,0xbf,0xff,0xff,0x40,0x00,0x00,0x0f,0xff,0xff,0x80,0x00,0x00,
  0x06,0xff,0xff,0xf1,0x00,0x03,0xff,0xff,0xfc,0x00,0x00,0x00,0x0d,0xff,0xff,0xb0,0x00,0x00,0x0a,0xff,0xff,0xe0,0x00,0x0c,0xff,0xff,0xf4,0x00,0x00,0x00,0x09,0xff,
  0xff,0xf2,0x00,0x00,0x1f,0xff,0xff,0xa0,0x00,0x4f,0xff,0xff,0xc0,0x00,0x00,0x00,0x03,0xff,0xff,0xfd,0x40,0x04,0xdf,0xff,0xff,0x50,0x00,0xcf,0xff,0xff,0x40,0x00,
  0x00,0x00,0x00,0xcf,0xff,0xff,0xff,0xff,0xff,0xff,0xfd,0x00,0x04,0xff,0xff,0xfc,0x00,0x00,0x00,0x00,0x00,0x3f,0xff,0xff,0xff,0xff,0xff,0xff,0xf3,0x00,0x0c,0xff,
  0xff,0xf3,0x00,0x00,0x00,0x00,0x00,0x05,0xff,0xff,0xff,0xff,0xff,0xff,0x60,0x00,0x5f,0xff,0xff,0xb0,0x00,0x00,0x00,0x00,0x00,0x00,0x4d,0xff,0xff,0xff,0xff,0xe5,
  0x00,0x00,0x00,0x00,0x00,0x00,0x00,0x00,0x00,0x00,0x00,0x00,0x00,0x5a,0xdf,0xfd,0xb6,0x00,0x00,0x00,0x00,0x00,0x00,0x00,0x4f,0xff,0xff,0xff,0xff,0xff,0xff,0xff,
  0xff,0xf4,0x00,0x00,0x00,0x00,0x00,0x00,0x00,0x00,0x4f,0xff,0xff,0xff,0xff,0xff,0xff,0xff,0xff,0xf4,0x00,0x00,0x00,0x00,0x00,0x00,0x00,0x00,0x4f,0xff,0xff,0xff,
  0xff,0xff,0xff,0xff,0xff,0xf4,0x00,0x00,0x00,0x00,0x00,0x00,0x00,0x00,0x4f,0xff,0xff,0xff,0xff,0xff,0xff,0xff,0xff,0xf4,0x00,0x00,0x00,0x00,0x00,0x00,0x00,0x00,
  0x4f,0xff,0xff,0xff,0xff,0xff,0xff,0xff,0xff,0xf4,0x00,0x00,0x00,0x00,0x00,0x00,0x00,0x00,0x4f,0xff,0xff,0xff,0xff,0xff,0xff,0xff,0xff,0xf4,0x00,0x00,0x00,0x00,
  0x00,0x00,0x00,0x00,0x4f,0xff,0xff,0xff,0xff,0xff,0xff,0xff,0xff,0xf4,0x00,0x00,0x00,0x00,0x00,0x00,0x00,0x00,0x4f,0xff,0xff,0xff,0xff,0xff,0xff,0xff,0xff,0xf4,
  0x00,0x00,0x00,0x00,0x00,0x00,0x00,0x00,0x00,0x00,0x00,0x00,0x00,0x00,0x00,0x00,0x00,0x00,0x00,0x00,0x00,0x00,0x00,0x00,0x00,0x00,0x00,0x00,0x00,0x00,0x00,0x00,
  0x00,0x00,0x00,0x00,0x00,0x00,0x00,0x00,0x00,0x00,0x00,0x00,0x00,0x00,0x00,0x00,0x00,0x00,0x00,0x00,0x00,0x00,0x00,0x00,0x00,0x00,0x00,0x00,0x00,0x00,0x00,0x00,
  0x00,0x00,0x00,0x00,0x00,0x00,0x00,0x00,0x00,0x00,0x00,0x00,0x00,0x00,0x00,0x00,0x00,0x00,0x00,0x00,0x00,0x00,0x00,0x00,0x00,0x00,0x00,0x00,0x00,0x00,0x00,0x00,
  0x00,0x00,0x00,0x00,0x00,0x00,0x00,0x00,0x00,0x00,0x00,0x00,0x00,0x00,0x00,0x00,0x00,0x00,0x00,0x00,0x00,0x00,0x00,0x00,0x00,0x00,0x00,0x00,0x00,0x00,0x00,0x00,
  0x00,0x00,0x00,0x00,0x00,0x00,0x00,0x00,0x00,0x00,0x00,0x00,0x00,0x00,0x00,0x00,0x00,0x00,0x00,0x00,0x00,0x00,0x00,0x00,0x00,0x00,0x00,0x00,0x00,0x00,0x00,0x00,
  0x00,0x00,0x00,0x00,0x00,0x00,0x00,0x00,0x00,0x00,0x00,0x00,0x00,0x00,0x00,0x00,0x00,0x00,0x00,0x00,0x00,0x00,0x00,0x00,0x00,0x00,0x00,0x00,0x00,0x00,0x00,0x00,
  0x00,0x00,0x00,0x00,0x00,0x00,0x00,0x00,0x00,0x00,0x00,0x00,0x00,0x00,0x00,0x00,0x00,0x00,0x00,0x00,0x00,0x00,0x00,0x00,0x00,0x00,0x00,0x00,0x00,0x00,0x00,0x00,
  0x00,0x00,0x00,0x00,0x00,0x00,0x00,0x00,0x00,0x00,0x00,0x00,0x00,0x00,0x00,0x00,0x00,0x00,0x00,0x00,0x00,0x00,0x00,0x00,0x00,0x00,0x00,0x00,0x00,0x00,0x00,0x00,
};
const sig_font_t sigf_29 = { 1, 600, 60.0f, 62, 17, 0, 13, sigf_29_ch, sigf_29_gl, sigf_29_bmp, 9504 };
// --- serif 400 italic 22px  (101 glyphs, 10036 bytes)
static const sig_glyph_t sigf_30_gl[] = {
  {0,0,0,0,0,5},
  {0,7,17,0,-16,6},
  {68,10,15,0,-15,8},
  {143,14,15,0,-15,12},
  {248,13,21,0,-18,12},
  {395,18,16,0,-15,18},
  {539,16,17,0,-16,15},
  {675,7,15,0,-15,4},
  {735,9,19,0,-16,6},
  {830,8,19,-2,-16,6},
  {906,11,16,0,-16,10},
  {1002,11,9,0,-9,11},
  {1056,7,7,-2,-3,5},
  {1084,8,6,0,-6,8},
  {1108,5,4,0,-3,5},
  {1120,13,15,-1,-15,9},
  {1225,13,17,0,-16,12},
  {1344,12,16,0,-16,12},
  {1440,12,17,0,-16,12},
  {1542,12,17,0,-16,12},
  {1644,13,16,0,-16,12},
  {1756,14,17,0,-16,12},
  {1875,14,17,0,-16,12},
  {1994,16,16,0,-16,14},
  {2122,13,17,0,-16,12},
  {2241,13,17,0,-16,12},
  {2360,6,11,0,-10,6},
  {2393,8,14,-2,-10,6},
  {2449,13,11,0,-10,11},
  {2526,11,8,0,-8,11},
  {2574,12,11,-1,-10,11},
  {2640,11,17,0,-16,10},
  {2742,21,19,0,-16,20},
  {2951,17,16,-2,-16,15},
  {3095,15,15,-1,-15,14},
  {3215,17,17,0,-16,15},
  {3368,18,15,-1,-15,16},
  {3503,16,17,-1,-16,14},
  {3639,16,16,-1,-16,13},
  {3767,17,17,0,-16,16},
  {3920,20,15,-1,-15,17},
  {4070,11,15,-1,-15,7},
  {4160,13,16,-1,-15,9},
  {4272,19,15,-1,-15,15},
  {4422,14,16,-1,-15,13},
  {4534,24,16,-1,-15,21},
  {4726,20,16,-1,-15,16},
  {4886,17,17,0,-16,17},
  {5039,16,15,-1,-15,13},
  {5159,17,21,0,-16,17},
  {5348,15,16,-1,-15,14},
  {5476,13,17,0,-16,12},
  {5595,17,16,0,-16,14},
  {5739,19,16,0,-15,16},
  {5899,18,16,0,-15,15},
  {6043,24,17,0,-16,20},
  {6247,20,15,-2,-15,15},
  {6397,18,15,0,-15,14},
  {6532,17,17,-1,-16,13},
  {6685,11,19,-1,-16,7},
  {6799,8,15,0,-15,8},
  {6859,11,19,-2,-16,7},
  {6973,11,15,0,-15,11},
  {7063,12,4,-3,0,9},
  {7087,11,15,0,-15,11},
  {7177,11,11,0,-10,11},
  {7243,10,17,0,-16,10},
  {7328,9,11,0,-10,8},
  {7383,13,17,0,-16,11},
  {7502,9,11,0,-10,9},
  {7557,17,22,-4,-16,7},
  {7755,13,16,-2,-10,9},
  {7867,11,17,0,-16,11},
  {7969,8,17,0,-16,6},
  {8037,12,22,-5,-16,6},
  {8169,11,17,0,-16,10},
  {8271,7,17,0,-16,6},
  {8339,17,11,0,-10,17},
  {8438,12,11,0,-10,12},
  {8504,10,11,0,-10,10},
  {8559,13,16,-2,-10,11},
  {8671,11,16,0,-10,10},
  {8767,10,10,0,-10,9},
  {8817,8,11,0,-10,8},
  {8861,8,13,0,-12,7},
  {8913,12,11,0,-10,11},
  {8979,10,11,0,-10,10},
  {9034,15,11,0,-10,15},
  {9122,13,11,-1,-10,11},
  {9199,13,16,-2,-10,10},
  {9311,11,12,-1,-11,9},
  {9383,10,19,0,-16,7},
  {9478,8,23,-1,-17,5},
  {9570,10,19,-2,-16,7},
  {9665,11,7,0,-7,11},
  {9707,5,7,0,-7,5},
  {9728,14,6,0,-6,14},
  {9770,14,4,0,-3,14},
  {9798,9,8,0,-8,9},
  {9838,11,23,0,-17,11},
  {9976,7,15,0,-15,5},
};
static const char sigf_30_ch[] = " !\"#$%&'()*+,-./0123456789:;<=>?@ABCDEFGHIJKLMNOPQRSTUVWXYZ[\\]^_`abcdefghijklmnopqrstuvwxyz{|}~·—…•→’";
static const uint8_t sigf_30_bmp[] = {
  0x00,0x00,0x00,0x00,0x00,0x00,0x0f,0xc0,0x00,0x00,0x5f,0x70,0x00,0x00,0x9f,0x20,0x00,0x00,0xdc,0x00,0x00,0x01,0xf6,0x00,0x00,0x04,0xf1,0x00,0x00,0x08,0xa0,0x00,
  0x00,0x0c,0x40,0x00,0x00,0x0e,0x00,0x00,0x00,0x48,0x00,0x00,0x00,0x42,0x00,0x00,0x00,0x00,0x00,0x00,0x06,0x60,0x00,0x00,0x7f,0xf2,0x00,0x00,0x7f,0xd0,0x00,0x00,
  0x02,0x00,0x00,0x00,0x00,0x00,0xdd,0x09,0xe4,0x00,0x03,0xf8,0x0d,0xe0,0x00,0x06,0xf2,0x0f,0x80,0x00,0x09,0xb0,0x3f,0x10,0x00,0x0c,0x40,0x6a,0x00,0x00,0x05,0x00,
  0x32,0x00,0x00,0x00,0x00,0x00,0x00,0x00,0x00,0x00,0x00,0x00,0x00,0x00,0x00,0x00,0x00,0x00,0x00,0x00,0x00,0x00,0x00,0x00,0x00,0x00,0x00,0x00,0x00,0x00,0x00,0x00,
  0x00,0x00,0x00,0x00,0x00,0x00,0x00,0x00,0x00,0x00,0x00,0x00,0x00,0x00,0x00,0x00,0x00,0x00,0x00,0x3a,0x01,0xb0,0x00,0x00,0x00,0x00,0xb3,0x09,0x60,0x00,0x00,0x00,
  0x04,0xb0,0x1d,0x00,0x00,0x00,0x00,0x0c,0x30,0x95,0x00,0x00,0x00,0x00,0x4b,0x02,0xd0,0x00,0x00,0x09,0x99,0xeb,0x9d,0xd9,0x80,0x00,0x04,0x49,0xb4,0x6d,0x44,0x30,
  0x00,0x00,0x0d,0x20,0xa4,0x00,0x00,0x02,0x33,0x7b,0x35,0xd3,0x30,0x00,0x08,0xaa,0xfa,0xaf,0xba,0xa1,0x00,0x00,0x06,0x90,0x3b,0x00,0x00,0x00,0x00,0x0d,0x10,0xc3,
  0x00,0x00,0x00,0x00,0x78,0x04,0xb0,0x00,0x00,0x00,0x00,0xd1,0x0c,0x30,0x00,0x00,0x00,0x07,0x70,0x4a,0x00,0x00,0x00,0x00,0x00,0x00,0x00,0x00,0x00,0x00,0x00,0x00,
  0x00,0x00,0x00,0xe0,0x68,0x00,0x00,0x00,0x00,0x04,0xa1,0xb3,0x00,0x00,0x00,0x04,0xcf,0xef,0xfa,0x10,0x00,0x00,0x7d,0x3d,0x05,0xff,0xa0,0x00,0x02,0xf3,0x3b,0x09,
  0x5a,0x60,0x00,0x07,0xf0,0x86,0x0d,0x00,0x00,0x00,0x07,0xf1,0xd1,0x3b,0x00,0x00,0x00,0x04,0xfd,0xd0,0x86,0x00,0x00,0x00,0x00,0x9f,0xfa,0xe1,0x00,0x00,0x00,0x00,
  0x0c,0xdf,0xf9,0x00,0x00,0x00,0x00,0x1d,0x09,0xff,0x60,0x00,0x00,0x00,0x59,0x0c,0x3f,0xc0,0x00,0x00,0x00,0xa4,0x1d,0x0b,0xc0,0x00,0x00,0x00,0xe0,0x58,0x0c,0xa0,
  0x00,0x09,0x44,0xa0,0xa4,0x2f,0x30,0x00,0x2f,0xfb,0x50,0xe3,0xd7,0x00,0x00,0x07,0xef,0xdc,0xfc,0x40,0x00,0x00,0x00,0x3c,0x3b,0x50,0x00,0x00,0x00,0x00,0x77,0x0d,
  0x00,0x00,0x00,0x00,0x00,0x10,0x02,0x00,0x00,0x00,0x00,0x00,0x00,0x1a,0xdd,0x40,0x00,0x00,0x05,0xb0,0x00,0x01,0xe8,0x06,0xe0,0x00,0x00,0x4d,0x10,0x00,0x0b,0xc0,
  0x05,0xf0,0x00,0x04,0xd1,0x00,0x00,0x3f,0x40,0x07,0xf0,0x00,0x3d,0x20,0x00,0x00,0x8f,0x00,0x0c,0xb0,0x03,0xd2,0x00,0x00,0x00,0xac,0x00,0x3f,0x50,0x2d,0x20,0x00,
  0x00,0x00,0xab,0x00,0xbc,0x02,0xd3,0x00,0x00,0x00,0x00,0x4e,0x5b,0xc1,0x2d,0x30,0x2b,0xdd,0x40,0x00,0x03,0x74,0x01,0xd4,0x02,0xe8,0x06,0xe0,0x00,0x00,0x00,0x1d,
  0x40,0x0b,0xc0,0x05,0xf0,0x00,0x00,0x01,0xd5,0x00,0x3f,0x40,0x08,0xf0,0x00,0x00,0x1c,0x50,0x00,0x8f,0x00,0x0c,0xb0,0x00,0x00,0xc6,0x00,0x00,0xbc,0x00,0x3f,0x50,
  0x00,0x0c,0x60,0x00,0x00,0xab,0x00,0xcb,0x00,0x00,0xb7,0x00,0x00,0x00,0x5e,0x5b,0xc1,0x00,0x00,0x00,0x00,0x00,0x00,0x03,0x74,0x00,0x00,0x00,0x00,0x00,0x00,0x10,
  0x00,0x00,0x00,0x00,0x00,0x00,0x7e,0xde,0xc2,0x00,0x00,0x00,0x00,0x09,0xd1,0x00,0xcb,0x00,0x00,0x00,0x00,0x1f,0x40,0x00,0x8e,0x00,0x00,0x00,0x00,0x4f,0x30,0x00,
  0xcb,0x00,0x00,0x00,0x00,0x3f,0x50,0x06,0xf2,0x00,0x00,0x00,0x00,0x0e,0xc2,0xac,0x20,0x00,0x00,0x00,0x00,0x0a,0xfd,0x50,0x08,0xef,0xc7,0x00,0x05,0xd8,0xde,0x00,
  0x00,0x8b,0x00,0x00,0x9d,0x20,0x4f,0x80,0x00,0xe3,0x00,0x06,0xf2,0x00,0x0a,0xf2,0x05,0xb0,0x00,0x0c,0xc0,0x00,0x01,0xfc,0x0d,0x20,0x00,0x0e,0xb0,0x00,0x00,0x7f,
  0xd7,0x00,0x00,0x0c,0xe0,0x00,0x00,0x0f,0xf1,0x00,0x00,0x06,0xfb,0x31,0x25,0xcb,0xf9,0x00,0x00,0x00,0x7f,0xff,0xfc,0x40,0xaf,0xe7,0x00,0x00,0x00,0x22,0x00,0x00,
  0x00,0x00,0x00,0x00,0x00,0xdd,0x00,0x00,0x03,0xf8,0x00,0x00,0x06,0xf2,0x00,0x00,0x09,0xb0,0x00,0x00,0x0c,0x40,0x00,0x00,0x05,0x00,0x00,0x00,0x00,0x00,0x00,0x00,
  0x00,0x00,0x00,0x00,0x00,0x00,0x00,0x00,0x00,0x00,0x00,0x00,0x00,0x00,0x00,0x00,0x00,0x00,0x00,0x00,0x00,0x00,0x00,0x00,0x00,0x00,0x00,0x00,0x00,0x00,0x00,0x00,
  0x00,0x00,0x02,0x40,0x00,0x00,0x00,0x3b,0x10,0x00,0x00,0x03,0xd1,0x00,0x00,0x00,0x2e,0x30,0x00,0x00,0x00,0xd6,0x00,0x00,0x00,0x09,0xc0,0x00,0x00,0x00,0x4f,0x30,
  0x00,0x00,0x00,0xcb,0x00,0x00,0x00,0x03,0xf5,0x00,0x00,0x00,0x09,0xf0,0x00,0x00,0x00,0x0c,0xc0,0x00,0x00,0x00,0x0e,0x90,0x00,0x00,0x00,0x0f,0x70,0x00,0x00,0x00,
  0x0f,0x60,0x00,0x00,0x00,0x0d,0x60,0x00,0x00,0x00,0x0a,0x60,0x00,0x00,0x00,0x06,0x80,0x00,0x00,0x00,0x01,0xc0,0x00,0x00,0x00,0x00,0xa0,0x00,0x00,0x00,0x00,0x00,
  0x00,0x70,0x00,0x00,0x00,0xc0,0x00,0x00,0x00,0x95,0x00,0x00,0x00,0x79,0x00,0x00,0x00,0x6d,0x00,0x00,0x00,0x6f,0x00,0x00,0x00,0x6f,0x00,0x00,0x00,0x8f,0x00,0x00,
  0x00,0xbd,0x00,0x00,0x00,0xea,0x00,0x00,0x03,0xf5,0x00,0x00,0x09,0xe0,0x00,0x00,0x1f,0x60,0x00,0x00,0xac,0x00,0x00,0x04,0xe2,0x00,0x00,0x1e,0x40,0x00,0x00,0xc5,
  0x00,0x00,0x0a,0x60,0x00,0x00,0x55,0x00,0x00,0x00,0x00,0x00,0x00,0x00,0x00,0x00,0x00,0x00,0x00,0x0c,0x00,0x00,0x00,0x04,0x30,0x5b,0x00,0x00,0x00,0x02,0xdb,0xc9,
  0x00,0x00,0x00,0x00,0x0b,0xff,0xfe,0x40,0x00,0x00,0x3f,0xec,0x10,0x00,0x00,0x02,0xd5,0x3f,0x00,0x00,0x00,0x00,0x10,0x0a,0x40,0x00,0x00,0x00,0x00,0x01,0x00,0x00,
  0x00,0x00,0x00,0x00,0x00,0x00,0x00,0x00,0x00,0x00,0x00,0x00,0x00,0x00,0x00,0x00,0x00,0x00,0x00,0x00,0x00,0x00,0x00,0x00,0x00,0x00,0x00,0x00,0x00,0x00,0x00,0x00,
  0x00,0x00,0x00,0x00,0x00,0x00,0x00,0x00,0x00,0x00,0x00,0x00,0x00,0xb4,0x00,0x00,0x00,0x00,0x01,0xe0,0x00,0x00,0x00,0x00,0x05,0xb0,0x00,0x00,0x01,0x77,0x7c,0xb7,
  0x75,0x00,0x03,0x99,0x9f,0x99,0x96,0x00,0x00,0x00,0x4c,0x00,0x00,0x00,0x00,0x00,0x87,0x00,0x00,0x00,0x00,0x00,0xd2,0x00,0x00,0x00,0x00,0x00,0x10,0x00,0x00,0x00,
  0x00,0x17,0x40,0x00,0x00,0xaf,0xf0,0x00,0x00,0x4f,0xe0,0x00,0x00,0x0d,0x80,0x00,0x00,0x5c,0x00,0x00,0x07,0xb1,0x00,0x00,0x46,0x00,0x00,0x00,0x04,0xaa,0xaa,0x20,
  0x07,0xcc,0xcb,0x00,0x00,0x00,0x00,0x00,0x00,0x00,0x00,0x00,0x00,0x00,0x00,0x00,0x00,0x00,0x00,0x00,0x17,0x40,0x00,0xaf,0xf0,0x00,0xaf,0xa0,0x00,0x02,0x00,0x00,
  0x00,0x00,0x00,0x00,0x00,0x7a,0x00,0x00,0x00,0x00,0x00,0x03,0xf2,0x00,0x00,0x00,0x00,0x00,0x0d,0x70,0x00,0x00,0x00,0x00,0x00,0x9b,0x00,0x00,0x00,0x00,0x00,0x04,
  0xe1,0x00,0x00,0x00,0x00,0x00,0x1e,0x50,0x00,0x00,0x00,0x00,0x00,0xaa,0x00,0x00,0x00,0x00,0x00,0x06,0xe1,0x00,0x00,0x00,0x00,0x00,0x2f,0x40,0x00,0x00,0x00,0x00,
  0x00,0xc9,0x00,0x00,0x00,0x00,0x00,0x07,0xd0,0x00,0x00,0x00,0x00,0x00,0x3f,0x30,0x00,0x00,0x00,0x00,0x00,0xd7,0x00,0x00,0x00,0x00,0x00,0x08,0xc0,0x00,0x00,0x00,
  0x00,0x00,0x4f,0x20,0x00,0x00,0x00,0x00,0x00,0x00,0x00,0x00,0x00,0x10,0x00,0x00,0x00,0x00,0x00,0x8e,0xef,0xb1,0x00,0x00,0x00,0x2d,0xc2,0x00,0xbd,0x00,0x00,0x01,
  0xdc,0x00,0x00,0x3f,0x50,0x00,0x0a,0xf2,0x00,0x00,0x1f,0x90,0x00,0x3f,0x90,0x00,0x00,0x0f,0xa0,0x00,0xaf,0x20,0x00,0x00,0x2f,0xa0,0x00,0xfd,0x00,0x00,0x00,0x4f,
  0x80,0x04,0xf8,0x00,0x00,0x00,0x7f,0x50,0x07,0xf5,0x00,0x00,0x00,0xcf,0x10,0x09,0xf2,0x00,0x00,0x01,0xfb,0x00,0x0a,0xf1,0x00,0x00,0x08,0xf4,0x00,0x09,0xf1,0x00,
  0x00,0x1f,0xb0,0x00,0x05,0xf3,0x00,0x00,0xbe,0x20,0x00,0x00,0xeb,0x00,0x0a,0xe3,0x00,0x00,0x00,0x2d,0xec,0xea,0x20,0x00,0x00,0x00,0x00,0x23,0x10,0x00,0x00,0x00,
  0x00,0x00,0x00,0x00,0x00,0x00,0x00,0x00,0x00,0x00,0x29,0xe0,0x00,0x00,0x00,0x4b,0xff,0xa0,0x00,0x00,0x5d,0xc7,0x8f,0x50,0x00,0x00,0x30,0x00,0xaf,0x10,0x00,0x00,
  0x00,0x00,0xeb,0x00,0x00,0x00,0x00,0x04,0xf7,0x00,0x00,0x00,0x00,0x08,0xf2,0x00,0x00,0x00,0x00,0x0d,0xd0,0x00,0x00,0x00,0x00,0x2f,0x80,0x00,0x00,0x00,0x00,0x7f,
  0x30,0x00,0x00,0x00,0x00,0xce,0x00,0x00,0x00,0x00,0x01,0xf9,0x00,0x00,0x00,0x00,0x06,0xf4,0x00,0x00,0x00,0x00,0x0b,0xf0,0x00,0x00,0x00,0x9c,0xff,0xff,0xb4,0x00,
  0x00,0x00,0x00,0x00,0x10,0x00,0x00,0x00,0x06,0xdf,0xfd,0x50,0x00,0x00,0x9e,0x87,0x9f,0xf3,0x00,0x04,0xb0,0x00,0x07,0xfa,0x00,0x0c,0x10,0x00,0x02,0xfb,0x00,0x07,
  0x00,0x00,0x03,0xf9,0x00,0x00,0x00,0x00,0x08,0xf3,0x00,0x00,0x00,0x00,0x2f,0x90,0x00,0x00,0x00,0x01,0xdb,0x00,0x00,0x00,0x00,0x1d,0xb0,0x00,0x00,0x00,0x01,0xd9,
  0x00,0x00,0x00,0x00,0x2e,0x70,0x00,0x00,0x00,0x03,0xe4,0x00,0x00,0xb0,0x00,0x4d,0x20,0x00,0x0b,0x60,0x06,0xfa,0x99,0x99,0xce,0x00,0x6f,0xff,0xff,0xff,0xf7,0x00,
  0x00,0x00,0x00,0x00,0x30,0x00,0x00,0x00,0x00,0x00,0x10,0x00,0x00,0x00,0x05,0xdf,0xfd,0x40,0x00,0x00,0x6d,0x64,0x7f,0xf1,0x00,0x01,0xc0,0x00,0x08,0xf5,0x00,0x06,
  0x50,0x00,0x06,0xf5,0x00,0x00,0x00,0x00,0x09,0xe1,0x00,0x00,0x00,0x00,0x6e,0x30,0x00,0x00,0x02,0x6c,0x91,0x00,0x00,0x00,0x0b,0x9b,0xfa,0x00,0x00,0x00,0x00,0x00,
  0x7f,0x70,0x00,0x00,0x00,0x00,0x1f,0xb0,0x00,0x00,0x00,0x00,0x1f,0xb0,0x00,0x00,0x00,0x00,0x4f,0x70,0x05,0x30,0x00,0x00,0xce,0x10,0x1f,0xf3,0x00,0x09,0xe3,0x00,
  0x08,0xff,0xbb,0xe9,0x10,0x00,0x00,0x02,0x32,0x00,0x00,0x00,0x00,0x00,0x00,0x00,0x00,0x00,0x00,0x00,0x00,0x00,0x00,0x02,0xea,0x00,0x00,0x00,0x00,0x00,0x2e,0xf5,
  0x00,0x00,0x00,0x00,0x02,0xdd,0xf1,0x00,0x00,0x00,0x00,0x3d,0x3f,0xb0,0x00,0x00,0x00,0x03,0xd2,0x4f,0x60,0x00,0x00,0x00,0x4d,0x10,0x9f,0x20,0x00,0x00,0x04,0xc1,
  0x00,0xdd,0x00,0x00,0x00,0x5c,0x10,0x02,0xf8,0x00,0x00,0x05,0xc1,0x00,0x08,0xf3,0x02,0x20,0x6f,0xff,0xff,0xff,0xff,0xff,0x20,0x57,0x77,0x77,0x8f,0xb7,0x74,0x00,
  0x00,0x00,0x00,0x6f,0x40,0x00,0x00,0x00,0x00,0x00,0xbf,0x00,0x00,0x00,0x00,0x00,0x00,0xfa,0x00,0x00,0x00,0x00,0x03,0xbf,0xff,0xc3,0x00,0x00,0x00,0x00,0x00,0x00,
  0x00,0x00,0x12,0x00,0x00,0x00,0x6e,0xee,0xef,0xf4,0x00,0x00,0x00,0xda,0xaa,0xaa,0x80,0x00,0x00,0x07,0x70,0x00,0x00,0x00,0x00,0x00,0x0d,0x00,0x00,0x00,0x00,0x00,
  0x00,0x78,0x00,0x00,0x00,0x00,0x00,0x00,0xee,0xa4,0x00,0x00,0x00,0x00,0x02,0x9d,0xff,0xb1,0x00,0x00,0x00,0x00,0x00,0x3b,0xfc,0x00,0x00,0x00,0x00,0x00,0x00,0xaf,
  0x40,0x00,0x00,0x00,0x00,0x00,0x3f,0x60,0x00,0x00,0x00,0x00,0x00,0x2f,0x50,0x00,0x00,0x00,0x00,0x00,0x5f,0x10,0x00,0x06,0x10,0x00,0x00,0xd8,0x00,0x00,0x6f,0xd1,
  0x00,0x1b,0xa0,0x00,0x00,0x1b,0xff,0xbc,0xc5,0x00,0x00,0x00,0x00,0x13,0x31,0x00,0x00,0x00,0x00,0x00,0x00,0x00,0x00,0x00,0x00,0x40,0x00,0x00,0x00,0x00,0x04,0xac,
  0x80,0x00,0x00,0x00,0x05,0xda,0x30,0x00,0x00,0x00,0x02,0xcb,0x20,0x00,0x00,0x00,0x00,0x4f,0x80,0x00,0x00,0x00,0x00,0x03,0xf7,0x00,0x00,0x00,0x00,0x00,0x0e,0xb0,
  0x00,0x00,0x00,0x00,0x00,0x7f,0x21,0x6a,0xa6,0x00,0x00,0x00,0xdc,0x7c,0xa9,0xdf,0xc0,0x00,0x01,0xfc,0x30,0x00,0x0b,0xf4,0x00,0x04,0xf5,0x00,0x00,0x05,0xf6,0x00,
  0x05,0xf4,0x00,0x00,0x06,0xf4,0x00,0x04,0xf5,0x00,0x00,0x09,0xf0,0x00,0x01,0xf8,0x00,0x00,0x1e,0x80,0x00,0x00,0x9e,0x20,0x01,0xcb,0x00,0x00,0x00,0x09,0xfb,0xce,
  0x70,0x00,0x00,0x00,0x00,0x03,0x20,0x00,0x00,0x00,0x00,0x00,0x00,0x00,0x00,0x00,0x00,0x00,0x00,0x00,0x07,0xfe,0xee,0xee,0xee,0xc0,0x00,0x00,0x0d,0xea,0xaa,0xaa,
  0xaf,0x50,0x00,0x00,0x2f,0x20,0x00,0x00,0x6a,0x00,0x00,0x00,0x75,0x00,0x00,0x02,0xe1,0x00,0x00,0x00,0x10,0x00,0x00,0x0d,0x50,0x00,0x00,0x00,0x00,0x00,0x00,0x9b,
  0x00,0x00,0x00,0x00,0x00,0x00,0x04,0xf1,0x00,0x00,0x00,0x00,0x00,0x00,0x1e,0x60,0x00,0x00,0x00,0x00,0x00,0x00,0xbc,0x00,0x00,0x00,0x00,0x00,0x00,0x07,0xf2,0x00,
  0x00,0x00,0x00,0x00,0x00,0x3f,0x70,0x00,0x00,0x00,0x00,0x00,0x00,0xdc,0x00,0x00,0x00,0x00,0x00,0x00,0x0a,0xf2,0x00,0x00,0x00,0x00,0x00,0x00,0x5f,0x70,0x00,0x00,
  0x00,0x00,0x00,0x02,0xfd,0x00,0x00,0x00,0x00,0x00,0x00,0x00,0x00,0x00,0x10,0x00,0x00,0x00,0x00,0x03,0xce,0xdf,0xb1,0x00,0x00,0x00,0x5f,0x40,0x01,0xcd,0x00,0x00,
  0x00,0xe7,0x00,0x00,0x5f,0x30,0x00,0x03,0xf4,0x00,0x00,0x5f,0x30,0x00,0x03,0xf7,0x00,0x00,0xae,0x00,0x00,0x00,0xef,0x30,0x05,0xf3,0x00,0x00,0x00,0x5f,0xf8,0xaa,
  0x20,0x00,0x00,0x00,0x4c,0xef,0xc1,0x00,0x00,0x00,0x2c,0x70,0x1a,0xfe,0x10,0x00,0x02,0xf6,0x00,0x00,0x9f,0x80,0x00,0x0a,0xe0,0x00,0x00,0x0f,0xc0,0x00,0x0d,0xb0,
  0x00,0x00,0x0d,0xb0,0x00,0x0c,0xe0,0x00,0x00,0x1f,0x70,0x00,0x05,0xf7,0x00,0x01,0xcc,0x00,0x00,0x00,0x6e,0xdb,0xce,0x90,0x00,0x00,0x00,0x00,0x23,0x20,0x00,0x00,
  0x00,0x00,0x00,0x00,0x01,0x00,0x00,0x00,0x00,0x00,0x08,0xed,0xed,0x60,0x00,0x00,0x00,0xcc,0x10,0x04,0xf7,0x00,0x00,0x09,0xe1,0x00,0x00,0x9f,0x00,0x00,0x0f,0x90,
  0x00,0x00,0x5f,0x40,0x00,0x3f,0x70,0x00,0x00,0x3f,0x50,0x00,0x3f,0x80,0x00,0x00,0x4f,0x50,0x00,0x1f,0xe2,0x00,0x03,0xcf,0x30,0x00,0x06,0xff,0xbb,0xc8,0xbf,0x00,
  0x00,0x00,0x27,0x86,0x11,0xf9,0x00,0x00,0x00,0x00,0x00,0x09,0xf1,0x00,0x00,0x00,0x00,0x00,0x5f,0x50,0x00,0x00,0x00,0x00,0x05,0xf6,0x00,0x00,0x00,0x00,0x01,0x9e,
  0x40,0x00,0x00,0x00,0x01,0x7e,0x80,0x00,0x00,0x00,0x06,0xbc,0x60,0x00,0x00,0x00,0x00,0x06,0x20,0x00,0x00,0x00,0x00,0x00,0x00,0x0a,0xb1,0x00,0x6f,0xf3,0x00,0x3d,
  0x90,0x00,0x00,0x00,0x00,0x00,0x00,0x00,0x00,0x00,0x00,0x00,0x00,0x07,0x50,0x00,0x9f,0xf1,0x00,0x9f,0xb0,0x00,0x02,0x00,0x00,0x00,0x00,0x0a,0xc2,0x00,0x00,0x5f,
  0xf5,0x00,0x00,0x2c,0xb0,0x00,0x00,0x00,0x00,0x00,0x00,0x00,0x00,0x00,0x00,0x00,0x00,0x00,0x00,0x00,0x00,0x00,0x06,0x50,0x00,0x00,0x7f,0xf1,0x00,0x00,0x2e,0xf1,
  0x00,0x00,0x0b,0xb0,0x00,0x00,0x3d,0x10,0x00,0x05,0xc2,0x00,0x00,0x28,0x00,0x00,0x00,0x00,0x00,0x00,0x00,0x00,0x4a,0x00,0x00,0x00,0x00,0x01,0x7e,0xc4,0x00,0x00,
  0x00,0x04,0xae,0x82,0x00,0x00,0x00,0x17,0xdc,0x50,0x00,0x00,0x00,0x1a,0xe8,0x20,0x00,0x00,0x00,0x00,0x3f,0x91,0x00,0x00,0x00,0x00,0x00,0x01,0x8e,0x81,0x00,0x00,
  0x00,0x00,0x00,0x01,0xae,0x70,0x00,0x00,0x00,0x00,0x00,0x02,0xbe,0x60,0x00,0x00,0x00,0x00,0x00,0x03,0xc2,0x00,0x00,0x00,0x00,0x00,0x00,0x00,0x00,0x00,0x00,0x47,
  0x77,0x77,0x77,0x20,0x00,0x79,0x99,0x99,0x99,0x20,0x00,0x00,0x00,0x00,0x00,0x00,0x00,0x00,0x00,0x00,0x00,0x00,0x05,0x77,0x77,0x77,0x71,0x00,0x08,0x99,0x99,0x99,
  0x90,0x00,0x00,0x00,0x00,0x00,0x00,0x00,0x00,0x00,0x00,0x00,0x00,0x00,0x00,0x09,0x50,0x00,0x00,0x00,0x00,0x04,0xdc,0x40,0x00,0x00,0x00,0x00,0x05,0xdb,0x30,0x00,
  0x00,0x00,0x00,0x06,0xea,0x20,0x00,0x00,0x00,0x00,0x07,0xe7,0x00,0x00,0x00,0x00,0x4b,0xe6,0x00,0x00,0x01,0x7e,0xc5,0x00,0x00,0x04,0xbe,0x82,0x00,0x00,0x18,0xec,
  0x50,0x00,0x00,0x00,0x69,0x20,0x00,0x00,0x00,0x00,0x00,0x00,0x00,0x00,0x00,0x00,0x00,0x00,0x01,0x00,0x00,0x00,0x00,0x04,0xef,0xfd,0x50,0x00,0x00,0x07,0xe6,0x12,
  0xb5,0x00,0x00,0x00,0x00,0x00,0x1e,0x00,0x00,0x00,0x00,0x00,0x0c,0x30,0x00,0x00,0x00,0x00,0x0d,0x40,0x00,0x00,0x00,0x00,0x4f,0x10,0x00,0x00,0x35,0x6a,0xf9,0x00,
  0x00,0x00,0xbf,0xfd,0x70,0x00,0x00,0x00,0xd3,0x00,0x00,0x00,0x00,0x00,0xc0,0x00,0x00,0x00,0x00,0x00,0x40,0x00,0x00,0x00,0x00,0x00,0x00,0x00,0x00,0x00,0x00,0x27,
  0x20,0x00,0x00,0x00,0x00,0xef,0xa0,0x00,0x00,0x00,0x00,0xef,0x50,0x00,0x00,0x00,0x00,0x11,0x00,0x00,0x00,0x00,0x00,0x00,0x00,0x00,0x03,0x68,0x99,0x74,0x00,0x00,
  0x00,0x00,0x00,0x00,0x06,0xdb,0x75,0x44,0x7c,0xe6,0x00,0x00,0x00,0x00,0x02,0xdb,0x20,0x00,0x00,0x00,0x4e,0x90,0x00,0x00,0x00,0x3f,0x60,0x00,0x00,0x00,0x00,0x04,
  0xf5,0x00,0x00,0x02,0xf6,0x00,0x00,0x00,0x00,0x00,0x00,0xcc,0x00,0x00,0x0d,0xa0,0x00,0x04,0xce,0xca,0xf3,0x00,0x7f,0x00,0x00,0x7f,0x10,0x00,0x6f,0x80,0x0e,0xe0,
  0x00,0x5f,0x10,0x00,0xe9,0x00,0x04,0xfa,0x00,0x2f,0x80,0x00,0x6f,0x00,0x04,0xf4,0x00,0x0d,0xf1,0x00,0x7f,0x30,0x00,0x8d,0x00,0x08,0xf0,0x00,0x5f,0x90,0x00,0xde,
  0x00,0x00,0xd8,0x00,0x0b,0xe0,0x00,0xaf,0x40,0x06,0xf9,0x00,0x04,0xf1,0x00,0x0c,0xd0,0x00,0xdf,0x20,0x47,0xf6,0x00,0x1d,0x50,0x00,0x0c,0xe0,0x00,0xbf,0xa9,0x73,
  0xf7,0x04,0xd6,0x00,0x00,0x09,0xf1,0x00,0x2b,0xc5,0x00,0x8c,0xc9,0x20,0x00,0x00,0x04,0xf6,0x00,0x00,0x00,0x00,0x00,0x00,0x00,0x00,0x00,0x00,0xce,0x10,0x00,0x00,
  0x00,0x00,0x00,0x00,0x00,0x00,0x00,0x2e,0xd2,0x00,0x00,0x00,0x00,0x3a,0x30,0x00,0x00,0x00,0x01,0xbf,0xa6,0x32,0x35,0x8c,0xa3,0x00,0x00,0x00,0x00,0x00,0x02,0x7a,
  0xcc,0xb9,0x61,0x00,0x00,0x00,0x00,0x00,0x00,0x00,0x00,0x00,0x00,0x10,0x00,0x00,0x00,0x00,0x00,0x00,0x00,0x05,0xf0,0x00,0x00,0x00,0x00,0x00,0x00,0x00,0x1e,0xf1,
  0x00,0x00,0x00,0x00,0x00,0x00,0x00,0xbe,0xf3,0x00,0x00,0x00,0x00,0x00,0x00,0x06,0xc6,0xf4,0x00,0x00,0x00,0x00,0x00,0x00,0x1e,0x25,0xf6,0x00,0x00,0x00,0x00,0x00,
  0x00,0xb7,0x03,0xf7,0x00,0x00,0x00,0x00,0x00,0x06,0xc0,0x02,0xf9,0x00,0x00,0x00,0x00,0x00,0x2e,0x20,0x00,0xfb,0x00,0x00,0x00,0x00,0x00,0xcd,0x88,0x88,0xfc,0x00,
  0x00,0x00,0x00,0x07,0xd8,0x88,0x88,0xee,0x00,0x00,0x00,0x00,0x2f,0x20,0x00,0x00,0xcf,0x00,0x00,0x00,0x00,0xc8,0x00,0x00,0x00,0xaf,0x10,0x00,0x00,0x07,0xd0,0x00,
  0x00,0x00,0x9f,0x20,0x00,0x00,0x2f,0x30,0x00,0x00,0x00,0x8f,0x40,0x00,0x3b,0xff,0xd3,0x00,0x00,0x5c,0xff,0xf7,0x00,0x00,0x00,0x0b,0xee,0xfe,0xed,0xb5,0x00,0x00,
  0x00,0x00,0xaf,0x53,0x34,0xcf,0x50,0x00,0x00,0x00,0xed,0x00,0x00,0x0f,0xb0,0x00,0x00,0x03,0xf9,0x00,0x00,0x0f,0xc0,0x00,0x00,0x08,0xf4,0x00,0x00,0x3f,0x80,0x00,
  0x00,0x0d,0xf0,0x00,0x01,0xcd,0x00,0x00,0x00,0x2f,0xd7,0x77,0x9d,0x91,0x00,0x00,0x00,0x6f,0xba,0xaa,0xed,0x50,0x00,0x00,0x00,0xbf,0x10,0x00,0x0b,0xf3,0x00,0x00,
  0x01,0xfb,0x00,0x00,0x05,0xf8,0x00,0x00,0x05,0xf6,0x00,0x00,0x05,0xf8,0x00,0x00,0x0a,0xf2,0x00,0x00,0x09,0xf5,0x00,0x00,0x0f,0xd0,0x00,0x00,0x4f,0xd0,0x00,0x00,
  0x4f,0x91,0x11,0x39,0xfd,0x10,0x00,0x2c,0xff,0xff,0xff,0xec,0x60,0x00,0x00,0x00,0x00,0x00,0x00,0x00,0x01,0x00,0x04,0x10,0x00,0x00,0x00,0x05,0xae,0xff,0xff,0xdf,
  0x00,0x00,0x00,0x03,0xdd,0x72,0x00,0x15,0xfd,0x00,0x00,0x00,0x6f,0x90,0x00,0x00,0x00,0xca,0x00,0x00,0x04,0xf9,0x00,0x00,0x00,0x00,0xa6,0x00,0x00,0x0e,0xd0,0x00,
  0x00,0x00,0x00,0x52,0x00,0x00,0x7f,0x50,0x00,0x00,0x00,0x00,0x00,0x00,0x00,0xdf,0x00,0x00,0x00,0x00,0x00,0x00,0x00,0x01,0xfc,0x00,0x00,0x00,0x00,0x00,0x00,0x00,
  0x03,0xfa,0x00,0x00,0x00,0x00,0x00,0x00,0x00,0x03,0xfa,0x00,0x00,0x00,0x00,0x00,0x00,0x00,0x02,0xfc,0x00,0x00,0x00,0x00,0x00,0x00,0x00,0x00,0xef,0x10,0x00,0x00,
  0x00,0x2c,0x00,0x00,0x00,0x7f,0x90,0x00,0x00,0x00,0xd7,0x00,0x00,0x00,0x0b,0xfa,0x20,0x00,0x1a,0xf1,0x00,0x00,0x00,0x00,0x6d,0xfe,0xde,0xfc,0x70,0x00,0x00,0x00,
  0x00,0x00,0x12,0x32,0x00,0x00,0x00,0x00,0x00,0x00,0x0b,0xef,0xfe,0xdd,0xb7,0x10,0x00,0x00,0x00,0x00,0xaf,0x53,0x35,0x9f,0xf6,0x00,0x00,0x00,0x00,0xed,0x00,0x00,
  0x02,0xef,0x40,0x00,0x00,0x03,0xf9,0x00,0x00,0x00,0x4f,0xc0,0x00,0x00,0x08,0xf4,0x00,0x00,0x00,0x0e,0xf0,0x00,0x00,0x0d,0xf0,0x00,0x00,0x00,0x0d,0xf2,0x00,0x00,
  0x2f,0xa0,0x00,0x00,0x00,0x0d,0xf1,0x00,0x00,0x6f,0x50,0x00,0x00,0x00,0x0f,0xf0,0x00,0x00,0xbf,0x10,0x00,0x00,0x00,0x2f,0xc0,0x00,0x01,0xfb,0x00,0x00,0x00,0x00,
  0x8f,0x60,0x00,0x05,0xf6,0x00,0x00,0x00,0x01,0xfe,0x00,0x00,0x0a,0xf2,0x00,0x00,0x00,0x0c,0xf4,0x00,0x00,0x0f,0xd0,0x00,0x00,0x02,0xcf,0x50,0x00,0x00,0x4f,0x91,
  0x11,0x36,0xbf,0xc2,0x00,0x00,0x2b,0xff,0xff,0xff,0xec,0x83,0x00,0x00,0x00,0x00,0x00,0x00,0x00,0x00,0x00,0x00,0x05,0x00,0x00,0x0b,0xef,0xfe,0xee,0xee,0xfc,0x00,
  0x00,0x00,0xaf,0x53,0x33,0x33,0xf9,0x00,0x00,0x00,0xed,0x00,0x00,0x00,0xd6,0x00,0x00,0x03,0xf9,0x00,0x00,0x00,0xb3,0x00,0x00,0x08,0xf4,0x00,0x07,0x20,0x30,0x00,
  0x00,0x0d,0xf0,0x00,0x1e,0x00,0x00,0x00,0x00,0x2f,0xc5,0x55,0x9a,0x00,0x00,0x00,0x00,0x6f,0xcb,0xbb,0xf5,0x00,0x00,0x00,0x00,0xbf,0x10,0x00,0xf1,0x00,0x00,0x00,
  0x01,0xfb,0x00,0x03,0xb0,0x00,0x00,0x00,0x05,0xf6,0x00,0x00,0x00,0x02,0x00,0x00,0x0a,0xf2,0x00,0x00,0x00,0x69,0x00,0x00,0x0f,0xd0,0x00,0x00,0x05,0xf1,0x00,0x00,
  0x4f,0x91,0x11,0x11,0x5f,0x90,0x00,0x2b,0xff,0xff,0xff,0xff,0xff,0x20,0x00,0x00,0x00,0x00,0x00,0x00,0x37,0x00,0x00,0x00,0x00,0x00,0x00,0x00,0x00,0x00,0x14,0x00,
  0x00,0x0b,0xef,0xfe,0xee,0xee,0xf7,0x00,0x00,0x00,0xaf,0x53,0x33,0x36,0xf5,0x00,0x00,0x00,0xed,0x00,0x00,0x02,0xf2,0x00,0x00,0x03,0xf9,0x00,0x00,0x00,0xe0,0x00,
  0x00,0x08,0xf4,0x00,0x02,0x10,0x40,0x00,0x00,0x0d,0xf0,0x00,0x0d,0x10,0x00,0x00,0x00,0x2f,0xa0,0x00,0x4c,0x00,0x00,0x00,0x00,0x6f,0xfe,0xee,0xf7,0x00,0x00,0x00,
  0x00,0xbf,0x32,0x22,0xe2,0x00,0x00,0x00,0x01,0xfb,0x00,0x01,0xd0,0x00,0x00,0x00,0x05,0xf6,0x00,0x02,0x40,0x00,0x00,0x00,0x0a,0xf2,0x00,0x00,0x00,0x00,0x00,0x00,
  0x0f,0xd0,0x00,0x00,0x00,0x00,0x00,0x00,0x4f,0x80,0x00,0x00,0x00,0x00,0x00,0x2b,0xff,0xfa,0x00,0x00,0x00,0x00,0x00,0x00,0x00,0x00,0x00,0x00,0x01,0x10,0x02,0x30,
  0x00,0x00,0x00,0x04,0xae,0xff,0xff,0xcf,0x40,0x00,0x00,0x03,0xce,0x72,0x00,0x04,0xdf,0x10,0x00,0x00,0x5f,0xa0,0x00,0x00,0x00,0x9d,0x00,0x00,0x04,0xf9,0x00,0x00,
  0x00,0x00,0x6a,0x00,0x00,0x0e,0xd0,0x00,0x00,0x00,0x00,0x34,0x00,0x00,0x7f,0x50,0x00,0x00,0x00,0x00,0x00,0x00,0x00,0xdf,0x00,0x00,0x00,0x00,0x00,0x00,0x00,0x01,
  0xfc,0x00,0x00,0x00,0x00,0x00,0x00,0x00,0x03,0xfa,0x00,0x00,0x00,0x1b,0xbb,0xba,0x00,0x04,0xfa,0x00,0x00,0x00,0x00,0x8f,0x80,0x00,0x02,0xfc,0x00,0x00,0x00,0x00,
  0xaf,0x10,0x00,0x00,0xef,0x10,0x00,0x00,0x00,0xfc,0x00,0x00,0x00,0x8f,0x90,0x00,0x00,0x04,0xf7,0x00,0x00,0x00,0x0b,0xf9,0x20,0x00,0x3b,0xf6,0x00,0x00,0x00,0x00,
  0x6d,0xfe,0xdf,0xfd,0x81,0x00,0x00,0x00,0x00,0x00,0x12,0x32,0x00,0x00,0x00,0x00,0x00,0x00,0x0b,0xee,0xdb,0x10,0x00,0x3d,0xee,0xd8,0x00,0x00,0x00,0xaf,0x30,0x00,
  0x00,0x00,0xfd,0x00,0x00,0x00,0x00,0xed,0x00,0x00,0x00,0x04,0xf8,0x00,0x00,0x00,0x03,0xf8,0x00,0x00,0x00,0x08,0xf3,0x00,0x00,0x00,0x08,0xf4,0x00,0x00,0x00,0x0d,
  0xe0,0x00,0x00,0x00,0x0d,0xe0,0x00,0x00,0x00,0x2f,0x90,0x00,0x00,0x00,0x2f,0xb2,0x22,0x22,0x22,0x8f,0x40,0x00,0x00,0x00,0x6f,0xff,0xff,0xff,0xff,0xff,0x00,0x00,
  0x00,0x00,0xbf,0x10,0x00,0x00,0x01,0xfb,0x00,0x00,0x00,0x01,0xfb,0x00,0x00,0x00,0x06,0xf6,0x00,0x00,0x00,0x05,0xf6,0x00,0x00,0x00,0x0b,0xf1,0x00,0x00,0x00,0x0a,
  0xf2,0x00,0x00,0x00,0x0f,0xc0,0x00,0x00,0x00,0x0f,0xd0,0x00,0x00,0x00,0x4f,0x70,0x00,0x00,0x00,0x4f,0x80,0x00,0x00,0x00,0x9f,0x20,0x00,0x00,0x2b,0xff,0xfa,0x00,
  0x00,0x6d,0xff,0xe5,0x00,0x00,0x00,0x00,0x0b,0xee,0xdb,0x10,0x00,0x00,0x00,0xaf,0x30,0x00,0x00,0x00,0x00,0xed,0x00,0x00,0x00,0x00,0x03,0xf8,0x00,0x00,0x00,0x00,
  0x08,0xf4,0x00,0x00,0x00,0x00,0x0d,0xe0,0x00,0x00,0x00,0x00,0x2f,0xa0,0x00,0x00,0x00,0x00,0x6f,0x50,0x00,0x00,0x00,0x00,0xbf,0x10,0x00,0x00,0x00,0x01,0xfb,0x00,
  0x00,0x00,0x00,0x05,0xf6,0x00,0x00,0x00,0x00,0x0a,0xf2,0x00,0x00,0x00,0x00,0x0f,0xd0,0x00,0x00,0x00,0x00,0x4f,0x80,0x00,0x00,0x00,0x2b,0xff,0xfa,0x00,0x00,0x00,
  0x00,0x00,0x00,0x06,0xde,0xec,0x50,0x00,0x00,0x00,0x00,0x4f,0x90,0x00,0x00,0x00,0x00,0x00,0x8f,0x30,0x00,0x00,0x00,0x00,0x00,0xde,0x00,0x00,0x00,0x00,0x00,0x02,
  0xfa,0x00,0x00,0x00,0x00,0x00,0x07,0xf5,0x00,0x00,0x00,0x00,0x00,0x0c,0xf0,0x00,0x00,0x00,0x00,0x00,0x1f,0xb0,0x00,0x00,0x00,0x00,0x00,0x5f,0x60,0x00,0x00,0x00,
  0x00,0x00,0xaf,0x10,0x00,0x00,0x00,0x00,0x00,0xfc,0x00,0x00,0x00,0x00,0x00,0x04,0xf7,0x00,0x00,0x00,0x00,0x00,0x0a,0xe0,0x00,0x00,0x00,0xbb,0x10,0x6e,0x30,0x00,
  0x00,0x00,0xaf,0xff,0xa2,0x00,0x00,0x00,0x00,0x02,0x20,0x00,0x00,0x00,0x00,0x00,0x00,0x00,0x0b,0xee,0xdb,0x10,0x02,0xce,0xec,0x30,0x00,0x00,0x00,0xaf,0x30,0x00,
  0x00,0x6e,0x30,0x00,0x00,0x00,0x00,0xed,0x00,0x00,0x09,0xc1,0x00,0x00,0x00,0x00,0x03,0xf8,0x00,0x01,0xc9,0x00,0x00,0x00,0x00,0x00,0x08,0xf4,0x00,0x3d,0x60,0x00,
  0x00,0x00,0x00,0x00,0x0d,0xe0,0x05,0xe3,0x00,0x00,0x00,0x00,0x00,0x00,0x2f,0xc3,0x8c,0x10,0x00,0x00,0x00,0x00,0x00,0x00,0x6f,0xdd,0xf9,0x00,0x00,0x00,0x00,0x00,
  0x00,0x00,0xbf,0x10,0xcf,0x30,0x00,0x00,0x00,0x00,0x00,0x01,0xfb,0x00,0x2f,0xc0,0x00,0x00,0x00,0x00,0x00,0x05,0xf6,0x00,0x09,0xf6,0x00,0x00,0x00,0x00,0x00,0x0a,
  0xf2,0x00,0x00,0xef,0x10,0x00,0x00,0x00,0x00,0x0f,0xd0,0x00,0x00,0x5f,0xa0,0x00,0x00,0x00,0x00,0x4f,0x80,0x00,0x00,0x0b,0xf4,0x00,0x00,0x00,0x2b,0xff,0xfa,0x00,
  0x00,0x8e,0xff,0xb0,0x00,0x00,0x00,0x00,0x0b,0xee,0xdb,0x10,0x00,0x00,0x00,0x00,0xaf,0x30,0x00,0x00,0x00,0x00,0x00,0xed,0x00,0x00,0x00,0x00,0x00,0x03,0xf8,0x00,
  0x00,0x00,0x00,0x00,0x08,0xf4,0x00,0x00,0x00,0x00,0x00,0x0d,0xe0,0x00,0x00,0x00,0x00,0x00,0x2f,0xa0,0x00,0x00,0x00,0x00,0x00,0x6f,0x50,0x00,0x00,0x00,0x00,0x00,
  0xbf,0x10,0x00,0x00,0x00,0x00,0x01,0xfb,0x00,0x00,0x00,0x00,0x00,0x05,0xf6,0x00,0x00,0x00,0x30,0x00,0x0a,0xf2,0x00,0x00,0x06,0xa0,0x00,0x0f,0xd0,0x00,0x00,0x4f,
  0x30,0x00,0x4f,0x91,0x11,0x14,0xfb,0x00,0x2b,0xff,0xff,0xff,0xff,0xf4,0x00,0x00,0x00,0x00,0x00,0x02,0x80,0x00,0x00,0x00,0x06,0xde,0xe4,0x00,0x00,0x00,0x00,0x0d,
  0xed,0xa0,0x00,0x00,0x00,0x3f,0xf6,0x00,0x00,0x00,0x00,0xaf,0xf1,0x00,0x00,0x00,0x00,0x7c,0xf7,0x00,0x00,0x00,0x05,0xdf,0xc0,0x00,0x00,0x00,0x00,0xd5,0xf9,0x00,
  0x00,0x00,0x1e,0x5f,0x80,0x00,0x00,0x00,0x04,0xd1,0xfa,0x00,0x00,0x00,0xc6,0x6f,0x40,0x00,0x00,0x00,0x09,0x70,0xfc,0x00,0x00,0x07,0xb0,0xaf,0x10,0x00,0x00,0x00,
  0x0e,0x10,0xdd,0x00,0x00,0x3e,0x10,0xed,0x00,0x00,0x00,0x00,0x6b,0x00,0xcf,0x00,0x00,0xd4,0x02,0xf9,0x00,0x00,0x00,0x00,0xc5,0x00,0xaf,0x00,0x09,0x80,0x06,0xf5,
  0x00,0x00,0x00,0x02,0xe0,0x00,0x9f,0x20,0x5c,0x00,0x09,0xf2,0x00,0x00,0x00,0x08,0x90,0x00,0x7f,0x31,0xe2,0x00,0x0d,0xe0,0x00,0x00,0x00,0x0d,0x30,0x00,0x6f,0x5b,
  0x60,0x00,0x1f,0xa0,0x00,0x00,0x00,0x4d,0x00,0x00,0x4f,0xda,0x00,0x00,0x5f,0x60,0x00,0x00,0x00,0xa7,0x00,0x00,0x3f,0xe1,0x00,0x00,0x9f,0x30,0x00,0x00,0x6d,0xfe,
  0x80,0x00,0x1f,0x30,0x00,0x5d,0xff,0xe5,0x00,0x00,0x00,0x00,0x00,0x00,0x02,0x00,0x00,0x00,0x00,0x00,0x00,0x00,0x00,0x00,0x1c,0xee,0x90,0x00,0x00,0x0b,0xee,0xc3,
  0x00,0x00,0x00,0xaf,0xf1,0x00,0x00,0x00,0xb7,0x00,0x00,0x00,0x00,0xd9,0xf6,0x00,0x00,0x00,0xf1,0x00,0x00,0x00,0x02,0xe0,0xfc,0x00,0x00,0x04,0xc0,0x00,0x00,0x00,
  0x07,0xa0,0x9f,0x20,0x00,0x09,0x70,0x00,0x00,0x00,0x0c,0x50,0x3f,0x80,0x00,0x0e,0x30,0x00,0x00,0x00,0x1f,0x00,0x0d,0xe0,0x00,0x3e,0x00,0x00,0x00,0x00,0x6b,0x00,
  0x07,0xf4,0x00,0x89,0x00,0x00,0x00,0x00,0xa6,0x00,0x02,0xfa,0x00,0xd4,0x00,0x00,0x00,0x00,0xf1,0x00,0x00,0xcf,0x01,0xf0,0x00,0x00,0x00,0x04,0xc0,0x00,0x00,0x6f,
  0x66,0xa0,0x00,0x00,0x00,0x09,0x70,0x00,0x00,0x0f,0xbb,0x50,0x00,0x00,0x00,0x0e,0x30,0x00,0x00,0x0a,0xff,0x10,0x00,0x00,0x00,0x3e,0x00,0x00,0x00,0x04,0xfc,0x00,
  0x00,0x00,0x2b,0xff,0xc2,0x00,0x00,0x00,0xe7,0x00,0x00,0x00,0x00,0x00,0x00,0x00,0x00,0x00,0x20,0x00,0x00,0x00,0x00,0x00,0x00,0x00,0x00,0x10,0x00,0x00,0x00,0x00,
  0x00,0x00,0x18,0xdf,0xff,0xd6,0x00,0x00,0x00,0x00,0x06,0xfc,0x50,0x01,0x7f,0xb0,0x00,0x00,0x00,0x8f,0x90,0x00,0x00,0x05,0xf8,0x00,0x00,0x05,0xfa,0x00,0x00,0x00,
  0x00,0xdf,0x00,0x00,0x1e,0xe0,0x00,0x00,0x00,0x00,0x9f,0x30,0x00,0x7f,0x70,0x00,0x00,0x00,0x00,0x8f,0x50,0x00,0xdf,0x10,0x00,0x00,0x00,0x00,0x9f,0x50,0x00,0xfd,
  0x00,0x00,0x00,0x00,0x00,0xbf,0x30,0x02,0xfb,0x00,0x00,0x00,0x00,0x00,0xef,0x00,0x03,0xfa,0x00,0x00,0x00,0x00,0x04,0xfa,0x00,0x01,0xfb,0x00,0x00,0x00,0x00,0x0c,
  0xf3,0x00,0x00,0xee,0x00,0x00,0x00,0x00,0x6f,0x90,0x00,0x00,0x7f,0x60,0x00,0x00,0x05,0xfb,0x00,0x00,0x00,0x0b,0xf6,0x00,0x02,0x9f,0x90,0x00,0x00,0x00,0x00,0x7e,
  0xfd,0xef,0xb4,0x00,0x00,0x00,0x00,0x00,0x00,0x13,0x20,0x00,0x00,0x00,0x00,0x00,0x00,0x0b,0xef,0xfe,0xdd,0xa4,0x00,0x00,0x00,0x00,0xaf,0x53,0x35,0xcf,0x70,0x00,
  0x00,0x00,0xed,0x00,0x00,0x0e,0xf0,0x00,0x00,0x03,0xf9,0x00,0x00,0x0b,0xf2,0x00,0x00,0x08,0xf4,0x00,0x00,0x0c,0xf0,0x00,0x00,0x0d,0xf0,0x00,0x00,0x2f,0xb0,0x00,
  0x00,0x2f,0xa0,0x00,0x01,0xde,0x20,0x00,0x00,0x6f,0xb8,0x88,0xaf,0xb2,0x00,0x00,0x00,0xbf,0x99,0x98,0x62,0x00,0x00,0x00,0x01,0xfb,0x00,0x00,0x00,0x00,0x00,0x00,
  0x05,0xf6,0x00,0x00,0x00,0x00,0x00,0x00,0x0a,0xf2,0x00,0x00,0x00,0x00,0x00,0x00,0x0f,0xd0,0x00,0x00,0x00,0x00,0x00,0x00,0x4f,0x80,0x00,0x00,0x00,0x00,0x00,0x2b,
  0xff,0xfa,0x00,0x00,0x00,0x00,0x00,0x00,0x00,0x00,0x00,0x00,0x10,0x00,0x00,0x00,0x00,0x00,0x00,0x18,0xdf,0xff,0xd6,0x00,0x00,0x00,0x00,0x06,0xfc,0x50,0x01,0x7f,
  0xb0,0x00,0x00,0x00,0x8f,0x90,0x00,0x00,0x05,0xf8,0x00,0x00,0x05,0xfa,0x00,0x00,0x00,0x00,0xdf,0x00,0x00,0x1e,0xe0,0x00,0x00,0x00,0x00,0x9f,0x30,0x00,0x7f,0x70,
  0x00,0x00,0x00,0x00,0x8f,0x50,0x00,0xdf,0x10,0x00,0x00,0x00,0x00,0x9f,0x50,0x00,0xfd,0x00,0x00,0x00,0x00,0x00,0xbf,0x30,0x02,0xfb,0x00,0x00,0x00,0x00,0x00,0xef,
  0x00,0x03,0xfa,0x00,0x00,0x00,0x00,0x04,0xf9,0x00,0x01,0xfb,0x00,0x00,0x00,0x00,0x0c,0xf2,0x00,0x00,0xee,0x00,0x00,0x00,0x00,0x6f,0x80,0x00,0x00,0x7f,0x60,0x00,
  0x00,0x05,0xfb,0x00,0x00,0x00,0x0b,0xf6,0x00,0x02,0x9f,0x90,0x00,0x00,0x00,0x00,0xaf,0xfd,0xee,0x93,0x00,0x00,0x00,0x00,0x00,0x08,0xfa,0x10,0x00,0x00,0x00,0x00,
  0x00,0x00,0x00,0x5f,0xe3,0x00,0x00,0x00,0x00,0x00,0x00,0x00,0x04,0xef,0x80,0x00,0x00,0x00,0x00,0x00,0x00,0x00,0x2c,0xfe,0x87,0x30,0x00,0x00,0x00,0x00,0x00,0x00,
  0x47,0x64,0x00,0x00,0x00,0x00,0x0b,0xef,0xfe,0xdc,0x92,0x00,0x00,0x00,0x00,0xaf,0x53,0x36,0xef,0x20,0x00,0x00,0x00,0xed,0x00,0x00,0x5f,0x80,0x00,0x00,0x03,0xf9,
  0x00,0x00,0x3f,0x90,0x00,0x00,0x08,0xf4,0x00,0x00,0x6f,0x60,0x00,0x00,0x0d,0xf0,0x00,0x00,0xde,0x00,0x00,0x00,0x2f,0xa0,0x01,0x5d,0xd2,0x00,0x00,0x00,0x6f,0xff,
  0xff,0xc4,0x00,0x00,0x00,0x00,0xbf,0x10,0x06,0xf5,0x00,0x00,0x00,0x01,0xfb,0x00,0x00,0xfb,0x00,0x00,0x00,0x05,0xf6,0x00,0x00,0xcf,0x00,0x00,0x00,0x0a,0xf2,0x00,
  0x00,0x9f,0x30,0x00,0x00,0x0f,0xd0,0x00,0x00,0x5f,0x60,0x00,0x00,0x4f,0x80,0x00,0x00,0x2f,0xb0,0x00,0x2b,0xff,0xfa,0x00,0x00,0x0a,0xfb,0x00,0x00,0x00,0x00,0x00,
  0x00,0x00,0x00,0x00,0x00,0x00,0x00,0x00,0x10,0x01,0x40,0x00,0x00,0x07,0xde,0xef,0xdf,0x60,0x00,0x00,0xcb,0x10,0x01,0xbf,0x30,0x00,0x07,0xf0,0x00,0x00,0x5f,0x00,
  0x00,0x0c,0xc0,0x00,0x00,0x3d,0x00,0x00,0x0c,0xe0,0x00,0x00,0x06,0x00,0x00,0x09,0xfb,0x10,0x00,0x00,0x00,0x00,0x01,0xcf,0xf8,0x10,0x00,0x00,0x00,0x00,0x07,0xef,
  0xe4,0x00,0x00,0x00,0x00,0x00,0x07,0xff,0x20,0x00,0x00,0x00,0x00,0x00,0x6f,0x80,0x00,0x03,0x00,0x00,0x00,0x0f,0x90,0x00,0x0e,0x00,0x00,0x00,0x0f,0x80,0x00,0x0f,
  0x60,0x00,0x00,0x6f,0x20,0x00,0x0e,0xd0,0x00,0x06,0xf7,0x00,0x00,0x09,0xfe,0xcd,0xfc,0x40,0x00,0x00,0x00,0x02,0x32,0x00,0x00,0x00,0x00,0x00,0x00,0x80,0x00,0x00,
  0x00,0x00,0x06,0x10,0x00,0x04,0xfe,0xee,0xee,0xee,0xee,0xff,0x00,0x00,0x0a,0xe4,0x44,0x8f,0x94,0x44,0xcc,0x00,0x00,0x0f,0x50,0x00,0x9f,0x20,0x00,0x99,0x00,0x00,
  0x69,0x00,0x00,0xed,0x00,0x00,0x75,0x00,0x00,0x10,0x00,0x03,0xf9,0x00,0x00,0x11,0x00,0x00,0x00,0x00,0x08,0xf4,0x00,0x00,0x00,0x00,0x00,0x00,0x00,0x0d,0xf0,0x00,
  0x00,0x00,0x00,0x00,0x00,0x00,0x1f,0xa0,0x00,0x00,0x00,0x00,0x00,0x00,0x00,0x6f,0x50,0x00,0x00,0x00,0x00,0x00,0x00,0x00,0xbf,0x10,0x00,0x00,0x00,0x00,0x00,0x00,
  0x00,0xfb,0x00,0x00,0x00,0x00,0x00,0x00,0x00,0x05,0xf7,0x00,0x00,0x00,0x00,0x00,0x00,0x00,0x0a,0xf2,0x00,0x00,0x00,0x00,0x00,0x00,0x00,0x0e,0xd0,0x00,0x00,0x00,
  0x00,0x00,0x00,0x0a,0xef,0xfc,0x20,0x00,0x00,0x00,0x00,0x00,0x03,0xce,0xed,0x80,0x00,0x00,0xbe,0xec,0x40,0x00,0x00,0x0e,0xd0,0x00,0x00,0x00,0x0a,0x80,0x00,0x00,
  0x00,0x3f,0x80,0x00,0x00,0x00,0x0e,0x20,0x00,0x00,0x00,0x8f,0x30,0x00,0x00,0x00,0x3d,0x00,0x00,0x00,0x00,0xde,0x00,0x00,0x00,0x00,0x88,0x00,0x00,0x00,0x02,0xf9,
  0x00,0x00,0x00,0x00,0xd3,0x00,0x00,0x00,0x07,0xf5,0x00,0x00,0x00,0x02,0xe0,0x00,0x00,0x00,0x0c,0xf0,0x00,0x00,0x00,0x07,0xa0,0x00,0x00,0x00,0x1f,0xb0,0x00,0x00,
  0x00,0x0c,0x50,0x00,0x00,0x00,0x5f,0x60,0x00,0x00,0x00,0x1f,0x00,0x00,0x00,0x00,0x9f,0x30,0x00,0x00,0x00,0x6b,0x00,0x00,0x00,0x00,0xaf,0x20,0x00,0x00,0x00,0xe4,
  0x00,0x00,0x00,0x00,0x8f,0x60,0x00,0x00,0x0b,0xb0,0x00,0x00,0x00,0x00,0x2f,0xf8,0x32,0x36,0xdc,0x10,0x00,0x00,0x00,0x00,0x03,0xcf,0xff,0xfe,0x70,0x00,0x00,0x00,
  0x00,0x00,0x00,0x01,0x33,0x10,0x00,0x00,0x00,0x00,0x00,0x00,0x2c,0xee,0xd9,0x00,0x00,0x2c,0xee,0xc4,0x00,0x00,0xef,0x00,0x00,0x00,0x01,0xf6,0x00,0x00,0x00,0xcf,
  0x00,0x00,0x00,0x09,0xa0,0x00,0x00,0x00,0xaf,0x10,0x00,0x00,0x4e,0x10,0x00,0x00,0x00,0x9f,0x20,0x00,0x00,0xd5,0x00,0x00,0x00,0x00,0x7f,0x40,0x00,0x08,0xb0,0x00,
  0x00,0x00,0x00,0x6f,0x50,0x00,0x3e,0x10,0x00,0x00,0x00,0x00,0x4f,0x60,0x00,0xd6,0x00,0x00,0x00,0x00,0x00,0x3f,0x80,0x07,0xb0,0x00,0x00,0x00,0x00,0x00,0x2f,0x90,
  0x2e,0x10,0x00,0x00,0x00,0x00,0x00,0x0f,0xa0,0xc6,0x00,0x00,0x00,0x00,0x00,0x00,0x0f,0xc6,0xb0,0x00,0x00,0x00,0x00,0x00,0x00,0x0d,0xee,0x20,0x00,0x00,0x00,0x00,
  0x00,0x00,0x0c,0xf6,0x00,0x00,0x00,0x00,0x00,0x00,0x00,0x0a,0xc0,0x00,0x00,0x00,0x00,0x00,0x00,0x00,0x02,0x10,0x00,0x00,0x00,0x00,0x00,0x00,0x00,0x00,0x00,0x00,
  0x00,0x00,0x00,0x00,0x00,0x00,0x00,0x00,0x0c,0xee,0xda,0x10,0x00,0x4f,0x00,0x00,0x5d,0xed,0xa0,0x00,0x00,0xcf,0x10,0x00,0x01,0xef,0x00,0x00,0x03,0xf2,0x00,0x00,
  0x00,0xdf,0x00,0x00,0x0a,0xff,0x10,0x00,0x0b,0x80,0x00,0x00,0x00,0xee,0x00,0x00,0x4e,0xbf,0x20,0x00,0x3f,0x10,0x00,0x00,0x00,0xfd,0x00,0x00,0xe4,0x9f,0x30,0x00,
  0xb7,0x00,0x00,0x00,0x01,0xfb,0x00,0x09,0xa0,0x8f,0x40,0x03,0xe0,0x00,0x00,0x00,0x02,0xfa,0x00,0x4e,0x10,0x7f,0x40,0x0b,0x60,0x00,0x00,0x00,0x03,0xf9,0x00,0xe4,
  0x00,0x7f,0x50,0x4e,0x00,0x00,0x00,0x00,0x04,0xf7,0x09,0xa0,0x00,0x6f,0x60,0xc6,0x00,0x00,0x00,0x00,0x05,0xf6,0x4e,0x10,0x00,0x5f,0x74,0xd0,0x00,0x00,0x00,0x00,
  0x07,0xf6,0xd4,0x00,0x00,0x4f,0x8c,0x50,0x00,0x00,0x00,0x00,0x08,0xfd,0x90,0x00,0x00,0x3f,0xdc,0x00,0x00,0x00,0x00,0x00,0x09,0xfe,0x00,0x00,0x00,0x2f,0xf4,0x00,
  0x00,0x00,0x00,0x00,0x0a,0xf4,0x00,0x00,0x00,0x2f,0xb0,0x00,0x00,0x00,0x00,0x00,0x0b,0x90,0x00,0x00,0x00,0x1f,0x30,0x00,0x00,0x00,0x00,0x00,0x02,0x00,0x00,0x00,
  0x00,0x02,0x00,0x00,0x00,0x00,0x00,0x00,0x00,0x05,0xde,0xed,0x70,0x00,0x5d,0xee,0xb1,0x00,0x00,0x00,0x0e,0xf1,0x00,0x00,0x06,0xe3,0x00,0x00,0x00,0x00,0x08,0xf6,
  0x00,0x00,0x5d,0x20,0x00,0x00,0x00,0x00,0x01,0xfc,0x00,0x05,0xd1,0x00,0x00,0x00,0x00,0x00,0x00,0xaf,0x30,0x6d,0x10,0x00,0x00,0x00,0x00,0x00,0x00,0x4f,0x96,0xc1,
  0x00,0x00,0x00,0x00,0x00,0x00,0x00,0x0d,0xfc,0x10,0x00,0x00,0x00,0x00,0x00,0x00,0x00,0x0b,0xf7,0x00,0x00,0x00,0x00,0x00,0x00,0x00,0x00,0xa9,0xfd,0x00,0x00,0x00,
  0x00,0x00,0x00,0x00,0x0b,0x90,0x9f,0x40,0x00,0x00,0x00,0x00,0x00,0x00,0xb8,0x00,0x3f,0xa0,0x00,0x00,0x00,0x00,0x00,0x1c,0x70,0x00,0x0c,0xf1,0x00,0x00,0x00,0x00,
  0x01,0xd7,0x00,0x00,0x06,0xf8,0x00,0x00,0x00,0x00,0x1d,0x60,0x00,0x00,0x00,0xfe,0x00,0x00,0x00,0x2b,0xff,0xe4,0x00,0x00,0x7d,0xff,0xe6,0x00,0x00,0x00,0x1c,0xee,
  0xda,0x00,0x00,0x6d,0xed,0xa0,0x00,0x00,0xaf,0x40,0x00,0x00,0x07,0xd1,0x00,0x00,0x00,0x4f,0x90,0x00,0x00,0x4e,0x20,0x00,0x00,0x00,0x0e,0xe0,0x00,0x03,0xe3,0x00,
  0x00,0x00,0x00,0x09,0xf4,0x00,0x1e,0x40,0x00,0x00,0x00,0x00,0x03,0xf9,0x00,0xd5,0x00,0x00,0x00,0x00,0x00,0x00,0xde,0x0b,0x70,0x00,0x00,0x00,0x00,0x00,0x00,0x8f,
  0xc9,0x00,0x00,0x00,0x00,0x00,0x00,0x00,0x3f,0xb0,0x00,0x00,0x00,0x00,0x00,0x00,0x00,0x6f,0x50,0x00,0x00,0x00,0x00,0x00,0x00,0x00,0xbf,0x10,0x00,0x00,0x00,0x00,
  0x00,0x00,0x00,0xfc,0x00,0x00,0x00,0x00,0x00,0x00,0x00,0x04,0xf7,0x00,0x00,0x00,0x00,0x00,0x00,0x00,0x09,0xf2,0x00,0x00,0x00,0x00,0x00,0x00,0x06,0xdf,0xfd,0x50,
  0x00,0x00,0x00,0x00,0x00,0x00,0x02,0x50,0x00,0x00,0x00,0x00,0x00,0x00,0x00,0x0a,0xfe,0xee,0xee,0xee,0xed,0x10,0x00,0x00,0x1f,0xc3,0x33,0x33,0x4e,0xf4,0x00,0x00,
  0x00,0x8d,0x10,0x00,0x00,0xcf,0x40,0x00,0x00,0x00,0xd2,0x00,0x00,0x0b,0xf5,0x00,0x00,0x00,0x01,0x20,0x00,0x00,0xbf,0x60,0x00,0x00,0x00,0x00,0x00,0x00,0x0a,0xf7,
  0x00,0x00,0x00,0x00,0x00,0x00,0x00,0x9f,0x80,0x00,0x00,0x00,0x00,0x00,0x00,0x08,0xf9,0x00,0x00,0x00,0x00,0x00,0x00,0x00,0x7f,0x90,0x00,0x00,0x00,0x00,0x00,0x00,
  0x06,0xfa,0x00,0x00,0x00,0x00,0x00,0x00,0x00,0x5f,0xb0,0x00,0x00,0x00,0x00,0x00,0x00,0x04,0xfc,0x00,0x00,0x00,0xa2,0x00,0x00,0x00,0x4f,0xc0,0x00,0x00,0x09,0xb0,
  0x00,0x00,0x03,0xfe,0x21,0x11,0x11,0x7f,0x40,0x00,0x00,0x1e,0xff,0xff,0xff,0xff,0xfd,0x00,0x00,0x00,0x00,0x00,0x00,0x00,0x00,0x44,0x00,0x00,0x00,0x00,0x00,0x00,
  0x58,0x88,0x60,0x00,0x00,0x00,0xeb,0x55,0x30,0x00,0x00,0x03,0xf4,0x00,0x00,0x00,0x00,0x08,0xf0,0x00,0x00,0x00,0x00,0x0d,0xb0,0x00,0x00,0x00,0x00,0x2f,0x60,0x00,
  0x00,0x00,0x00,0x7f,0x10,0x00,0x00,0x00,0x00,0xcc,0x00,0x00,0x00,0x00,0x01,0xf7,0x00,0x00,0x00,0x00,0x05,0xf2,0x00,0x00,0x00,0x00,0x0a,0xd0,0x00,0x00,0x00,0x00,
  0x0f,0x80,0x00,0x00,0x00,0x00,0x4f,0x30,0x00,0x00,0x00,0x00,0x9e,0x00,0x00,0x00,0x00,0x00,0xea,0x00,0x00,0x00,0x00,0x03,0xf5,0x00,0x00,0x00,0x00,0x07,0xf0,0x00,
  0x00,0x00,0x00,0x0c,0xc1,0x10,0x00,0x00,0x00,0x0c,0xcc,0xc5,0x00,0x00,0x00,0x00,0x04,0xb0,0x00,0x00,0x03,0xe0,0x00,0x00,0x01,0xf0,0x00,0x00,0x00,0xf1,0x00,0x00,
  0x00,0xe2,0x00,0x00,0x00,0xd4,0x00,0x00,0x00,0xb5,0x00,0x00,0x00,0xa7,0x00,0x00,0x00,0x88,0x00,0x00,0x00,0x7a,0x00,0x00,0x00,0x5b,0x00,0x00,0x00,0x3d,0x00,0x00,
  0x00,0x2e,0x00,0x00,0x00,0x0f,0x00,0x00,0x00,0x0f,0x20,0x00,0x00,0x03,0x88,0x88,0x00,0x00,0x00,0x03,0x55,0xdd,0x00,0x00,0x00,0x00,0x00,0xf8,0x00,0x00,0x00,0x00,
  0x05,0xf3,0x00,0x00,0x00,0x00,0x09,0xe0,0x00,0x00,0x00,0x00,0x0e,0x90,0x00,0x00,0x00,0x00,0x3f,0x40,0x00,0x00,0x00,0x00,0x8f,0x00,0x00,0x00,0x00,0x00,0xda,0x00,
  0x00,0x00,0x00,0x02,0xf5,0x00,0x00,0x00,0x00,0x07,0xf1,0x00,0x00,0x00,0x00,0x0c,0xc0,0x00,0x00,0x00,0x00,0x1f,0x70,0x00,0x00,0x00,0x00,0x6f,0x20,0x00,0x00,0x00,
  0x00,0xad,0x00,0x00,0x00,0x00,0x00,0xf8,0x00,0x00,0x00,0x00,0x04,0xf3,0x00,0x00,0x00,0x11,0x1a,0xe0,0x00,0x00,0x00,0xac,0xcc,0x80,0x00,0x00,0x00,0x00,0x00,0x00,
  0x01,0xd4,0x00,0x00,0x00,0x00,0x0b,0xd7,0x00,0x00,0x00,0x00,0x7a,0x69,0x00,0x00,0x00,0x03,0xd1,0x4a,0x00,0x00,0x00,0x0d,0x30,0x2c,0x00,0x00,0x00,0xa8,0x00,0x0e,
  0x00,0x00,0x06,0xc0,0x00,0x0e,0x00,0x00,0x2e,0x10,0x00,0x0c,0x20,0x00,0x33,0x00,0x00,0x04,0x10,0x00,0x00,0x00,0x00,0x00,0x00,0x00,0x00,0x00,0x00,0x00,0x00,0x00,
  0x00,0x00,0x00,0x00,0x00,0x00,0x00,0x00,0x00,0x00,0x00,0x00,0x00,0x00,0x00,0x00,0x00,0x00,0x00,0x00,0x00,0x00,0x00,0x00,0x00,0x00,0x00,0x00,0x00,0x00,0x00,0x00,
  0x00,0x00,0x00,0x17,0x77,0x77,0x77,0x72,0x00,0x39,0x99,0x99,0x99,0x91,0x00,0x00,0x00,0x09,0xf7,0x00,0x00,0x00,0x00,0x01,0xea,0x00,0x00,0x00,0x00,0x00,0x5e,0x00,
  0x00,0x00,0x00,0x00,0x08,0x00,0x00,0x00,0x00,0x00,0x00,0x00,0x00,0x00,0x00,0x00,0x00,0x00,0x00,0x00,0x00,0x00,0x00,0x00,0x00,0x00,0x00,0x00,0x00,0x00,0x00,0x00,
  0x00,0x00,0x00,0x00,0x00,0x00,0x00,0x00,0x00,0x00,0x00,0x00,0x00,0x00,0x00,0x00,0x00,0x00,0x00,0x00,0x00,0x00,0x00,0x00,0x00,0x00,0x00,0x00,0x00,0x00,0x00,0x00,
  0x00,0x00,0x00,0x00,0x00,0x00,0x00,0x00,0x00,0x00,0x00,0x29,0xb9,0x49,0x20,0x00,0x06,0xf8,0x24,0xfe,0x00,0x00,0x6f,0x50,0x00,0xf9,0x00,0x02,0xf9,0x00,0x05,0xf4,
  0x00,0x0b,0xe0,0x00,0x0a,0xe0,0x00,0x2f,0x80,0x00,0x2f,0x90,0x00,0x8f,0x30,0x00,0xbf,0x40,0x00,0xaf,0x00,0x09,0x9e,0x01,0x30,0xaf,0x64,0xc3,0xdc,0x8b,0x10,0x3f,
  0xfe,0x31,0xff,0x90,0x00,0x00,0x20,0x00,0x21,0x00,0x00,0x00,0x04,0x7a,0x10,0x00,0x00,0x19,0xfd,0x00,0x00,0x00,0x00,0xe8,0x00,0x00,0x00,0x03,0xf3,0x00,0x00,0x00,
  0x08,0xe0,0x00,0x00,0x00,0x0d,0xa0,0x00,0x00,0x00,0x2f,0x51,0x9e,0xb1,0x00,0x7f,0x3d,0x9c,0xfa,0x00,0xbc,0xa2,0x00,0xfd,0x01,0xfe,0x10,0x00,0xec,0x05,0xf6,0x00,
  0x01,0xf9,0x0a,0xe0,0x00,0x06,0xf4,0x0e,0xa0,0x00,0x0d,0xc0,0x0f,0x60,0x00,0x7f,0x20,0x0e,0x70,0x06,0xf4,0x00,0x05,0xea,0xcc,0x30,0x00,0x00,0x03,0x10,0x00,0x00,
  0x00,0x01,0x8d,0xea,0x00,0x00,0x2d,0x51,0xaf,0x60,0x00,0xd6,0x00,0x06,0x10,0x08,0xe0,0x00,0x00,0x00,0x0e,0xa0,0x00,0x00,0x00,0x2f,0x70,0x00,0x00,0x00,0x4f,0x50,
  0x00,0x10,0x00,0x4f,0x60,0x00,0xb1,0x00,0x2f,0xc2,0x3b,0x60,0x00,0x08,0xff,0xf7,0x00,0x00,0x00,0x13,0x10,0x00,0x00,0x00,0x00,0x00,0x00,0x04,0x7a,0x00,0x00,0x00,
  0x00,0x00,0x1a,0xfc,0x00,0x00,0x00,0x00,0x00,0x01,0xf7,0x00,0x00,0x00,0x00,0x00,0x06,0xf2,0x00,0x00,0x00,0x00,0x00,0x0b,0xd0,0x00,0x00,0x00,0x00,0x00,0x0f,0x80,
  0x00,0x00,0x00,0x3a,0xdb,0x7f,0x30,0x00,0x00,0x07,0xf7,0x12,0xee,0x00,0x00,0x00,0x6f,0x50,0x00,0xe9,0x00,0x00,0x02,0xf9,0x00,0x03,0xf4,0x00,0x00,0x0b,0xe1,0x00,
  0x09,0xf0,0x00,0x00,0x2f,0x80,0x00,0x1f,0xa0,0x00,0x00,0x7f,0x30,0x00,0xaf,0x50,0x00,0x00,0xaf,0x00,0x09,0x8f,0x01,0x30,0x00,0xaf,0x64,0xc4,0xbd,0x7c,0x10,0x00,
  0x3f,0xfe,0x40,0xff,0xa1,0x00,0x00,0x00,0x20,0x00,0x21,0x00,0x00,0x00,0x00,0x01,0x8c,0xd9,0x00,0x00,0x2e,0x60,0x4f,0x50,0x00,0xd8,0x00,0x2f,0x60,0x07,0xf0,0x03,
  0xde,0x10,0x0e,0xc7,0xcb,0x50,0x00,0x2f,0xc5,0x10,0x00,0x00,0x4f,0x50,0x00,0x01,0x00,0x5f,0x60,0x00,0x93,0x00,0x1f,0xd3,0x28,0xa0,0x00,0x07,0xff,0xfa,0x00,0x00,
  0x00,0x13,0x10,0x00,0x00,0x00,0x00,0x00,0x00,0x00,0x05,0xab,0xa3,0x00,0x00,0x00,0x00,0x00,0x01,0xc7,0x36,0xff,0x00,0x00,0x00,0x00,0x00,0x0c,0x60,0x00,0x68,0x00,
  0x00,0x00,0x00,0x00,0x6e,0x00,0x00,0x00,0x00,0x00,0x00,0x00,0x00,0xda,0x00,0x00,0x00,0x00,0x00,0x00,0x00,0x01,0xf7,0x00,0x00,0x00,0x00,0x00,0x00,0x07,0xbc,0xfc,
  0xb9,0x00,0x00,0x00,0x00,0x00,0x03,0x4a,0xf4,0x43,0x00,0x00,0x00,0x00,0x00,0x00,0x0b,0xd0,0x00,0x00,0x00,0x00,0x00,0x00,0x00,0x0e,0xa0,0x00,0x00,0x00,0x00,0x00,
  0x00,0x00,0x1f,0x70,0x00,0x00,0x00,0x00,0x00,0x00,0x00,0x4f,0x30,0x00,0x00,0x00,0x00,0x00,0x00,0x00,0x8f,0x00,0x00,0x00,0x00,0x00,0x00,0x00,0x00,0xbd,0x00,0x00,
  0x00,0x00,0x00,0x00,0x00,0x00,0xea,0x00,0x00,0x00,0x00,0x00,0x00,0x00,0x01,0xf6,0x00,0x00,0x00,0x00,0x00,0x00,0x00,0x04,0xf1,0x00,0x00,0x00,0x00,0x00,0x00,0x00,
  0x09,0xc0,0x00,0x00,0x00,0x00,0x00,0x00,0x00,0x0e,0x50,0x00,0x00,0x00,0x00,0x00,0x65,0x00,0x5c,0x00,0x00,0x00,0x00,0x00,0x00,0xef,0x77,0xc1,0x00,0x00,0x00,0x00,
  0x00,0x00,0x4a,0xa6,0x00,0x00,0x00,0x00,0x00,0x00,0x00,0x00,0x00,0x05,0xbc,0xcb,0xcd,0x60,0x00,0x00,0x8e,0x20,0x9e,0x5b,0x20,0x00,0x04,0xf5,0x00,0x6f,0x20,0x00,
  0x00,0x0a,0xe0,0x00,0x8f,0x10,0x00,0x00,0x0c,0xc0,0x00,0xdb,0x00,0x00,0x00,0x0a,0xd0,0x07,0xf2,0x00,0x00,0x00,0x02,0xeb,0xbc,0x20,0x00,0x00,0x00,0x06,0x83,0x10,
  0x00,0x00,0x00,0x00,0x1f,0x70,0x00,0x00,0x00,0x00,0x00,0x0e,0xfd,0x72,0x00,0x00,0x00,0x00,0x05,0xef,0xff,0xb1,0x00,0x00,0x05,0xd5,0x00,0x39,0xfc,0x00,0x00,0x1f,
  0x60,0x00,0x00,0x8f,0x00,0x00,0x2f,0x70,0x00,0x00,0x7e,0x00,0x00,0x09,0xf7,0x21,0x27,0xe4,0x00,0x00,0x00,0x48,0xab,0xa6,0x10,0x00,0x00,0x00,0x03,0x69,0x40,0x00,
  0x00,0x00,0x07,0xff,0x10,0x00,0x00,0x00,0x00,0xbc,0x00,0x00,0x00,0x00,0x00,0xf7,0x00,0x00,0x00,0x00,0x05,0xf2,0x00,0x00,0x00,0x00,0x0a,0xd0,0x00,0x00,0x00,0x00,
  0x0e,0x80,0x5c,0xd6,0x00,0x00,0x3f,0x29,0xc8,0xfd,0x00,0x00,0x8d,0x77,0x00,0xcb,0x00,0x00,0xdb,0x90,0x02,0xf6,0x00,0x02,0xfd,0x00,0x08,0xf1,0x00,0x07,0xf5,0x00,
  0x0e,0xa0,0x00,0x0b,0xe0,0x00,0x4f,0x30,0x00,0x1f,0x80,0x00,0xbd,0x02,0x20,0x5f,0x30,0x01,0xfa,0x9b,0x00,0xae,0x00,0x06,0xff,0x80,0x00,0x00,0x00,0x00,0x30,0x00,
  0x00,0x00,0x00,0x09,0x80,0x00,0x00,0x6f,0xf3,0x00,0x00,0x2d,0xb0,0x00,0x00,0x00,0x00,0x00,0x00,0x00,0x00,0x00,0x00,0x00,0x00,0x00,0x19,0xd6,0x00,0x02,0xee,0xf4,
  0x00,0x0b,0x2a,0xe0,0x00,0x00,0x0f,0x80,0x00,0x00,0x5f,0x30,0x00,0x00,0xbd,0x00,0x00,0x01,0xf7,0x00,0x00,0x06,0xf2,0x13,0x00,0x0c,0xe7,0xc2,0x00,0x1f,0xfa,0x10,
  0x00,0x03,0x10,0x00,0x00,0x00,0x00,0x00,0x00,0x02,0xa5,0x00,0x00,0x00,0x00,0x0a,0xff,0x00,0x00,0x00,0x00,0x05,0xe8,0x00,0x00,0x00,0x00,0x00,0x00,0x00,0x00,0x00,
  0x00,0x00,0x00,0x00,0x00,0x00,0x00,0x00,0x00,0x00,0x00,0x00,0x02,0xbe,0x30,0x00,0x00,0x00,0x4e,0xef,0x10,0x00,0x00,0x02,0xb1,0xcc,0x00,0x00,0x00,0x00,0x01,0xf7,
  0x00,0x00,0x00,0x00,0x05,0xf2,0x00,0x00,0x00,0x00,0x0a,0xe0,0x00,0x00,0x00,0x00,0x0f,0x90,0x00,0x00,0x00,0x00,0x4f,0x40,0x00,0x00,0x00,0x00,0x9f,0x00,0x00,0x00,
  0x00,0x00,0xeb,0x00,0x00,0x00,0x00,0x02,0xf5,0x00,0x00,0x00,0x00,0x08,0xe0,0x00,0x00,0x00,0x00,0x0e,0x50,0x00,0x00,0x36,0x00,0x8a,0x00,0x00,0x00,0xbf,0xab,0x90,
  0x00,0x00,0x00,0x3a,0x93,0x00,0x00,0x00,0x00,0x00,0x03,0x69,0x40,0x00,0x00,0x00,0x07,0xff,0x10,0x00,0x00,0x00,0x00,0xbd,0x00,0x00,0x00,0x00,0x00,0xf8,0x00,0x00,
  0x00,0x00,0x05,0xf3,0x00,0x00,0x00,0x00,0x0a,0xe0,0x00,0x00,0x00,0x00,0x0e,0x90,0x03,0xbe,0x60,0x00,0x3f,0x40,0x7e,0xcf,0xb0,0x00,0x8f,0x09,0x80,0x09,0x20,0x00,
  0xdb,0xa5,0x00,0x00,0x00,0x02,0xfe,0xd0,0x00,0x00,0x00,0x07,0xf7,0xf3,0x00,0x00,0x00,0x0c,0xc0,0xea,0x00,0x00,0x00,0x1f,0x70,0x8f,0x20,0x06,0x00,0x5f,0x30,0x1f,
  0xb2,0xb3,0x00,0xae,0x00,0x07,0xfe,0x40,0x00,0x00,0x00,0x00,0x20,0x00,0x00,0x00,0x03,0x69,0x50,0x00,0x06,0xef,0x30,0x00,0x00,0x9e,0x00,0x00,0x00,0xe9,0x00,0x00,
  0x03,0xf4,0x00,0x00,0x08,0xf0,0x00,0x00,0x0d,0xb0,0x00,0x00,0x2f,0x60,0x00,0x00,0x7f,0x10,0x00,0x00,0xbc,0x00,0x00,0x01,0xf7,0x00,0x00,0x05,0xf2,0x00,0x00,0x0a,
  0xe0,0x00,0x00,0x0e,0x90,0x31,0x00,0x4f,0x8a,0xa0,0x00,0x8f,0xf7,0x00,0x00,0x03,0x00,0x00,0x00,0x00,0x7d,0xe2,0x1a,0xec,0x10,0x6d,0xe6,0x00,0x07,0xcc,0xe1,0xd9,
  0xbf,0x48,0xc8,0xfd,0x00,0x18,0x0a,0xaa,0x30,0x5f,0x78,0x00,0xea,0x00,0x10,0x0f,0xb5,0x00,0x9e,0x90,0x03,0xf5,0x00,0x00,0x4f,0xa0,0x00,0xee,0x10,0x09,0xe0,0x00,
  0x00,0x9f,0x20,0x04,0xf7,0x00,0x0f,0x90,0x00,0x00,0xec,0x00,0x09,0xf0,0x00,0x6f,0x20,0x00,0x02,0xf6,0x00,0x0e,0xa0,0x00,0xcc,0x03,0x10,0x07,0xf1,0x00,0x4f,0x50,
  0x02,0xfa,0x9a,0x00,0x0c,0xc0,0x00,0x9f,0x00,0x07,0xff,0x70,0x00,0x00,0x00,0x00,0x00,0x00,0x01,0x30,0x00,0x00,0x00,0x7d,0xe2,0x06,0xcd,0x50,0x07,0xcc,0xe0,0xab,
  0x8f,0xc0,0x18,0x0a,0xa8,0x60,0x0e,0xa0,0x10,0x0f,0x97,0x00,0x3f,0x40,0x00,0x4f,0xa0,0x00,0xae,0x00,0x00,0x9f,0x30,0x01,0xf8,0x00,0x00,0xec,0x00,0x06,0xf2,0x00,
  0x02,0xf6,0x00,0x0d,0xb0,0x31,0x07,0xf1,0x00,0x3f,0x9a,0x90,0x0c,0xc0,0x00,0x8f,0xf6,0x00,0x00,0x00,0x00,0x13,0x00,0x00,0x00,0x01,0x9d,0xd9,0x10,0x00,0x3e,0xa1,
  0x0c,0xb0,0x00,0xec,0x00,0x07,0xf1,0x08,0xf3,0x00,0x07,0xf2,0x0e,0xd0,0x00,0x09,0xf1,0x2f,0x80,0x00,0x0d,0xe0,0x4f,0x60,0x00,0x3f,0x80,0x3f,0x60,0x00,0xbf,0x10,
  0x0e,0x90,0x07,0xf5,0x00,0x04,0xea,0xcd,0x40,0x00,0x00,0x03,0x20,0x00,0x00,0x00,0x00,0x7d,0xd1,0x3c,0xe9,0x00,0x00,0x08,0xcd,0xd4,0xd9,0xdf,0x60,0x00,0x18,0x0c,
  0xba,0x00,0x3f,0x90,0x00,0x10,0x0f,0xd0,0x00,0x1f,0x90,0x00,0x00,0x4f,0x50,0x00,0x3f,0x70,0x00,0x00,0x9e,0x00,0x00,0x7f,0x20,0x00,0x00,0xda,0x00,0x00,0xdc,0x00,
  0x00,0x02,0xf6,0x00,0x07,0xf3,0x00,0x00,0x06,0xf7,0x00,0x4f,0x60,0x00,0x00,0x0b,0xfe,0xab,0xd4,0x00,0x00,0x00,0x0f,0x90,0x32,0x00,0x00,0x00,0x00,0x4f,0x40,0x00,
  0x00,0x00,0x00,0x00,0x8f,0x00,0x00,0x00,0x00,0x00,0x00,0xdb,0x00,0x00,0x00,0x00,0x00,0x16,0xfb,0x30,0x00,0x00,0x00,0x00,0x67,0x77,0x72,0x00,0x00,0x00,0x00,0x00,
  0x00,0x29,0xb9,0x5b,0x10,0x00,0x06,0xf8,0x24,0xfd,0x00,0x00,0x6f,0x50,0x00,0xf8,0x00,0x02,0xf9,0x00,0x05,0xf3,0x00,0x0b,0xe0,0x00,0x0a,0xe0,0x00,0x2f,0x80,0x00,
  0x2f,0x90,0x00,0x8f,0x30,0x00,0xbf,0x40,0x00,0xaf,0x00,0x09,0xaf,0x00,0x00,0xaf,0x64,0xb4,0xda,0x00,0x00,0x3f,0xfe,0x42,0xf5,0x00,0x00,0x00,0x20,0x07,0xf0,0x00,
  0x00,0x00,0x00,0x0d,0xb0,0x00,0x00,0x00,0x00,0x2f,0x60,0x00,0x00,0x00,0x00,0x7f,0x10,0x00,0x00,0x00,0x15,0xde,0x40,0x00,0x00,0x00,0x77,0x77,0x71,0x00,0x00,0x00,
  0x7d,0xe2,0x3b,0xd4,0x07,0xcc,0xe3,0xdd,0xf8,0x18,0x0a,0xab,0x11,0x70,0x10,0x0f,0xc3,0x00,0x00,0x00,0x4f,0x90,0x00,0x00,0x00,0x9f,0x20,0x00,0x00,0x00,0xeb,0x00,
  0x00,0x00,0x02,0xf6,0x00,0x00,0x00,0x07,0xf1,0x00,0x00,0x00,0x0c,0xc0,0x00,0x00,0x00,0x00,0x08,0xde,0xb1,0x00,0x97,0x07,0xf7,0x00,0xf4,0x00,0x61,0x00,0xec,0x00,
  0x00,0x00,0x7f,0xb0,0x00,0x00,0x09,0xf8,0x00,0x00,0x00,0x9f,0x10,0x32,0x00,0x2f,0x20,0xed,0x00,0x3d,0x00,0x8f,0xca,0xb2,0x00,0x01,0x31,0x00,0x00,0x00,0x00,0x97,
  0x00,0x00,0x01,0xf7,0x00,0x05,0xbc,0xfc,0xb3,0x02,0x4c,0xd4,0x41,0x00,0x0f,0x90,0x00,0x00,0x4f,0x40,0x00,0x00,0x8f,0x00,0x00,0x00,0xdb,0x00,0x00,0x01,0xf6,0x01,
  0x00,0x06,0xf1,0x1b,0x00,0x09,0xf6,0xd2,0x00,0x08,0xfd,0x20,0x00,0x00,0x20,0x00,0x00,0x00,0x19,0xd6,0x00,0x0b,0x50,0x03,0xed,0xf4,0x00,0x5f,0x40,0x1b,0x2a,0xe0,
  0x00,0xae,0x00,0x00,0x1f,0x80,0x00,0xfa,0x00,0x00,0x6f,0x20,0x06,0xf5,0x00,0x00,0xcc,0x00,0x0d,0xf0,0x00,0x02,0xf6,0x00,0x7c,0xb0,0x00,0x08,0xf0,0x05,0x8e,0x60,
  0x40,0x0c,0xe3,0x8b,0x3f,0x6a,0x90,0x09,0xff,0xb0,0x7f,0xe6,0x00,0x00,0x21,0x00,0x13,0x00,0x00,0x00,0x5c,0xe6,0x05,0xe7,0x06,0xdc,0xf3,0x08,0xfe,0x09,0x0a,0xd0,
  0x00,0xcd,0x10,0x0f,0x80,0x00,0x7a,0x00,0x5f,0x20,0x00,0xa6,0x00,0xad,0x00,0x01,0xe0,0x00,0xf8,0x00,0x09,0x70,0x05,0xf2,0x00,0x5c,0x00,0x08,0xf3,0x18,0xd1,0x00,
  0x03,0xff,0xfa,0x10,0x00,0x00,0x13,0x10,0x00,0x00,0x00,0x5c,0xe6,0x00,0x79,0x02,0xda,0x00,0x06,0xdc,0xf3,0x00,0xea,0x05,0xff,0x10,0x19,0x0a,0xd0,0x02,0xf5,0x00,
  0x8f,0x10,0x10,0x0f,0x80,0x07,0xf1,0x00,0x3e,0x00,0x00,0x5f,0x20,0x0c,0xc0,0x00,0x6a,0x00,0x00,0xbd,0x00,0x1f,0x70,0x00,0xc4,0x00,0x01,0xf7,0x00,0x7f,0x30,0x04,
  0xc0,0x00,0x05,0xf2,0x01,0xde,0x00,0x1d,0x30,0x00,0x08,0xf3,0x2b,0x8d,0x03,0xd6,0x00,0x00,0x03,0xff,0xd2,0x4f,0xfe,0x50,0x00,0x00,0x00,0x12,0x00,0x01,0x30,0x00,
  0x00,0x00,0x00,0x01,0xbd,0x10,0x05,0xdc,0x10,0x00,0x0b,0xaf,0x50,0x5f,0xff,0x30,0x00,0x38,0x0e,0x91,0xc1,0x27,0x00,0x00,0x70,0x0a,0xdb,0x20,0x00,0x00,0x00,0x00,
  0x06,0xf6,0x00,0x00,0x00,0x00,0x00,0x08,0xf4,0x00,0x00,0x00,0x00,0x00,0x4a,0xf7,0x00,0x40,0x00,0x03,0x02,0xc0,0xbb,0x03,0x80,0x00,0x7f,0x9e,0x30,0x8e,0x4c,0x10,
  0x00,0x8f,0xf5,0x00,0x4f,0xe3,0x00,0x00,0x03,0x10,0x00,0x02,0x00,0x00,0x00,0x00,0x00,0x9d,0x30,0x00,0x6e,0x40,0x00,0x07,0xdf,0x90,0x00,0x8f,0x40,0x00,0x0c,0x0d,
  0xd0,0x00,0x9f,0x10,0x00,0x26,0x0a,0xf0,0x00,0xbc,0x00,0x00,0x00,0x07,0xf2,0x00,0xe6,0x00,0x00,0x00,0x04,0xf4,0x02,0xf0,0x00,0x00,0x00,0x02,0xf7,0x08,0x80,0x00,
  0x00,0x00,0x00,0xf9,0x0d,0x10,0x00,0x00,0x00,0x00,0xeb,0x77,0x00,0x00,0x00,0x00,0x00,0xce,0xc0,0x00,0x00,0x00,0x00,0x00,0xaf,0x30,0x00,0x00,0x00,0x00,0x00,0x99,
  0x00,0x00,0x00,0x00,0x00,0x04,0xc0,0x00,0x00,0x00,0x2a,0x10,0x4d,0x20,0x00,0x00,0x00,0x6f,0xeb,0xd2,0x00,0x00,0x00,0x00,0x19,0xa6,0x00,0x00,0x00,0x00,0x00,0x00,
  0x00,0x00,0x00,0x00,0x00,0x00,0x03,0xbb,0x72,0x09,0x50,0x00,0x1e,0xce,0xff,0xfa,0x00,0x00,0x95,0x00,0x3c,0xb0,0x00,0x00,0x40,0x00,0x5c,0x00,0x00,0x00,0x00,0x04,
  0xc0,0x00,0x00,0x00,0x00,0x3d,0x10,0x00,0x00,0x00,0x03,0xd1,0x00,0x00,0x00,0x00,0x2e,0x90,0x00,0x34,0x00,0x01,0xdf,0xfe,0x76,0xc0,0x00,0x0c,0x40,0x7e,0xfd,0x10,
  0x00,0x01,0x00,0x00,0x30,0x00,0x00,0x00,0x00,0x00,0x16,0x95,0x00,0x00,0x04,0xe7,0x30,0x00,0x00,0x2f,0x70,0x00,0x00,0x00,0x8f,0x10,0x00,0x00,0x00,0xce,0x00,0x00,
  0x00,0x00,0xdb,0x00,0x00,0x00,0x00,0xf8,0x00,0x00,0x00,0x02,0xf4,0x00,0x00,0x00,0x09,0xa0,0x00,0x00,0x1c,0xe8,0x00,0x00,0x00,0x01,0x6e,0x00,0x00,0x00,0x00,0x3f,
  0x20,0x00,0x00,0x00,0x7f,0x00,0x00,0x00,0x00,0xda,0x00,0x00,0x00,0x03,0xf5,0x00,0x00,0x00,0x08,0xf0,0x00,0x00,0x00,0x0b,0xc0,0x00,0x00,0x00,0x07,0xe0,0x00,0x00,
  0x00,0x00,0x8b,0x00,0x00,0x00,0x00,0x00,0x00,0x23,0x00,0x00,0x00,0xb7,0x00,0x00,0x00,0xf2,0x00,0x00,0x05,0xe0,0x00,0x00,0x09,0x90,0x00,0x00,0x0e,0x40,0x00,0x00,
  0x3f,0x00,0x00,0x00,0x7b,0x00,0x00,0x00,0xc6,0x00,0x00,0x01,0xf1,0x00,0x00,0x05,0xd0,0x00,0x00,0x0a,0x80,0x00,0x00,0x0f,0x30,0x00,0x00,0x4e,0x00,0x00,0x00,0x8a,
  0x00,0x00,0x00,0xd5,0x00,0x00,0x02,0xf1,0x00,0x00,0x07,0xc0,0x00,0x00,0x0b,0x70,0x00,0x00,0x0f,0x20,0x00,0x00,0x5e,0x00,0x00,0x00,0x99,0x00,0x00,0x00,0x93,0x00,
  0x00,0x00,0x00,0x00,0x02,0x83,0x00,0x00,0x00,0x00,0x4f,0x30,0x00,0x00,0x00,0x0e,0x80,0x00,0x00,0x00,0x1f,0x70,0x00,0x00,0x00,0x5f,0x20,0x00,0x00,0x00,0xbc,0x00,
  0x00,0x00,0x00,0xf6,0x00,0x00,0x00,0x04,0xf1,0x00,0x00,0x00,0x02,0xf0,0x00,0x00,0x00,0x00,0xae,0xc0,0x00,0x00,0x09,0xb2,0x10,0x00,0x00,0x4f,0x10,0x00,0x00,0x00,
  0xad,0x00,0x00,0x00,0x00,0xdb,0x00,0x00,0x00,0x00,0xfa,0x00,0x00,0x00,0x02,0xf7,0x00,0x00,0x00,0x07,0xf2,0x00,0x00,0x00,0x3f,0x60,0x00,0x00,0x7c,0xa4,0x00,0x00,
  0x00,0x00,0x01,0x20,0x00,0x01,0x00,0x00,0xae,0xeb,0x10,0x3d,0x00,0x06,0xb0,0x08,0xeb,0xe4,0x00,0x02,0x10,0x00,0x24,0x10,0x00,0x00,0x00,0x00,0x00,0x00,0x00,0x00,
  0x00,0x00,0x00,0x00,0x00,0x00,0x00,0x00,0x00,0x00,0x00,0x00,0x75,0x00,0x09,0xff,0x00,0x09,0xfb,0x00,0x00,0x20,0x00,0x00,0x00,0x00,0x00,0x00,0x00,0x00,0x00,0x00,
  0x05,0x77,0x77,0x77,0x77,0x77,0x72,0x07,0x99,0x99,0x99,0x99,0x99,0x91,0x00,0x00,0x00,0x00,0x00,0x00,0x00,0x00,0x00,0x00,0x00,0x00,0x00,0x00,0x00,0x00,0x00,0x00,
  0x00,0x00,0x00,0x00,0x00,0x00,0x00,0x00,0x00,0x00,0x17,0x40,0x04,0x70,0x01,0x74,0x00,0xaf,0xf0,0x3f,0xf6,0x0b,0xfe,0x00,0xaf,0xa0,0x3f,0xf2,0x0b,0xf9,0x00,0x02,
  0x00,0x01,0x00,0x00,0x20,0x00,0x00,0x06,0x97,0x10,0x00,0x00,0x9f,0xff,0xd0,0x00,0x00,0xff,0xff,0xf4,0x00,0x00,0xff,0xff,0xf4,0x00,0x00,0xaf,0xff,0xe0,0x00,0x00,
  0x07,0xb9,0x10,0x00,0x00,0x00,0x00,0x00,0x00,0x00,0x00,0x00,0x00,0x00,0x04,0x44,0x44,0x44,0x44,0x00,0x0e,0xdd,0xdd,0xdd,0xde,0x00,0x0e,0x30,0x00,0x00,0x3e,0x00,
  0x0e,0x30,0x00,0x00,0x3e,0x00,0x0e,0x30,0x00,0x00,0x3e,0x00,0x0e,0x30,0x00,0x00,0x3e,0x00,0x0e,0x30,0x00,0x00,0x3e,0x00,0x0e,0x30,0x00,0x00,0x3e,0x00,0x0e,0x30,
  0x00,0x00,0x3e,0x00,0x0e,0x30,0x00,0x00,0x3e,0x00,0x0e,0x30,0x00,0x00,0x3e,0x00,0x0e,0x30,0x00,0x00,0x3e,0x00,0x0e,0x30,0x00,0x00,0x3e,0x00,0x0e,0x30,0x00,0x00,
  0x3e,0x00,0x0e,0x30,0x00,0x00,0x3e,0x00,0x0e,0x30,0x00,0x00,0x3e,0x00,0x0e,0x30,0x00,0x00,0x3e,0x00,0x0e,0x30,0x00,0x00,0x3e,0x00,0x0e,0x30,0x00,0x00,0x3e,0x00,
  0x0e,0x30,0x00,0x00,0x3e,0x00,0x0e,0x30,0x00,0x00,0x3e,0x00,0x0e,0x86,0x66,0x66,0x8e,0x00,0x0a,0xbb,0xbb,0xbb,0xba,0x00,0x00,0x00,0x7f,0x80,0x00,0x00,0xbf,0xc0,
  0x00,0x00,0x0e,0x90,0x00,0x00,0x3d,0x10,0x00,0x18,0xa1,0x00,0x00,0x23,0x00,0x00,0x00,0x00,0x00,0x00,0x00,0x00,0x00,0x00,0x00,0x00,0x00,0x00,0x00,0x00,0x00,0x00,
  0x00,0x00,0x00,0x00,0x00,0x00,0x00,0x00,0x00,0x00,0x00,0x00,0x00,0x00,0x00,0x00,0x00,0x00,0x00,0x00,
};
const sig_font_t sigf_30 = { 2, 400, 22.0f, 17, 6, 0, 101, sigf_30_ch, sigf_30_gl, sigf_30_bmp, 10036 };
// total bitmap bytes: 135752
#ifdef __cplusplus
static const sig_font_t* const SIG_FONTS[] = { &sigf_0, &sigf_1, &sigf_2, &sigf_3, &sigf_4, &sigf_5, &sigf_6, &sigf_7, &sigf_8, &sigf_9, &sigf_10, &sigf_11, &sigf_12, &sigf_13, &sigf_14, &sigf_15, &sigf_16, &sigf_17, &sigf_18, &sigf_19, &sigf_20, &sigf_21, &sigf_22, &sigf_23, &sigf_24, &sigf_25, &sigf_26, &sigf_27, &sigf_28, &sigf_29, &sigf_30 };
#endif
